{"start_posfv":509,"start_negfv":3,"start_mayfv":1104,"num_pos_query":235,"num_z3_pos_query":235,"num_pos_verify":235,"num_z3_pos_verify":1354,"num_neg_query":264,"num_z3_neg_query":2124,"num_weakening":211,"interval":300.0,"interval_past":226.984717000003,"num_weakening_every_interval":[1,2,1,2,2,2,1,1,2,2,2,1,2,2,2,2,3,3,1,3,2,3,2,3,0,3,0,1,2,2,3,2,2,2,2,2,2,3,2,3,3,2,2,2,3,4,3,3,3,4,3,3,2,2,4,3,4,3,4,4,4,4,7,5,5,3,3,4,4,6,3,4,5,5,5,5],"run_time":22726.984717000003,"end_posfv":0,"end_negfv":0,"end_mayfv":0}