{"preds":["list_once","list_order","list_member"],"spectable":[{"name":"Nil","spec":{"treetp":"spec","args":[{"t":"tpv","tp":"IL","n":"il_0"}],"specbody":{"treetp":"ff","qv":[{"t":"tpv","tp":"I","n":"u_0"},{"t":"tpv","tp":"I","n":"u_1"}],"body":{"t":"E","f":"EIte","v":[{"t":"E","f":"EAtom","v":[{"t":"S","f":"Op","v":["B","list_member",[{"t":"S","f":"V","v":["IL","il_0"]},{"t":"S","f":"V","v":["I","u_1"]}]]}]},{"t":"E","f":"EIte","v":[{"t":"E","f":"EAtom","v":[{"t":"S","f":"Op","v":["B","==",[{"t":"S","f":"V","v":["I","u_1"]},{"t":"S","f":"V","v":["I","u_0"]}]]}]},{"t":"E","f":"EIte","v":[{"t":"E","f":"EAtom","v":[{"t":"S","f":"Op","v":["B","list_once",[{"t":"S","f":"V","v":["IL","il_0"]},{"t":"S","f":"V","v":["I","u_1"]}]]}]},{"t":"E","f":"EIte","v":[{"t":"E","f":"EAtom","v":[{"t":"S","f":"Op","v":["B","list_order",[{"t":"S","f":"V","v":["IL","il_0"]},{"t":"S","f":"V","v":["I","u_1"]},{"t":"S","f":"V","v":["I","u_0"]}]]}]},{"t":"E","f":"ETrue","v":[]},{"t":"E","f":"ENot","v":[{"t":"E","f":"ETrue","v":[]}]}]},{"t":"E","f":"EIte","v":[{"t":"E","f":"EAtom","v":[{"t":"S","f":"Op","v":["B","list_order",[{"t":"S","f":"V","v":["IL","il_0"]},{"t":"S","f":"V","v":["I","u_1"]},{"t":"S","f":"V","v":["I","u_0"]}]]}]},{"t":"E","f":"ENot","v":[{"t":"E","f":"ETrue","v":[]}]},{"t":"E","f":"ETrue","v":[]}]}]},{"t":"E","f":"ETrue","v":[]}]},{"t":"E","f":"ETrue","v":[]}]}}}},{"name":"Lazy","spec":{"treetp":"spec","args":[{"t":"tpv","tp":"IL","n":"il_0"},{"t":"tpv","tp":"IL","n":"il_1"}],"specbody":{"treetp":"ff","qv":[{"t":"tpv","tp":"I","n":"u_0"},{"t":"tpv","tp":"I","n":"u_1"}],"body":{"t":"E","f":"EIte","v":[{"t":"E","f":"EAtom","v":[{"t":"S","f":"Op","v":["B","list_member",[{"t":"S","f":"V","v":["IL","il_0"]},{"t":"S","f":"V","v":["I","u_0"]}]]}]},{"t":"E","f":"EIte","v":[{"t":"E","f":"EAtom","v":[{"t":"S","f":"Op","v":["B","list_member",[{"t":"S","f":"V","v":["IL","il_1"]},{"t":"S","f":"V","v":["I","u_1"]}]]}]},{"t":"E","f":"EIte","v":[{"t":"E","f":"EAtom","v":[{"t":"S","f":"Op","v":["B","list_member",[{"t":"S","f":"V","v":["IL","il_0"]},{"t":"S","f":"V","v":["I","u_1"]}]]}]},{"t":"E","f":"EIte","v":[{"t":"E","f":"EAtom","v":[{"t":"S","f":"Op","v":["B","list_member",[{"t":"S","f":"V","v":["IL","il_1"]},{"t":"S","f":"V","v":["I","u_0"]}]]}]},{"t":"E","f":"EIte","v":[{"t":"E","f":"EAtom","v":[{"t":"S","f":"Op","v":["B","==",[{"t":"S","f":"V","v":["I","u_1"]},{"t":"S","f":"V","v":["I","u_0"]}]]}]},{"t":"E","f":"EIte","v":[{"t":"E","f":"EAtom","v":[{"t":"S","f":"Op","v":["B","list_once",[{"t":"S","f":"V","v":["IL","il_0"]},{"t":"S","f":"V","v":["I","u_1"]}]]}]},{"t":"E","f":"EIte","v":[{"t":"E","f":"EAtom","v":[{"t":"S","f":"Op","v":["B","list_order",[{"t":"S","f":"V","v":["IL","il_0"]},{"t":"S","f":"V","v":["I","u_1"]},{"t":"S","f":"V","v":["I","u_0"]}]]}]},{"t":"E","f":"ENot","v":[{"t":"E","f":"ETrue","v":[]}]},{"t":"E","f":"EIte","v":[{"t":"E","f":"EAtom","v":[{"t":"S","f":"Op","v":["B","list_once",[{"t":"S","f":"V","v":["IL","il_1"]},{"t":"S","f":"V","v":["I","u_1"]}]]}]},{"t":"E","f":"ETrue","v":[]},{"t":"E","f":"ENot","v":[{"t":"E","f":"ETrue","v":[]}]}]}]},{"t":"E","f":"EIte","v":[{"t":"E","f":"EAtom","v":[{"t":"S","f":"Op","v":["B","list_order",[{"t":"S","f":"V","v":["IL","il_0"]},{"t":"S","f":"V","v":["I","u_1"]},{"t":"S","f":"V","v":["I","u_0"]}]]}]},{"t":"E","f":"ETrue","v":[]},{"t":"E","f":"ENot","v":[{"t":"E","f":"ETrue","v":[]}]}]}]},{"t":"E","f":"EIte","v":[{"t":"E","f":"EAtom","v":[{"t":"S","f":"Op","v":["B","list_once",[{"t":"S","f":"V","v":["IL","il_1"]},{"t":"S","f":"V","v":["I","u_1"]}]]}]},{"t":"E","f":"EIte","v":[{"t":"E","f":"EAtom","v":[{"t":"S","f":"Op","v":["B","list_order",[{"t":"S","f":"V","v":["IL","il_0"]},{"t":"S","f":"V","v":["I","u_0"]},{"t":"S","f":"V","v":["I","u_1"]}]]}]},{"t":"E","f":"ETrue","v":[]},{"t":"E","f":"EIte","v":[{"t":"E","f":"EAtom","v":[{"t":"S","f":"Op","v":["B","list_order",[{"t":"S","f":"V","v":["IL","il_0"]},{"t":"S","f":"V","v":["I","u_1"]},{"t":"S","f":"V","v":["I","u_0"]}]]}]},{"t":"E","f":"ETrue","v":[]},{"t":"E","f":"EIte","v":[{"t":"E","f":"EAtom","v":[{"t":"S","f":"Op","v":["B","list_once",[{"t":"S","f":"V","v":["IL","il_0"]},{"t":"S","f":"V","v":["I","u_1"]}]]}]},{"t":"E","f":"EIte","v":[{"t":"E","f":"EAtom","v":[{"t":"S","f":"Op","v":["B","list_once",[{"t":"S","f":"V","v":["IL","il_0"]},{"t":"S","f":"V","v":["I","u_0"]}]]}]},{"t":"E","f":"EIte","v":[{"t":"E","f":"EAtom","v":[{"t":"S","f":"Op","v":["B","list_once",[{"t":"S","f":"V","v":["IL","il_1"]},{"t":"S","f":"V","v":["I","u_0"]}]]}]},{"t":"E","f":"EIte","v":[{"t":"E","f":"EAtom","v":[{"t":"S","f":"Op","v":["B","list_order",[{"t":"S","f":"V","v":["IL","il_1"]},{"t":"S","f":"V","v":["I","u_1"]},{"t":"S","f":"V","v":["I","u_0"]}]]}]},{"t":"E","f":"EIte","v":[{"t":"E","f":"EAtom","v":[{"t":"S","f":"Op","v":["B","list_order",[{"t":"S","f":"V","v":["IL","il_1"]},{"t":"S","f":"V","v":["I","u_0"]},{"t":"S","f":"V","v":["I","u_1"]}]]}]},{"t":"E","f":"ENot","v":[{"t":"E","f":"ETrue","v":[]}]},{"t":"E","f":"ETrue","v":[]}]},{"t":"E","f":"ENot","v":[{"t":"E","f":"ETrue","v":[]}]}]},{"t":"E","f":"ETrue","v":[]}]},{"t":"E","f":"EIte","v":[{"t":"E","f":"EAtom","v":[{"t":"S","f":"Op","v":["B","list_once",[{"t":"S","f":"V","v":["IL","il_1"]},{"t":"S","f":"V","v":["I","u_0"]}]]}]},{"t":"E","f":"EIte","v":[{"t":"E","f":"EAtom","v":[{"t":"S","f":"Op","v":["B","list_order",[{"t":"S","f":"V","v":["IL","il_1"]},{"t":"S","f":"V","v":["I","u_0"]},{"t":"S","f":"V","v":["I","u_1"]}]]}]},{"t":"E","f":"ETrue","v":[]},{"t":"E","f":"ENot","v":[{"t":"E","f":"ETrue","v":[]}]}]},{"t":"E","f":"ENot","v":[{"t":"E","f":"ETrue","v":[]}]}]}]},{"t":"E","f":"EIte","v":[{"t":"E","f":"EAtom","v":[{"t":"S","f":"Op","v":["B","list_order",[{"t":"S","f":"V","v":["IL","il_1"]},{"t":"S","f":"V","v":["I","u_1"]},{"t":"S","f":"V","v":["I","u_0"]}]]}]},{"t":"E","f":"EIte","v":[{"t":"E","f":"EAtom","v":[{"t":"S","f":"Op","v":["B","list_once",[{"t":"S","f":"V","v":["IL","il_1"]},{"t":"S","f":"V","v":["I","u_0"]}]]}]},{"t":"E","f":"EIte","v":[{"t":"E","f":"EAtom","v":[{"t":"S","f":"Op","v":["B","list_once",[{"t":"S","f":"V","v":["IL","il_0"]},{"t":"S","f":"V","v":["I","u_0"]}]]}]},{"t":"E","f":"ENot","v":[{"t":"E","f":"ETrue","v":[]}]},{"t":"E","f":"ETrue","v":[]}]},{"t":"E","f":"ETrue","v":[]}]},{"t":"E","f":"ETrue","v":[]}]}]}]}]},{"t":"E","f":"ETrue","v":[]}]}]},{"t":"E","f":"ETrue","v":[]}]},{"t":"E","f":"ETrue","v":[]}]},{"t":"E","f":"EIte","v":[{"t":"E","f":"EAtom","v":[{"t":"S","f":"Op","v":["B","list_member",[{"t":"S","f":"V","v":["IL","il_1"]},{"t":"S","f":"V","v":["I","u_0"]}]]}]},{"t":"E","f":"EIte","v":[{"t":"E","f":"EAtom","v":[{"t":"S","f":"Op","v":["B","list_once",[{"t":"S","f":"V","v":["IL","il_1"]},{"t":"S","f":"V","v":["I","u_1"]}]]}]},{"t":"E","f":"ETrue","v":[]},{"t":"E","f":"EIte","v":[{"t":"E","f":"EAtom","v":[{"t":"S","f":"Op","v":["B","list_member",[{"t":"S","f":"V","v":["IL","il_0"]},{"t":"S","f":"V","v":["I","u_1"]}]]}]},{"t":"E","f":"ETrue","v":[]},{"t":"E","f":"EIte","v":[{"t":"E","f":"EAtom","v":[{"t":"S","f":"Op","v":["B","list_once",[{"t":"S","f":"V","v":["IL","il_0"]},{"t":"S","f":"V","v":["I","u_1"]}]]}]},{"t":"E","f":"ETrue","v":[]},{"t":"E","f":"EIte","v":[{"t":"E","f":"EAtom","v":[{"t":"S","f":"Op","v":["B","list_once",[{"t":"S","f":"V","v":["IL","il_0"]},{"t":"S","f":"V","v":["I","u_0"]}]]}]},{"t":"E","f":"EIte","v":[{"t":"E","f":"EAtom","v":[{"t":"S","f":"Op","v":["B","list_once",[{"t":"S","f":"V","v":["IL","il_1"]},{"t":"S","f":"V","v":["I","u_0"]}]]}]},{"t":"E","f":"EIte","v":[{"t":"E","f":"EAtom","v":[{"t":"S","f":"Op","v":["B","list_order",[{"t":"S","f":"V","v":["IL","il_1"]},{"t":"S","f":"V","v":["I","u_0"]},{"t":"S","f":"V","v":["I","u_1"]}]]}]},{"t":"E","f":"EIte","v":[{"t":"E","f":"EAtom","v":[{"t":"S","f":"Op","v":["B","list_order",[{"t":"S","f":"V","v":["IL","il_0"]},{"t":"S","f":"V","v":["I","u_1"]},{"t":"S","f":"V","v":["I","u_0"]}]]}]},{"t":"E","f":"ENot","v":[{"t":"E","f":"ETrue","v":[]}]},{"t":"E","f":"EIte","v":[{"t":"E","f":"EAtom","v":[{"t":"S","f":"Op","v":["B","list_order",[{"t":"S","f":"V","v":["IL","il_0"]},{"t":"S","f":"V","v":["I","u_0"]},{"t":"S","f":"V","v":["I","u_1"]}]]}]},{"t":"E","f":"ENot","v":[{"t":"E","f":"ETrue","v":[]}]},{"t":"E","f":"ETrue","v":[]}]}]},{"t":"E","f":"EIte","v":[{"t":"E","f":"EAtom","v":[{"t":"S","f":"Op","v":["B","list_order",[{"t":"S","f":"V","v":["IL","il_0"]},{"t":"S","f":"V","v":["I","u_1"]},{"t":"S","f":"V","v":["I","u_0"]}]]}]},{"t":"E","f":"EIte","v":[{"t":"E","f":"EAtom","v":[{"t":"S","f":"Op","v":["B","list_order",[{"t":"S","f":"V","v":["IL","il_0"]},{"t":"S","f":"V","v":["I","u_0"]},{"t":"S","f":"V","v":["I","u_1"]}]]}]},{"t":"E","f":"ETrue","v":[]},{"t":"E","f":"EIte","v":[{"t":"E","f":"EAtom","v":[{"t":"S","f":"Op","v":["B","list_order",[{"t":"S","f":"V","v":["IL","il_1"]},{"t":"S","f":"V","v":["I","u_1"]},{"t":"S","f":"V","v":["I","u_0"]}]]}]},{"t":"E","f":"ETrue","v":[]},{"t":"E","f":"ENot","v":[{"t":"E","f":"ETrue","v":[]}]}]}]},{"t":"E","f":"EIte","v":[{"t":"E","f":"EAtom","v":[{"t":"S","f":"Op","v":["B","list_order",[{"t":"S","f":"V","v":["IL","il_0"]},{"t":"S","f":"V","v":["I","u_0"]},{"t":"S","f":"V","v":["I","u_1"]}]]}]},{"t":"E","f":"ENot","v":[{"t":"E","f":"ETrue","v":[]}]},{"t":"E","f":"ETrue","v":[]}]}]}]},{"t":"E","f":"ETrue","v":[]}]},{"t":"E","f":"EIte","v":[{"t":"E","f":"EAtom","v":[{"t":"S","f":"Op","v":["B","list_order",[{"t":"S","f":"V","v":["IL","il_0"]},{"t":"S","f":"V","v":["I","u_0"]},{"t":"S","f":"V","v":["I","u_1"]}]]}]},{"t":"E","f":"EIte","v":[{"t":"E","f":"EAtom","v":[{"t":"S","f":"Op","v":["B","list_order",[{"t":"S","f":"V","v":["IL","il_1"]},{"t":"S","f":"V","v":["I","u_0"]},{"t":"S","f":"V","v":["I","u_1"]}]]}]},{"t":"E","f":"ENot","v":[{"t":"E","f":"ETrue","v":[]}]},{"t":"E","f":"EIte","v":[{"t":"E","f":"EAtom","v":[{"t":"S","f":"Op","v":["B","list_once",[{"t":"S","f":"V","v":["IL","il_1"]},{"t":"S","f":"V","v":["I","u_0"]}]]}]},{"t":"E","f":"EIte","v":[{"t":"E","f":"EAtom","v":[{"t":"S","f":"Op","v":["B","list_order",[{"t":"S","f":"V","v":["IL","il_0"]},{"t":"S","f":"V","v":["I","u_1"]},{"t":"S","f":"V","v":["I","u_0"]}]]}]},{"t":"E","f":"ENot","v":[{"t":"E","f":"ETrue","v":[]}]},{"t":"E","f":"ETrue","v":[]}]},{"t":"E","f":"EIte","v":[{"t":"E","f":"EAtom","v":[{"t":"S","f":"Op","v":["B","list_order",[{"t":"S","f":"V","v":["IL","il_0"]},{"t":"S","f":"V","v":["I","u_1"]},{"t":"S","f":"V","v":["I","u_0"]}]]}]},{"t":"E","f":"ETrue","v":[]},{"t":"E","f":"EIte","v":[{"t":"E","f":"EAtom","v":[{"t":"S","f":"Op","v":["B","list_order",[{"t":"S","f":"V","v":["IL","il_1"]},{"t":"S","f":"V","v":["I","u_1"]},{"t":"S","f":"V","v":["I","u_0"]}]]}]},{"t":"E","f":"ENot","v":[{"t":"E","f":"ETrue","v":[]}]},{"t":"E","f":"ETrue","v":[]}]}]}]}]},{"t":"E","f":"EIte","v":[{"t":"E","f":"EAtom","v":[{"t":"S","f":"Op","v":["B","list_order",[{"t":"S","f":"V","v":["IL","il_0"]},{"t":"S","f":"V","v":["I","u_1"]},{"t":"S","f":"V","v":["I","u_0"]}]]}]},{"t":"E","f":"EIte","v":[{"t":"E","f":"EAtom","v":[{"t":"S","f":"Op","v":["B","list_once",[{"t":"S","f":"V","v":["IL","il_1"]},{"t":"S","f":"V","v":["I","u_0"]}]]}]},{"t":"E","f":"EIte","v":[{"t":"E","f":"EAtom","v":[{"t":"S","f":"Op","v":["B","list_order",[{"t":"S","f":"V","v":["IL","il_1"]},{"t":"S","f":"V","v":["I","u_1"]},{"t":"S","f":"V","v":["I","u_0"]}]]}]},{"t":"E","f":"ENot","v":[{"t":"E","f":"ETrue","v":[]}]},{"t":"E","f":"ETrue","v":[]}]},{"t":"E","f":"EIte","v":[{"t":"E","f":"EAtom","v":[{"t":"S","f":"Op","v":["B","list_order",[{"t":"S","f":"V","v":["IL","il_1"]},{"t":"S","f":"V","v":["I","u_1"]},{"t":"S","f":"V","v":["I","u_0"]}]]}]},{"t":"E","f":"EIte","v":[{"t":"E","f":"EAtom","v":[{"t":"S","f":"Op","v":["B","list_order",[{"t":"S","f":"V","v":["IL","il_1"]},{"t":"S","f":"V","v":["I","u_0"]},{"t":"S","f":"V","v":["I","u_1"]}]]}]},{"t":"E","f":"ETrue","v":[]},{"t":"E","f":"ENot","v":[{"t":"E","f":"ETrue","v":[]}]}]},{"t":"E","f":"ENot","v":[{"t":"E","f":"ETrue","v":[]}]}]}]},{"t":"E","f":"ETrue","v":[]}]}]}]}]}]}]},{"t":"E","f":"EIte","v":[{"t":"E","f":"EAtom","v":[{"t":"S","f":"Op","v":["B","==",[{"t":"S","f":"V","v":["I","u_1"]},{"t":"S","f":"V","v":["I","u_0"]}]]}]},{"t":"E","f":"ENot","v":[{"t":"E","f":"ETrue","v":[]}]},{"t":"E","f":"ETrue","v":[]}]}]}]},{"t":"E","f":"EIte","v":[{"t":"E","f":"EAtom","v":[{"t":"S","f":"Op","v":["B","list_order",[{"t":"S","f":"V","v":["IL","il_0"]},{"t":"S","f":"V","v":["I","u_1"]},{"t":"S","f":"V","v":["I","u_0"]}]]}]},{"t":"E","f":"EIte","v":[{"t":"E","f":"EAtom","v":[{"t":"S","f":"Op","v":["B","list_once",[{"t":"S","f":"V","v":["IL","il_1"]},{"t":"S","f":"V","v":["I","u_0"]}]]}]},{"t":"E","f":"EIte","v":[{"t":"E","f":"EAtom","v":[{"t":"S","f":"Op","v":["B","==",[{"t":"S","f":"V","v":["I","u_1"]},{"t":"S","f":"V","v":["I","u_0"]}]]}]},{"t":"E","f":"ENot","v":[{"t":"E","f":"ETrue","v":[]}]},{"t":"E","f":"ETrue","v":[]}]},{"t":"E","f":"EIte","v":[{"t":"E","f":"EAtom","v":[{"t":"S","f":"Op","v":["B","list_member",[{"t":"S","f":"V","v":["IL","il_0"]},{"t":"S","f":"V","v":["I","u_1"]}]]}]},{"t":"E","f":"EIte","v":[{"t":"E","f":"EAtom","v":[{"t":"S","f":"Op","v":["B","list_order",[{"t":"S","f":"V","v":["IL","il_1"]},{"t":"S","f":"V","v":["I","u_1"]},{"t":"S","f":"V","v":["I","u_0"]}]]}]},{"t":"E","f":"ETrue","v":[]},{"t":"E","f":"EIte","v":[{"t":"E","f":"EAtom","v":[{"t":"S","f":"Op","v":["B","list_member",[{"t":"S","f":"V","v":["IL","il_1"]},{"t":"S","f":"V","v":["I","u_1"]}]]}]},{"t":"E","f":"EIte","v":[{"t":"E","f":"EAtom","v":[{"t":"S","f":"Op","v":["B","list_member",[{"t":"S","f":"V","v":["IL","il_1"]},{"t":"S","f":"V","v":["I","u_0"]}]]}]},{"t":"E","f":"ETrue","v":[]},{"t":"E","f":"EIte","v":[{"t":"E","f":"EAtom","v":[{"t":"S","f":"Op","v":["B","list_once",[{"t":"S","f":"V","v":["IL","il_0"]},{"t":"S","f":"V","v":["I","u_0"]}]]}]},{"t":"E","f":"ETrue","v":[]},{"t":"E","f":"EIte","v":[{"t":"E","f":"EAtom","v":[{"t":"S","f":"Op","v":["B","list_once",[{"t":"S","f":"V","v":["IL","il_0"]},{"t":"S","f":"V","v":["I","u_1"]}]]}]},{"t":"E","f":"EIte","v":[{"t":"E","f":"EAtom","v":[{"t":"S","f":"Op","v":["B","list_order",[{"t":"S","f":"V","v":["IL","il_0"]},{"t":"S","f":"V","v":["I","u_0"]},{"t":"S","f":"V","v":["I","u_1"]}]]}]},{"t":"E","f":"EIte","v":[{"t":"E","f":"EAtom","v":[{"t":"S","f":"Op","v":["B","list_once",[{"t":"S","f":"V","v":["IL","il_1"]},{"t":"S","f":"V","v":["I","u_1"]}]]}]},{"t":"E","f":"ENot","v":[{"t":"E","f":"ETrue","v":[]}]},{"t":"E","f":"ETrue","v":[]}]},{"t":"E","f":"ETrue","v":[]}]},{"t":"E","f":"EIte","v":[{"t":"E","f":"EAtom","v":[{"t":"S","f":"Op","v":["B","list_order",[{"t":"S","f":"V","v":["IL","il_0"]},{"t":"S","f":"V","v":["I","u_0"]},{"t":"S","f":"V","v":["I","u_1"]}]]}]},{"t":"E","f":"EIte","v":[{"t":"E","f":"EAtom","v":[{"t":"S","f":"Op","v":["B","list_once",[{"t":"S","f":"V","v":["IL","il_1"]},{"t":"S","f":"V","v":["I","u_1"]}]]}]},{"t":"E","f":"ETrue","v":[]},{"t":"E","f":"ENot","v":[{"t":"E","f":"ETrue","v":[]}]}]},{"t":"E","f":"EIte","v":[{"t":"E","f":"EAtom","v":[{"t":"S","f":"Op","v":["B","list_once",[{"t":"S","f":"V","v":["IL","il_1"]},{"t":"S","f":"V","v":["I","u_1"]}]]}]},{"t":"E","f":"ENot","v":[{"t":"E","f":"ETrue","v":[]}]},{"t":"E","f":"EIte","v":[{"t":"E","f":"EAtom","v":[{"t":"S","f":"Op","v":["B","list_order",[{"t":"S","f":"V","v":["IL","il_1"]},{"t":"S","f":"V","v":["I","u_0"]},{"t":"S","f":"V","v":["I","u_1"]}]]}]},{"t":"E","f":"ETrue","v":[]},{"t":"E","f":"ENot","v":[{"t":"E","f":"ETrue","v":[]}]}]}]}]}]}]}]},{"t":"E","f":"ETrue","v":[]}]}]},{"t":"E","f":"EIte","v":[{"t":"E","f":"EAtom","v":[{"t":"S","f":"Op","v":["B","==",[{"t":"S","f":"V","v":["I","u_1"]},{"t":"S","f":"V","v":["I","u_0"]}]]}]},{"t":"E","f":"ENot","v":[{"t":"E","f":"ETrue","v":[]}]},{"t":"E","f":"ETrue","v":[]}]}]}]},{"t":"E","f":"EIte","v":[{"t":"E","f":"EAtom","v":[{"t":"S","f":"Op","v":["B","==",[{"t":"S","f":"V","v":["I","u_1"]},{"t":"S","f":"V","v":["I","u_0"]}]]}]},{"t":"E","f":"EIte","v":[{"t":"E","f":"EAtom","v":[{"t":"S","f":"Op","v":["B","list_once",[{"t":"S","f":"V","v":["IL","il_0"]},{"t":"S","f":"V","v":["I","u_1"]}]]}]},{"t":"E","f":"ENot","v":[{"t":"E","f":"ETrue","v":[]}]},{"t":"E","f":"EIte","v":[{"t":"E","f":"EAtom","v":[{"t":"S","f":"Op","v":["B","list_once",[{"t":"S","f":"V","v":["IL","il_1"]},{"t":"S","f":"V","v":["I","u_1"]}]]}]},{"t":"E","f":"ENot","v":[{"t":"E","f":"ETrue","v":[]}]},{"t":"E","f":"EIte","v":[{"t":"E","f":"EAtom","v":[{"t":"S","f":"Op","v":["B","list_member",[{"t":"S","f":"V","v":["IL","il_1"]},{"t":"S","f":"V","v":["I","u_1"]}]]}]},{"t":"E","f":"ENot","v":[{"t":"E","f":"ETrue","v":[]}]},{"t":"E","f":"ETrue","v":[]}]}]}]},{"t":"E","f":"EIte","v":[{"t":"E","f":"EAtom","v":[{"t":"S","f":"Op","v":["B","list_order",[{"t":"S","f":"V","v":["IL","il_0"]},{"t":"S","f":"V","v":["I","u_0"]},{"t":"S","f":"V","v":["I","u_1"]}]]}]},{"t":"E","f":"EIte","v":[{"t":"E","f":"EAtom","v":[{"t":"S","f":"Op","v":["B","list_member",[{"t":"S","f":"V","v":["IL","il_1"]},{"t":"S","f":"V","v":["I","u_1"]}]]}]},{"t":"E","f":"EIte","v":[{"t":"E","f":"EAtom","v":[{"t":"S","f":"Op","v":["B","list_once",[{"t":"S","f":"V","v":["IL","il_1"]},{"t":"S","f":"V","v":["I","u_0"]}]]}]},{"t":"E","f":"ETrue","v":[]},{"t":"E","f":"EIte","v":[{"t":"E","f":"EAtom","v":[{"t":"S","f":"Op","v":["B","list_once",[{"t":"S","f":"V","v":["IL","il_0"]},{"t":"S","f":"V","v":["I","u_0"]}]]}]},{"t":"E","f":"ETrue","v":[]},{"t":"E","f":"EIte","v":[{"t":"E","f":"EAtom","v":[{"t":"S","f":"Op","v":["B","list_member",[{"t":"S","f":"V","v":["IL","il_0"]},{"t":"S","f":"V","v":["I","u_1"]}]]}]},{"t":"E","f":"EIte","v":[{"t":"E","f":"EAtom","v":[{"t":"S","f":"Op","v":["B","list_member",[{"t":"S","f":"V","v":["IL","il_1"]},{"t":"S","f":"V","v":["I","u_0"]}]]}]},{"t":"E","f":"ETrue","v":[]},{"t":"E","f":"EIte","v":[{"t":"E","f":"EAtom","v":[{"t":"S","f":"Op","v":["B","list_order",[{"t":"S","f":"V","v":["IL","il_1"]},{"t":"S","f":"V","v":["I","u_1"]},{"t":"S","f":"V","v":["I","u_0"]}]]}]},{"t":"E","f":"EIte","v":[{"t":"E","f":"EAtom","v":[{"t":"S","f":"Op","v":["B","list_once",[{"t":"S","f":"V","v":["IL","il_0"]},{"t":"S","f":"V","v":["I","u_1"]}]]}]},{"t":"E","f":"ETrue","v":[]},{"t":"E","f":"EIte","v":[{"t":"E","f":"EAtom","v":[{"t":"S","f":"Op","v":["B","list_once",[{"t":"S","f":"V","v":["IL","il_1"]},{"t":"S","f":"V","v":["I","u_1"]}]]}]},{"t":"E","f":"EIte","v":[{"t":"E","f":"EAtom","v":[{"t":"S","f":"Op","v":["B","list_order",[{"t":"S","f":"V","v":["IL","il_1"]},{"t":"S","f":"V","v":["I","u_0"]},{"t":"S","f":"V","v":["I","u_1"]}]]}]},{"t":"E","f":"ETrue","v":[]},{"t":"E","f":"ENot","v":[{"t":"E","f":"ETrue","v":[]}]}]},{"t":"E","f":"EIte","v":[{"t":"E","f":"EAtom","v":[{"t":"S","f":"Op","v":["B","list_order",[{"t":"S","f":"V","v":["IL","il_1"]},{"t":"S","f":"V","v":["I","u_0"]},{"t":"S","f":"V","v":["I","u_1"]}]]}]},{"t":"E","f":"ENot","v":[{"t":"E","f":"ETrue","v":[]}]},{"t":"E","f":"ETrue","v":[]}]}]}]},{"t":"E","f":"EIte","v":[{"t":"E","f":"EAtom","v":[{"t":"S","f":"Op","v":["B","list_once",[{"t":"S","f":"V","v":["IL","il_1"]},{"t":"S","f":"V","v":["I","u_1"]}]]}]},{"t":"E","f":"EIte","v":[{"t":"E","f":"EAtom","v":[{"t":"S","f":"Op","v":["B","list_once",[{"t":"S","f":"V","v":["IL","il_0"]},{"t":"S","f":"V","v":["I","u_1"]}]]}]},{"t":"E","f":"EIte","v":[{"t":"E","f":"EAtom","v":[{"t":"S","f":"Op","v":["B","list_order",[{"t":"S","f":"V","v":["IL","il_1"]},{"t":"S","f":"V","v":["I","u_0"]},{"t":"S","f":"V","v":["I","u_1"]}]]}]},{"t":"E","f":"ENot","v":[{"t":"E","f":"ETrue","v":[]}]},{"t":"E","f":"ETrue","v":[]}]},{"t":"E","f":"EIte","v":[{"t":"E","f":"EAtom","v":[{"t":"S","f":"Op","v":["B","list_order",[{"t":"S","f":"V","v":["IL","il_1"]},{"t":"S","f":"V","v":["I","u_0"]},{"t":"S","f":"V","v":["I","u_1"]}]]}]},{"t":"E","f":"ETrue","v":[]},{"t":"E","f":"ENot","v":[{"t":"E","f":"ETrue","v":[]}]}]}]},{"t":"E","f":"ETrue","v":[]}]}]}]},{"t":"E","f":"ETrue","v":[]}]}]}]},{"t":"E","f":"ETrue","v":[]}]},{"t":"E","f":"ETrue","v":[]}]}]}]}]}}}},{"name":"Force","spec":{"treetp":"spec","args":[{"t":"tpv","tp":"IL","n":"il_0"},{"t":"tpv","tp":"IL","n":"il_1"}],"specbody":{"treetp":"ff","qv":[{"t":"tpv","tp":"I","n":"u_0"},{"t":"tpv","tp":"I","n":"u_1"}],"body":{"t":"E","f":"EIte","v":[{"t":"E","f":"EAtom","v":[{"t":"S","f":"Op","v":["B","==",[{"t":"S","f":"V","v":["I","u_1"]},{"t":"S","f":"V","v":["I","u_0"]}]]}]},{"t":"E","f":"EIte","v":[{"t":"E","f":"EAtom","v":[{"t":"S","f":"Op","v":["B","list_member",[{"t":"S","f":"V","v":["IL","il_0"]},{"t":"S","f":"V","v":["I","u_1"]}]]}]},{"t":"E","f":"EIte","v":[{"t":"E","f":"EAtom","v":[{"t":"S","f":"Op","v":["B","list_member",[{"t":"S","f":"V","v":["IL","il_1"]},{"t":"S","f":"V","v":["I","u_1"]}]]}]},{"t":"E","f":"ETrue","v":[]},{"t":"E","f":"EIte","v":[{"t":"E","f":"EAtom","v":[{"t":"S","f":"Op","v":["B","list_once",[{"t":"S","f":"V","v":["IL","il_1"]},{"t":"S","f":"V","v":["I","u_1"]}]]}]},{"t":"E","f":"ETrue","v":[]},{"t":"E","f":"EIte","v":[{"t":"E","f":"EAtom","v":[{"t":"S","f":"Op","v":["B","list_order",[{"t":"S","f":"V","v":["IL","il_1"]},{"t":"S","f":"V","v":["I","u_1"]},{"t":"S","f":"V","v":["I","u_0"]}]]}]},{"t":"E","f":"ETrue","v":[]},{"t":"E","f":"ENot","v":[{"t":"E","f":"ETrue","v":[]}]}]}]}]},{"t":"E","f":"EIte","v":[{"t":"E","f":"EAtom","v":[{"t":"S","f":"Op","v":["B","list_member",[{"t":"S","f":"V","v":["IL","il_1"]},{"t":"S","f":"V","v":["I","u_1"]}]]}]},{"t":"E","f":"EIte","v":[{"t":"E","f":"EAtom","v":[{"t":"S","f":"Op","v":["B","list_order",[{"t":"S","f":"V","v":["IL","il_1"]},{"t":"S","f":"V","v":["I","u_1"]},{"t":"S","f":"V","v":["I","u_0"]}]]}]},{"t":"E","f":"EIte","v":[{"t":"E","f":"EAtom","v":[{"t":"S","f":"Op","v":["B","list_once",[{"t":"S","f":"V","v":["IL","il_1"]},{"t":"S","f":"V","v":["I","u_1"]}]]}]},{"t":"E","f":"ETrue","v":[]},{"t":"E","f":"ENot","v":[{"t":"E","f":"ETrue","v":[]}]}]},{"t":"E","f":"EIte","v":[{"t":"E","f":"EAtom","v":[{"t":"S","f":"Op","v":["B","list_once",[{"t":"S","f":"V","v":["IL","il_1"]},{"t":"S","f":"V","v":["I","u_1"]}]]}]},{"t":"E","f":"ENot","v":[{"t":"E","f":"ETrue","v":[]}]},{"t":"E","f":"ETrue","v":[]}]}]},{"t":"E","f":"ETrue","v":[]}]}]},{"t":"E","f":"ETrue","v":[]}]}}}},{"name":"Cons","spec":{"treetp":"spec","args":[{"t":"tpv","tp":"I","n":"i_0"},{"t":"tpv","tp":"IL","n":"il_0"},{"t":"tpv","tp":"IL","n":"il_1"}],"specbody":{"treetp":"ff","qv":[{"t":"tpv","tp":"I","n":"u_0"},{"t":"tpv","tp":"I","n":"u_1"}],"body":{"t":"E","f":"EIte","v":[{"t":"E","f":"EAtom","v":[{"t":"S","f":"Op","v":["B","==",[{"t":"S","f":"V","v":["I","u_1"]},{"t":"S","f":"V","v":["I","u_0"]}]]}]},{"t":"E","f":"EIte","v":[{"t":"E","f":"EAtom","v":[{"t":"S","f":"Op","v":["B","list_once",[{"t":"S","f":"V","v":["IL","il_1"]},{"t":"S","f":"V","v":["I","u_1"]}]]}]},{"t":"E","f":"EIte","v":[{"t":"E","f":"EAtom","v":[{"t":"S","f":"Op","v":["B","list_member",[{"t":"S","f":"V","v":["IL","il_1"]},{"t":"S","f":"V","v":["I","u_1"]}]]}]},{"t":"E","f":"EIte","v":[{"t":"E","f":"EAtom","v":[{"t":"S","f":"Op","v":["B","list_order",[{"t":"S","f":"V","v":["IL","il_1"]},{"t":"S","f":"V","v":["I","u_1"]},{"t":"S","f":"V","v":["I","u_0"]}]]}]},{"t":"E","f":"ETrue","v":[]},{"t":"E","f":"EIte","v":[{"t":"E","f":"EAtom","v":[{"t":"S","f":"Op","v":["B","==",[{"t":"S","f":"V","v":["I","u_1"]},{"t":"S","f":"V","v":["I","i_0"]}]]}]},{"t":"E","f":"EIte","v":[{"t":"E","f":"EAtom","v":[{"t":"S","f":"Op","v":["B","list_once",[{"t":"S","f":"V","v":["IL","il_0"]},{"t":"S","f":"V","v":["I","u_1"]}]]}]},{"t":"E","f":"EIte","v":[{"t":"E","f":"EAtom","v":[{"t":"S","f":"Op","v":["B","list_member",[{"t":"S","f":"V","v":["IL","il_0"]},{"t":"S","f":"V","v":["I","u_1"]}]]}]},{"t":"E","f":"ETrue","v":[]},{"t":"E","f":"ENot","v":[{"t":"E","f":"ETrue","v":[]}]}]},{"t":"E","f":"EIte","v":[{"t":"E","f":"EAtom","v":[{"t":"S","f":"Op","v":["B","list_member",[{"t":"S","f":"V","v":["IL","il_0"]},{"t":"S","f":"V","v":["I","u_1"]}]]}]},{"t":"E","f":"ENot","v":[{"t":"E","f":"ETrue","v":[]}]},{"t":"E","f":"ETrue","v":[]}]}]},{"t":"E","f":"EIte","v":[{"t":"E","f":"EAtom","v":[{"t":"S","f":"Op","v":["B","list_once",[{"t":"S","f":"V","v":["IL","il_0"]},{"t":"S","f":"V","v":["I","u_1"]}]]}]},{"t":"E","f":"ETrue","v":[]},{"t":"E","f":"EIte","v":[{"t":"E","f":"EAtom","v":[{"t":"S","f":"Op","v":["B","list_member",[{"t":"S","f":"V","v":["IL","il_0"]},{"t":"S","f":"V","v":["I","u_1"]}]]}]},{"t":"E","f":"ETrue","v":[]},{"t":"E","f":"ENot","v":[{"t":"E","f":"ETrue","v":[]}]}]}]}]}]},{"t":"E","f":"ETrue","v":[]}]},{"t":"E","f":"EIte","v":[{"t":"E","f":"EAtom","v":[{"t":"S","f":"Op","v":["B","list_once",[{"t":"S","f":"V","v":["IL","il_0"]},{"t":"S","f":"V","v":["I","u_1"]}]]}]},{"t":"E","f":"EIte","v":[{"t":"E","f":"EAtom","v":[{"t":"S","f":"Op","v":["B","list_member",[{"t":"S","f":"V","v":["IL","il_1"]},{"t":"S","f":"V","v":["I","u_1"]}]]}]},{"t":"E","f":"EIte","v":[{"t":"E","f":"EAtom","v":[{"t":"S","f":"Op","v":["B","list_order",[{"t":"S","f":"V","v":["IL","il_1"]},{"t":"S","f":"V","v":["I","u_1"]},{"t":"S","f":"V","v":["I","u_0"]}]]}]},{"t":"E","f":"EIte","v":[{"t":"E","f":"EAtom","v":[{"t":"S","f":"Op","v":["B","list_member",[{"t":"S","f":"V","v":["IL","il_0"]},{"t":"S","f":"V","v":["I","u_1"]}]]}]},{"t":"E","f":"EIte","v":[{"t":"E","f":"EAtom","v":[{"t":"S","f":"Op","v":["B","==",[{"t":"S","f":"V","v":["I","u_1"]},{"t":"S","f":"V","v":["I","i_0"]}]]}]},{"t":"E","f":"ETrue","v":[]},{"t":"E","f":"ENot","v":[{"t":"E","f":"ETrue","v":[]}]}]},{"t":"E","f":"ENot","v":[{"t":"E","f":"ETrue","v":[]}]}]},{"t":"E","f":"ETrue","v":[]}]},{"t":"E","f":"EIte","v":[{"t":"E","f":"EAtom","v":[{"t":"S","f":"Op","v":["B","list_order",[{"t":"S","f":"V","v":["IL","il_1"]},{"t":"S","f":"V","v":["I","u_1"]},{"t":"S","f":"V","v":["I","u_0"]}]]}]},{"t":"E","f":"ETrue","v":[]},{"t":"E","f":"ENot","v":[{"t":"E","f":"ETrue","v":[]}]}]}]},{"t":"E","f":"EIte","v":[{"t":"E","f":"EAtom","v":[{"t":"S","f":"Op","v":["B","list_order",[{"t":"S","f":"V","v":["IL","il_1"]},{"t":"S","f":"V","v":["I","u_1"]},{"t":"S","f":"V","v":["I","u_0"]}]]}]},{"t":"E","f":"EIte","v":[{"t":"E","f":"EAtom","v":[{"t":"S","f":"Op","v":["B","list_member",[{"t":"S","f":"V","v":["IL","il_0"]},{"t":"S","f":"V","v":["I","u_1"]}]]}]},{"t":"E","f":"ETrue","v":[]},{"t":"E","f":"EIte","v":[{"t":"E","f":"EAtom","v":[{"t":"S","f":"Op","v":["B","list_member",[{"t":"S","f":"V","v":["IL","il_1"]},{"t":"S","f":"V","v":["I","u_1"]}]]}]},{"t":"E","f":"ENot","v":[{"t":"E","f":"ETrue","v":[]}]},{"t":"E","f":"ETrue","v":[]}]}]},{"t":"E","f":"EIte","v":[{"t":"E","f":"EAtom","v":[{"t":"S","f":"Op","v":["B","list_member",[{"t":"S","f":"V","v":["IL","il_1"]},{"t":"S","f":"V","v":["I","u_1"]}]]}]},{"t":"E","f":"ETrue","v":[]},{"t":"E","f":"EIte","v":[{"t":"E","f":"EAtom","v":[{"t":"S","f":"Op","v":["B","==",[{"t":"S","f":"V","v":["I","u_1"]},{"t":"S","f":"V","v":["I","i_0"]}]]}]},{"t":"E","f":"ENot","v":[{"t":"E","f":"ETrue","v":[]}]},{"t":"E","f":"ETrue","v":[]}]}]}]}]}]},{"t":"E","f":"EIte","v":[{"t":"E","f":"EAtom","v":[{"t":"S","f":"Op","v":["B","==",[{"t":"S","f":"V","v":["I","u_0"]},{"t":"S","f":"V","v":["I","i_0"]}]]}]},{"t":"E","f":"EIte","v":[{"t":"E","f":"EAtom","v":[{"t":"S","f":"Op","v":["B","list_once",[{"t":"S","f":"V","v":["IL","il_0"]},{"t":"S","f":"V","v":["I","u_1"]}]]}]},{"t":"E","f":"EIte","v":[{"t":"E","f":"EAtom","v":[{"t":"S","f":"Op","v":["B","list_member",[{"t":"S","f":"V","v":["IL","il_1"]},{"t":"S","f":"V","v":["I","u_1"]}]]}]},{"t":"E","f":"EIte","v":[{"t":"E","f":"EAtom","v":[{"t":"S","f":"Op","v":["B","list_once",[{"t":"S","f":"V","v":["IL","il_1"]},{"t":"S","f":"V","v":["I","u_1"]}]]}]},{"t":"E","f":"EIte","v":[{"t":"E","f":"EAtom","v":[{"t":"S","f":"Op","v":["B","list_member",[{"t":"S","f":"V","v":["IL","il_1"]},{"t":"S","f":"V","v":["I","u_0"]}]]}]},{"t":"E","f":"EIte","v":[{"t":"E","f":"EAtom","v":[{"t":"S","f":"Op","v":["B","list_member",[{"t":"S","f":"V","v":["IL","il_0"]},{"t":"S","f":"V","v":["I","u_0"]}]]}]},{"t":"E","f":"EIte","v":[{"t":"E","f":"EAtom","v":[{"t":"S","f":"Op","v":["B","list_member",[{"t":"S","f":"V","v":["IL","il_0"]},{"t":"S","f":"V","v":["I","u_1"]}]]}]},{"t":"E","f":"ETrue","v":[]},{"t":"E","f":"EIte","v":[{"t":"E","f":"EAtom","v":[{"t":"S","f":"Op","v":["B","list_order",[{"t":"S","f":"V","v":["IL","il_1"]},{"t":"S","f":"V","v":["I","u_0"]},{"t":"S","f":"V","v":["I","u_1"]}]]}]},{"t":"E","f":"EIte","v":[{"t":"E","f":"EAtom","v":[{"t":"S","f":"Op","v":["B","list_once",[{"t":"S","f":"V","v":["IL","il_1"]},{"t":"S","f":"V","v":["I","u_0"]}]]}]},{"t":"E","f":"EIte","v":[{"t":"E","f":"EAtom","v":[{"t":"S","f":"Op","v":["B","list_once",[{"t":"S","f":"V","v":["IL","il_0"]},{"t":"S","f":"V","v":["I","u_0"]}]]}]},{"t":"E","f":"ENot","v":[{"t":"E","f":"ETrue","v":[]}]},{"t":"E","f":"ETrue","v":[]}]},{"t":"E","f":"ENot","v":[{"t":"E","f":"ETrue","v":[]}]}]},{"t":"E","f":"EIte","v":[{"t":"E","f":"EAtom","v":[{"t":"S","f":"Op","v":["B","list_order",[{"t":"S","f":"V","v":["IL","il_0"]},{"t":"S","f":"V","v":["I","u_1"]},{"t":"S","f":"V","v":["I","u_0"]}]]}]},{"t":"E","f":"EIte","v":[{"t":"E","f":"EAtom","v":[{"t":"S","f":"Op","v":["B","list_once",[{"t":"S","f":"V","v":["IL","il_0"]},{"t":"S","f":"V","v":["I","u_0"]}]]}]},{"t":"E","f":"EIte","v":[{"t":"E","f":"EAtom","v":[{"t":"S","f":"Op","v":["B","list_order",[{"t":"S","f":"V","v":["IL","il_1"]},{"t":"S","f":"V","v":["I","u_1"]},{"t":"S","f":"V","v":["I","u_0"]}]]}]},{"t":"E","f":"ENot","v":[{"t":"E","f":"ETrue","v":[]}]},{"t":"E","f":"ETrue","v":[]}]},{"t":"E","f":"ETrue","v":[]}]},{"t":"E","f":"ETrue","v":[]}]}]}]},{"t":"E","f":"EIte","v":[{"t":"E","f":"EAtom","v":[{"t":"S","f":"Op","v":["B","list_once",[{"t":"S","f":"V","v":["IL","il_1"]},{"t":"S","f":"V","v":["I","u_0"]}]]}]},{"t":"E","f":"EIte","v":[{"t":"E","f":"EAtom","v":[{"t":"S","f":"Op","v":["B","list_once",[{"t":"S","f":"V","v":["IL","il_0"]},{"t":"S","f":"V","v":["I","u_0"]}]]}]},{"t":"E","f":"ETrue","v":[]},{"t":"E","f":"EIte","v":[{"t":"E","f":"EAtom","v":[{"t":"S","f":"Op","v":["B","list_order",[{"t":"S","f":"V","v":["IL","il_1"]},{"t":"S","f":"V","v":["I","u_1"]},{"t":"S","f":"V","v":["I","u_0"]}]]}]},{"t":"E","f":"EIte","v":[{"t":"E","f":"EAtom","v":[{"t":"S","f":"Op","v":["B","list_member",[{"t":"S","f":"V","v":["IL","il_0"]},{"t":"S","f":"V","v":["I","u_1"]}]]}]},{"t":"E","f":"ETrue","v":[]},{"t":"E","f":"EIte","v":[{"t":"E","f":"EAtom","v":[{"t":"S","f":"Op","v":["B","list_order",[{"t":"S","f":"V","v":["IL","il_0"]},{"t":"S","f":"V","v":["I","u_1"]},{"t":"S","f":"V","v":["I","u_0"]}]]}]},{"t":"E","f":"EIte","v":[{"t":"E","f":"EAtom","v":[{"t":"S","f":"Op","v":["B","list_order",[{"t":"S","f":"V","v":["IL","il_0"]},{"t":"S","f":"V","v":["I","u_0"]},{"t":"S","f":"V","v":["I","u_1"]}]]}]},{"t":"E","f":"EIte","v":[{"t":"E","f":"EAtom","v":[{"t":"S","f":"Op","v":["B","list_order",[{"t":"S","f":"V","v":["IL","il_1"]},{"t":"S","f":"V","v":["I","u_0"]},{"t":"S","f":"V","v":["I","u_1"]}]]}]},{"t":"E","f":"ENot","v":[{"t":"E","f":"ETrue","v":[]}]},{"t":"E","f":"ETrue","v":[]}]},{"t":"E","f":"ETrue","v":[]}]},{"t":"E","f":"EIte","v":[{"t":"E","f":"EAtom","v":[{"t":"S","f":"Op","v":["B","list_order",[{"t":"S","f":"V","v":["IL","il_0"]},{"t":"S","f":"V","v":["I","u_0"]},{"t":"S","f":"V","v":["I","u_1"]}]]}]},{"t":"E","f":"ETrue","v":[]},{"t":"E","f":"ENot","v":[{"t":"E","f":"ETrue","v":[]}]}]}]}]},{"t":"E","f":"EIte","v":[{"t":"E","f":"EAtom","v":[{"t":"S","f":"Op","v":["B","list_order",[{"t":"S","f":"V","v":["IL","il_1"]},{"t":"S","f":"V","v":["I","u_0"]},{"t":"S","f":"V","v":["I","u_1"]}]]}]},{"t":"E","f":"EIte","v":[{"t":"E","f":"EAtom","v":[{"t":"S","f":"Op","v":["B","list_member",[{"t":"S","f":"V","v":["IL","il_0"]},{"t":"S","f":"V","v":["I","u_1"]}]]}]},{"t":"E","f":"EIte","v":[{"t":"E","f":"EAtom","v":[{"t":"S","f":"Op","v":["B","list_order",[{"t":"S","f":"V","v":["IL","il_0"]},{"t":"S","f":"V","v":["I","u_1"]},{"t":"S","f":"V","v":["I","u_0"]}]]}]},{"t":"E","f":"EIte","v":[{"t":"E","f":"EAtom","v":[{"t":"S","f":"Op","v":["B","list_order",[{"t":"S","f":"V","v":["IL","il_0"]},{"t":"S","f":"V","v":["I","u_0"]},{"t":"S","f":"V","v":["I","u_1"]}]]}]},{"t":"E","f":"ETrue","v":[]},{"t":"E","f":"ENot","v":[{"t":"E","f":"ETrue","v":[]}]}]},{"t":"E","f":"ETrue","v":[]}]},{"t":"E","f":"ENot","v":[{"t":"E","f":"ETrue","v":[]}]}]},{"t":"E","f":"ETrue","v":[]}]}]}]},{"t":"E","f":"ETrue","v":[]}]}]},{"t":"E","f":"ETrue","v":[]}]},{"t":"E","f":"ETrue","v":[]}]},{"t":"E","f":"ETrue","v":[]}]},{"t":"E","f":"EIte","v":[{"t":"E","f":"EAtom","v":[{"t":"S","f":"Op","v":["B","list_member",[{"t":"S","f":"V","v":["IL","il_0"]},{"t":"S","f":"V","v":["I","u_1"]}]]}]},{"t":"E","f":"EIte","v":[{"t":"E","f":"EAtom","v":[{"t":"S","f":"Op","v":["B","list_member",[{"t":"S","f":"V","v":["IL","il_1"]},{"t":"S","f":"V","v":["I","u_1"]}]]}]},{"t":"E","f":"ETrue","v":[]},{"t":"E","f":"EIte","v":[{"t":"E","f":"EAtom","v":[{"t":"S","f":"Op","v":["B","list_once",[{"t":"S","f":"V","v":["IL","il_1"]},{"t":"S","f":"V","v":["I","u_1"]}]]}]},{"t":"E","f":"ETrue","v":[]},{"t":"E","f":"EIte","v":[{"t":"E","f":"EAtom","v":[{"t":"S","f":"Op","v":["B","list_order",[{"t":"S","f":"V","v":["IL","il_1"]},{"t":"S","f":"V","v":["I","u_0"]},{"t":"S","f":"V","v":["I","u_1"]}]]}]},{"t":"E","f":"ETrue","v":[]},{"t":"E","f":"EIte","v":[{"t":"E","f":"EAtom","v":[{"t":"S","f":"Op","v":["B","list_order",[{"t":"S","f":"V","v":["IL","il_1"]},{"t":"S","f":"V","v":["I","u_1"]},{"t":"S","f":"V","v":["I","u_0"]}]]}]},{"t":"E","f":"ETrue","v":[]},{"t":"E","f":"EIte","v":[{"t":"E","f":"EAtom","v":[{"t":"S","f":"Op","v":["B","list_member",[{"t":"S","f":"V","v":["IL","il_1"]},{"t":"S","f":"V","v":["I","u_0"]}]]}]},{"t":"E","f":"EIte","v":[{"t":"E","f":"EAtom","v":[{"t":"S","f":"Op","v":["B","list_member",[{"t":"S","f":"V","v":["IL","il_0"]},{"t":"S","f":"V","v":["I","u_0"]}]]}]},{"t":"E","f":"EIte","v":[{"t":"E","f":"EAtom","v":[{"t":"S","f":"Op","v":["B","list_once",[{"t":"S","f":"V","v":["IL","il_0"]},{"t":"S","f":"V","v":["I","u_0"]}]]}]},{"t":"E","f":"EIte","v":[{"t":"E","f":"EAtom","v":[{"t":"S","f":"Op","v":["B","list_order",[{"t":"S","f":"V","v":["IL","il_0"]},{"t":"S","f":"V","v":["I","u_1"]},{"t":"S","f":"V","v":["I","u_0"]}]]}]},{"t":"E","f":"ENot","v":[{"t":"E","f":"ETrue","v":[]}]},{"t":"E","f":"EIte","v":[{"t":"E","f":"EAtom","v":[{"t":"S","f":"Op","v":["B","list_order",[{"t":"S","f":"V","v":["IL","il_0"]},{"t":"S","f":"V","v":["I","u_0"]},{"t":"S","f":"V","v":["I","u_1"]}]]}]},{"t":"E","f":"ETrue","v":[]},{"t":"E","f":"ENot","v":[{"t":"E","f":"ETrue","v":[]}]}]}]},{"t":"E","f":"EIte","v":[{"t":"E","f":"EAtom","v":[{"t":"S","f":"Op","v":["B","list_once",[{"t":"S","f":"V","v":["IL","il_1"]},{"t":"S","f":"V","v":["I","u_0"]}]]}]},{"t":"E","f":"ETrue","v":[]},{"t":"E","f":"EIte","v":[{"t":"E","f":"EAtom","v":[{"t":"S","f":"Op","v":["B","list_order",[{"t":"S","f":"V","v":["IL","il_0"]},{"t":"S","f":"V","v":["I","u_1"]},{"t":"S","f":"V","v":["I","u_0"]}]]}]},{"t":"E","f":"ENot","v":[{"t":"E","f":"ETrue","v":[]}]},{"t":"E","f":"ETrue","v":[]}]}]}]},{"t":"E","f":"EIte","v":[{"t":"E","f":"EAtom","v":[{"t":"S","f":"Op","v":["B","list_once",[{"t":"S","f":"V","v":["IL","il_0"]},{"t":"S","f":"V","v":["I","u_0"]}]]}]},{"t":"E","f":"ETrue","v":[]},{"t":"E","f":"EIte","v":[{"t":"E","f":"EAtom","v":[{"t":"S","f":"Op","v":["B","list_once",[{"t":"S","f":"V","v":["IL","il_1"]},{"t":"S","f":"V","v":["I","u_0"]}]]}]},{"t":"E","f":"EIte","v":[{"t":"E","f":"EAtom","v":[{"t":"S","f":"Op","v":["B","list_order",[{"t":"S","f":"V","v":["IL","il_0"]},{"t":"S","f":"V","v":["I","u_1"]},{"t":"S","f":"V","v":["I","u_0"]}]]}]},{"t":"E","f":"ENot","v":[{"t":"E","f":"ETrue","v":[]}]},{"t":"E","f":"EIte","v":[{"t":"E","f":"EAtom","v":[{"t":"S","f":"Op","v":["B","list_order",[{"t":"S","f":"V","v":["IL","il_0"]},{"t":"S","f":"V","v":["I","u_0"]},{"t":"S","f":"V","v":["I","u_1"]}]]}]},{"t":"E","f":"ENot","v":[{"t":"E","f":"ETrue","v":[]}]},{"t":"E","f":"ETrue","v":[]}]}]},{"t":"E","f":"ETrue","v":[]}]}]}]},{"t":"E","f":"ETrue","v":[]}]}]}]}]}]},{"t":"E","f":"ETrue","v":[]}]}]},{"t":"E","f":"EIte","v":[{"t":"E","f":"EAtom","v":[{"t":"S","f":"Op","v":["B","==",[{"t":"S","f":"V","v":["I","u_1"]},{"t":"S","f":"V","v":["I","i_0"]}]]}]},{"t":"E","f":"EIte","v":[{"t":"E","f":"EAtom","v":[{"t":"S","f":"Op","v":["B","list_member",[{"t":"S","f":"V","v":["IL","il_1"]},{"t":"S","f":"V","v":["I","u_1"]}]]}]},{"t":"E","f":"EIte","v":[{"t":"E","f":"EAtom","v":[{"t":"S","f":"Op","v":["B","list_order",[{"t":"S","f":"V","v":["IL","il_1"]},{"t":"S","f":"V","v":["I","u_0"]},{"t":"S","f":"V","v":["I","u_1"]}]]}]},{"t":"E","f":"EIte","v":[{"t":"E","f":"EAtom","v":[{"t":"S","f":"Op","v":["B","list_once",[{"t":"S","f":"V","v":["IL","il_0"]},{"t":"S","f":"V","v":["I","u_0"]}]]}]},{"t":"E","f":"EIte","v":[{"t":"E","f":"EAtom","v":[{"t":"S","f":"Op","v":["B","list_once",[{"t":"S","f":"V","v":["IL","il_1"]},{"t":"S","f":"V","v":["I","u_0"]}]]}]},{"t":"E","f":"EIte","v":[{"t":"E","f":"EAtom","v":[{"t":"S","f":"Op","v":["B","list_member",[{"t":"S","f":"V","v":["IL","il_1"]},{"t":"S","f":"V","v":["I","u_0"]}]]}]},{"t":"E","f":"EIte","v":[{"t":"E","f":"EAtom","v":[{"t":"S","f":"Op","v":["B","list_member",[{"t":"S","f":"V","v":["IL","il_0"]},{"t":"S","f":"V","v":["I","u_1"]}]]}]},{"t":"E","f":"EIte","v":[{"t":"E","f":"EAtom","v":[{"t":"S","f":"Op","v":["B","list_member",[{"t":"S","f":"V","v":["IL","il_0"]},{"t":"S","f":"V","v":["I","u_0"]}]]}]},{"t":"E","f":"ETrue","v":[]},{"t":"E","f":"EIte","v":[{"t":"E","f":"EAtom","v":[{"t":"S","f":"Op","v":["B","list_order",[{"t":"S","f":"V","v":["IL","il_1"]},{"t":"S","f":"V","v":["I","u_1"]},{"t":"S","f":"V","v":["I","u_0"]}]]}]},{"t":"E","f":"ETrue","v":[]},{"t":"E","f":"EIte","v":[{"t":"E","f":"EAtom","v":[{"t":"S","f":"Op","v":["B","list_order",[{"t":"S","f":"V","v":["IL","il_0"]},{"t":"S","f":"V","v":["I","u_0"]},{"t":"S","f":"V","v":["I","u_1"]}]]}]},{"t":"E","f":"EIte","v":[{"t":"E","f":"EAtom","v":[{"t":"S","f":"Op","v":["B","list_once",[{"t":"S","f":"V","v":["IL","il_0"]},{"t":"S","f":"V","v":["I","u_1"]}]]}]},{"t":"E","f":"ETrue","v":[]},{"t":"E","f":"EIte","v":[{"t":"E","f":"EAtom","v":[{"t":"S","f":"Op","v":["B","list_once",[{"t":"S","f":"V","v":["IL","il_1"]},{"t":"S","f":"V","v":["I","u_1"]}]]}]},{"t":"E","f":"ETrue","v":[]},{"t":"E","f":"ENot","v":[{"t":"E","f":"ETrue","v":[]}]}]}]},{"t":"E","f":"EIte","v":[{"t":"E","f":"EAtom","v":[{"t":"S","f":"Op","v":["B","list_once",[{"t":"S","f":"V","v":["IL","il_1"]},{"t":"S","f":"V","v":["I","u_1"]}]]}]},{"t":"E","f":"EIte","v":[{"t":"E","f":"EAtom","v":[{"t":"S","f":"Op","v":["B","list_once",[{"t":"S","f":"V","v":["IL","il_0"]},{"t":"S","f":"V","v":["I","u_1"]}]]}]},{"t":"E","f":"ENot","v":[{"t":"E","f":"ETrue","v":[]}]},{"t":"E","f":"ETrue","v":[]}]},{"t":"E","f":"ENot","v":[{"t":"E","f":"ETrue","v":[]}]}]}]}]}]},{"t":"E","f":"EIte","v":[{"t":"E","f":"EAtom","v":[{"t":"S","f":"Op","v":["B","list_once",[{"t":"S","f":"V","v":["IL","il_1"]},{"t":"S","f":"V","v":["I","u_1"]}]]}]},{"t":"E","f":"EIte","v":[{"t":"E","f":"EAtom","v":[{"t":"S","f":"Op","v":["B","list_once",[{"t":"S","f":"V","v":["IL","il_0"]},{"t":"S","f":"V","v":["I","u_1"]}]]}]},{"t":"E","f":"ETrue","v":[]},{"t":"E","f":"EIte","v":[{"t":"E","f":"EAtom","v":[{"t":"S","f":"Op","v":["B","list_order",[{"t":"S","f":"V","v":["IL","il_0"]},{"t":"S","f":"V","v":["I","u_0"]},{"t":"S","f":"V","v":["I","u_1"]}]]}]},{"t":"E","f":"EIte","v":[{"t":"E","f":"EAtom","v":[{"t":"S","f":"Op","v":["B","list_order",[{"t":"S","f":"V","v":["IL","il_0"]},{"t":"S","f":"V","v":["I","u_1"]},{"t":"S","f":"V","v":["I","u_0"]}]]}]},{"t":"E","f":"EIte","v":[{"t":"E","f":"EAtom","v":[{"t":"S","f":"Op","v":["B","list_member",[{"t":"S","f":"V","v":["IL","il_0"]},{"t":"S","f":"V","v":["I","u_0"]}]]}]},{"t":"E","f":"ENot","v":[{"t":"E","f":"ETrue","v":[]}]},{"t":"E","f":"EIte","v":[{"t":"E","f":"EAtom","v":[{"t":"S","f":"Op","v":["B","list_order",[{"t":"S","f":"V","v":["IL","il_1"]},{"t":"S","f":"V","v":["I","u_1"]},{"t":"S","f":"V","v":["I","u_0"]}]]}]},{"t":"E","f":"ETrue","v":[]},{"t":"E","f":"ENot","v":[{"t":"E","f":"ETrue","v":[]}]}]}]},{"t":"E","f":"ENot","v":[{"t":"E","f":"ETrue","v":[]}]}]},{"t":"E","f":"EIte","v":[{"t":"E","f":"EAtom","v":[{"t":"S","f":"Op","v":["B","list_order",[{"t":"S","f":"V","v":["IL","il_0"]},{"t":"S","f":"V","v":["I","u_1"]},{"t":"S","f":"V","v":["I","u_0"]}]]}]},{"t":"E","f":"EIte","v":[{"t":"E","f":"EAtom","v":[{"t":"S","f":"Op","v":["B","list_member",[{"t":"S","f":"V","v":["IL","il_0"]},{"t":"S","f":"V","v":["I","u_0"]}]]}]},{"t":"E","f":"ETrue","v":[]},{"t":"E","f":"ENot","v":[{"t":"E","f":"ETrue","v":[]}]}]},{"t":"E","f":"ETrue","v":[]}]}]}]},{"t":"E","f":"ETrue","v":[]}]}]},{"t":"E","f":"ETrue","v":[]}]},{"t":"E","f":"ETrue","v":[]}]},{"t":"E","f":"ETrue","v":[]}]},{"t":"E","f":"EIte","v":[{"t":"E","f":"EAtom","v":[{"t":"S","f":"Op","v":["B","list_member",[{"t":"S","f":"V","v":["IL","il_0"]},{"t":"S","f":"V","v":["I","u_0"]}]]}]},{"t":"E","f":"EIte","v":[{"t":"E","f":"EAtom","v":[{"t":"S","f":"Op","v":["B","list_member",[{"t":"S","f":"V","v":["IL","il_0"]},{"t":"S","f":"V","v":["I","u_1"]}]]}]},{"t":"E","f":"EIte","v":[{"t":"E","f":"EAtom","v":[{"t":"S","f":"Op","v":["B","list_once",[{"t":"S","f":"V","v":["IL","il_0"]},{"t":"S","f":"V","v":["I","u_0"]}]]}]},{"t":"E","f":"ETrue","v":[]},{"t":"E","f":"EIte","v":[{"t":"E","f":"EAtom","v":[{"t":"S","f":"Op","v":["B","list_once",[{"t":"S","f":"V","v":["IL","il_1"]},{"t":"S","f":"V","v":["I","u_0"]}]]}]},{"t":"E","f":"ETrue","v":[]},{"t":"E","f":"EIte","v":[{"t":"E","f":"EAtom","v":[{"t":"S","f":"Op","v":["B","list_member",[{"t":"S","f":"V","v":["IL","il_1"]},{"t":"S","f":"V","v":["I","u_0"]}]]}]},{"t":"E","f":"ETrue","v":[]},{"t":"E","f":"EIte","v":[{"t":"E","f":"EAtom","v":[{"t":"S","f":"Op","v":["B","list_order",[{"t":"S","f":"V","v":["IL","il_0"]},{"t":"S","f":"V","v":["I","u_0"]},{"t":"S","f":"V","v":["I","u_1"]}]]}]},{"t":"E","f":"ETrue","v":[]},{"t":"E","f":"EIte","v":[{"t":"E","f":"EAtom","v":[{"t":"S","f":"Op","v":["B","list_order",[{"t":"S","f":"V","v":["IL","il_1"]},{"t":"S","f":"V","v":["I","u_1"]},{"t":"S","f":"V","v":["I","u_0"]}]]}]},{"t":"E","f":"ETrue","v":[]},{"t":"E","f":"EIte","v":[{"t":"E","f":"EAtom","v":[{"t":"S","f":"Op","v":["B","list_order",[{"t":"S","f":"V","v":["IL","il_0"]},{"t":"S","f":"V","v":["I","u_1"]},{"t":"S","f":"V","v":["I","u_0"]}]]}]},{"t":"E","f":"EIte","v":[{"t":"E","f":"EAtom","v":[{"t":"S","f":"Op","v":["B","list_once",[{"t":"S","f":"V","v":["IL","il_0"]},{"t":"S","f":"V","v":["I","u_1"]}]]}]},{"t":"E","f":"ENot","v":[{"t":"E","f":"ETrue","v":[]}]},{"t":"E","f":"EIte","v":[{"t":"E","f":"EAtom","v":[{"t":"S","f":"Op","v":["B","list_once",[{"t":"S","f":"V","v":["IL","il_1"]},{"t":"S","f":"V","v":["I","u_1"]}]]}]},{"t":"E","f":"ETrue","v":[]},{"t":"E","f":"ENot","v":[{"t":"E","f":"ETrue","v":[]}]}]}]},{"t":"E","f":"EIte","v":[{"t":"E","f":"EAtom","v":[{"t":"S","f":"Op","v":["B","list_once",[{"t":"S","f":"V","v":["IL","il_0"]},{"t":"S","f":"V","v":["I","u_1"]}]]}]},{"t":"E","f":"ETrue","v":[]},{"t":"E","f":"EIte","v":[{"t":"E","f":"EAtom","v":[{"t":"S","f":"Op","v":["B","list_once",[{"t":"S","f":"V","v":["IL","il_1"]},{"t":"S","f":"V","v":["I","u_1"]}]]}]},{"t":"E","f":"ETrue","v":[]},{"t":"E","f":"ENot","v":[{"t":"E","f":"ETrue","v":[]}]}]}]}]}]}]}]}]}]},{"t":"E","f":"EIte","v":[{"t":"E","f":"EAtom","v":[{"t":"S","f":"Op","v":["B","list_once",[{"t":"S","f":"V","v":["IL","il_0"]},{"t":"S","f":"V","v":["I","u_1"]}]]}]},{"t":"E","f":"ETrue","v":[]},{"t":"E","f":"EIte","v":[{"t":"E","f":"EAtom","v":[{"t":"S","f":"Op","v":["B","list_once",[{"t":"S","f":"V","v":["IL","il_1"]},{"t":"S","f":"V","v":["I","u_1"]}]]}]},{"t":"E","f":"EIte","v":[{"t":"E","f":"EAtom","v":[{"t":"S","f":"Op","v":["B","list_order",[{"t":"S","f":"V","v":["IL","il_0"]},{"t":"S","f":"V","v":["I","u_1"]},{"t":"S","f":"V","v":["I","u_0"]}]]}]},{"t":"E","f":"EIte","v":[{"t":"E","f":"EAtom","v":[{"t":"S","f":"Op","v":["B","list_order",[{"t":"S","f":"V","v":["IL","il_1"]},{"t":"S","f":"V","v":["I","u_1"]},{"t":"S","f":"V","v":["I","u_0"]}]]}]},{"t":"E","f":"EIte","v":[{"t":"E","f":"EAtom","v":[{"t":"S","f":"Op","v":["B","list_once",[{"t":"S","f":"V","v":["IL","il_0"]},{"t":"S","f":"V","v":["I","u_0"]}]]}]},{"t":"E","f":"EIte","v":[{"t":"E","f":"EAtom","v":[{"t":"S","f":"Op","v":["B","list_order",[{"t":"S","f":"V","v":["IL","il_0"]},{"t":"S","f":"V","v":["I","u_0"]},{"t":"S","f":"V","v":["I","u_1"]}]]}]},{"t":"E","f":"EIte","v":[{"t":"E","f":"EAtom","v":[{"t":"S","f":"Op","v":["B","list_once",[{"t":"S","f":"V","v":["IL","il_1"]},{"t":"S","f":"V","v":["I","u_0"]}]]}]},{"t":"E","f":"EIte","v":[{"t":"E","f":"EAtom","v":[{"t":"S","f":"Op","v":["B","list_member",[{"t":"S","f":"V","v":["IL","il_1"]},{"t":"S","f":"V","v":["I","u_0"]}]]}]},{"t":"E","f":"ENot","v":[{"t":"E","f":"ETrue","v":[]}]},{"t":"E","f":"ETrue","v":[]}]},{"t":"E","f":"ETrue","v":[]}]},{"t":"E","f":"ETrue","v":[]}]},{"t":"E","f":"ETrue","v":[]}]},{"t":"E","f":"ETrue","v":[]}]},{"t":"E","f":"EIte","v":[{"t":"E","f":"EAtom","v":[{"t":"S","f":"Op","v":["B","list_once",[{"t":"S","f":"V","v":["IL","il_0"]},{"t":"S","f":"V","v":["I","u_0"]}]]}]},{"t":"E","f":"ETrue","v":[]},{"t":"E","f":"EIte","v":[{"t":"E","f":"EAtom","v":[{"t":"S","f":"Op","v":["B","list_order",[{"t":"S","f":"V","v":["IL","il_0"]},{"t":"S","f":"V","v":["I","u_0"]},{"t":"S","f":"V","v":["I","u_1"]}]]}]},{"t":"E","f":"ETrue","v":[]},{"t":"E","f":"EIte","v":[{"t":"E","f":"EAtom","v":[{"t":"S","f":"Op","v":["B","list_once",[{"t":"S","f":"V","v":["IL","il_1"]},{"t":"S","f":"V","v":["I","u_0"]}]]}]},{"t":"E","f":"ETrue","v":[]},{"t":"E","f":"EIte","v":[{"t":"E","f":"EAtom","v":[{"t":"S","f":"Op","v":["B","list_order",[{"t":"S","f":"V","v":["IL","il_1"]},{"t":"S","f":"V","v":["I","u_1"]},{"t":"S","f":"V","v":["I","u_0"]}]]}]},{"t":"E","f":"ETrue","v":[]},{"t":"E","f":"EIte","v":[{"t":"E","f":"EAtom","v":[{"t":"S","f":"Op","v":["B","list_member",[{"t":"S","f":"V","v":["IL","il_1"]},{"t":"S","f":"V","v":["I","u_0"]}]]}]},{"t":"E","f":"ETrue","v":[]},{"t":"E","f":"ENot","v":[{"t":"E","f":"ETrue","v":[]}]}]}]}]}]}]}]},{"t":"E","f":"ETrue","v":[]}]}]}]},{"t":"E","f":"ETrue","v":[]}]}]},{"t":"E","f":"ETrue","v":[]}]},{"t":"E","f":"EIte","v":[{"t":"E","f":"EAtom","v":[{"t":"S","f":"Op","v":["B","list_order",[{"t":"S","f":"V","v":["IL","il_0"]},{"t":"S","f":"V","v":["I","u_0"]},{"t":"S","f":"V","v":["I","u_1"]}]]}]},{"t":"E","f":"EIte","v":[{"t":"E","f":"EAtom","v":[{"t":"S","f":"Op","v":["B","list_member",[{"t":"S","f":"V","v":["IL","il_1"]},{"t":"S","f":"V","v":["I","u_1"]}]]}]},{"t":"E","f":"ETrue","v":[]},{"t":"E","f":"EIte","v":[{"t":"E","f":"EAtom","v":[{"t":"S","f":"Op","v":["B","list_member",[{"t":"S","f":"V","v":["IL","il_0"]},{"t":"S","f":"V","v":["I","u_0"]}]]}]},{"t":"E","f":"EIte","v":[{"t":"E","f":"EAtom","v":[{"t":"S","f":"Op","v":["B","list_once",[{"t":"S","f":"V","v":["IL","il_1"]},{"t":"S","f":"V","v":["I","u_1"]}]]}]},{"t":"E","f":"ETrue","v":[]},{"t":"E","f":"EIte","v":[{"t":"E","f":"EAtom","v":[{"t":"S","f":"Op","v":["B","list_once",[{"t":"S","f":"V","v":["IL","il_0"]},{"t":"S","f":"V","v":["I","u_1"]}]]}]},{"t":"E","f":"ETrue","v":[]},{"t":"E","f":"EIte","v":[{"t":"E","f":"EAtom","v":[{"t":"S","f":"Op","v":["B","list_once",[{"t":"S","f":"V","v":["IL","il_0"]},{"t":"S","f":"V","v":["I","u_0"]}]]}]},{"t":"E","f":"EIte","v":[{"t":"E","f":"EAtom","v":[{"t":"S","f":"Op","v":["B","list_once",[{"t":"S","f":"V","v":["IL","il_1"]},{"t":"S","f":"V","v":["I","u_0"]}]]}]},{"t":"E","f":"EIte","v":[{"t":"E","f":"EAtom","v":[{"t":"S","f":"Op","v":["B","list_order",[{"t":"S","f":"V","v":["IL","il_1"]},{"t":"S","f":"V","v":["I","u_1"]},{"t":"S","f":"V","v":["I","u_0"]}]]}]},{"t":"E","f":"ETrue","v":[]},{"t":"E","f":"EIte","v":[{"t":"E","f":"EAtom","v":[{"t":"S","f":"Op","v":["B","list_order",[{"t":"S","f":"V","v":["IL","il_1"]},{"t":"S","f":"V","v":["I","u_0"]},{"t":"S","f":"V","v":["I","u_1"]}]]}]},{"t":"E","f":"ETrue","v":[]},{"t":"E","f":"EIte","v":[{"t":"E","f":"EAtom","v":[{"t":"S","f":"Op","v":["B","list_member",[{"t":"S","f":"V","v":["IL","il_0"]},{"t":"S","f":"V","v":["I","u_1"]}]]}]},{"t":"E","f":"ETrue","v":[]},{"t":"E","f":"EIte","v":[{"t":"E","f":"EAtom","v":[{"t":"S","f":"Op","v":["B","list_member",[{"t":"S","f":"V","v":["IL","il_1"]},{"t":"S","f":"V","v":["I","u_0"]}]]}]},{"t":"E","f":"ENot","v":[{"t":"E","f":"ETrue","v":[]}]},{"t":"E","f":"ETrue","v":[]}]}]}]}]},{"t":"E","f":"ETrue","v":[]}]},{"t":"E","f":"ETrue","v":[]}]}]}]},{"t":"E","f":"ETrue","v":[]}]}]},{"t":"E","f":"ETrue","v":[]}]}]}]}]}}}}]}