{"preds": ["treei_member", "treei_ancestor"], "spectable": [{"name": "Leftisthp.tree", "spec": {"treetp": "spec", "args": [{"t": "tpv", "tp": "I", "n": "i_0"}, {"t": "tpv", "tp": "I", "n": "i_1"}, {"t": "tpv", "tp": "ITI", "n": "iti_0"}, {"t": "tpv", "tp": "ITI", "n": "iti_1"}, {"t": "tpv", "tp": "ITI", "n": "iti_2"}], "specbody": {"treetp": "ff", "qv": [{"t": "tpv", "tp": "I", "n": "u_0"}, {"t": "tpv", "tp": "I", "n": "u_1"}], "body": {"t": "E", "f": "EIte", "v": [{"t": "E", "f": "EAtom", "v": [{"t": "S", "f": "Op", "v": ["B", "treei_member", [{"t": "S", "f": "V", "v": ["ITI", "iti_2"]}, {"t": "S", "f": "V", "v": ["I", "u_1"]}]]}]}, {"t": "E", "f": "EIte", "v": [{"t": "E", "f": "EAtom", "v": [{"t": "S", "f": "Op", "v": ["B", "treei_ancestor", [{"t": "S", "f": "V", "v": ["ITI", "iti_2"]}, {"t": "S", "f": "V", "v": ["I", "u_1"]}, {"t": "S", "f": "V", "v": ["I", "u_0"]}]]}]}, {"t": "E", "f": "EIte", "v": [{"t": "E", "f": "EAtom", "v": [{"t": "S", "f": "Op", "v": ["B", "==", [{"t": "S", "f": "V", "v": ["I", "u_0"]}, {"t": "S", "f": "V", "v": ["I", "i_1"]}]]}]}, {"t": "E", "f": "EIte", "v": [{"t": "E", "f": "EAtom", "v": [{"t": "S", "f": "Op", "v": ["B", "==", [{"t": "S", "f": "V", "v": ["I", "u_1"]}, {"t": "S", "f": "V", "v": ["I", "i_0"]}]]}]}, {"t": "E", "f": "EOr", "v": [{"t": "E", "f": "EAtom", "v": [{"t": "S", "f": "Op", "v": ["B", "treei_member", [{"t": "S", "f": "V", "v": ["ITI", "iti_1"]}, {"t": "S", "f": "V", "v": ["I", "i_1"]}]]}]}, {"t": "E", "f": "ENot", "v": [{"t": "E", "f": "EAtom", "v": [{"t": "S", "f": "Op", "v": ["B", "treei_ancestor", [{"t": "S", "f": "V", "v": ["ITI", "iti_1"]}, {"t": "S", "f": "V", "v": ["I", "i_0"]}, {"t": "S", "f": "V", "v": ["I", "i_1"]}]]}]}]}]}, {"t": "E", "f": "EIte", "v": [{"t": "E", "f": "EAtom", "v": [{"t": "S", "f": "Op", "v": ["B", "==", [{"t": "S", "f": "V", "v": ["I", "i_1"]}, {"t": "S", "f": "V", "v": ["I", "i_0"]}]]}]}, {"t": "E", "f": "EOr", "v": [{"t": "E", "f": "EAtom", "v": [{"t": "S", "f": "Op", "v": ["B", "treei_ancestor", [{"t": "S", "f": "V", "v": ["ITI", "iti_0"]}, {"t": "S", "f": "V", "v": ["I", "u_1"]}, {"t": "S", "f": "V", "v": ["I", "i_0"]}]]}]}, {"t": "E", "f": "EOr", "v": [{"t": "E", "f": "ENot", "v": [{"t": "E", "f": "EAtom", "v": [{"t": "S", "f": "Op", "v": ["B", "treei_member", [{"t": "S", "f": "V", "v": ["ITI", "iti_0"]}, {"t": "S", "f": "V", "v": ["I", "i_0"]}]]}]}]}, {"t": "E", "f": "EAnd", "v": [{"t": "E", "f": "EAtom", "v": [{"t": "S", "f": "Op", "v": ["B", "treei_member", [{"t": "S", "f": "V", "v": ["ITI", "iti_1"]}, {"t": "S", "f": "V", "v": ["I", "i_0"]}]]}]}, {"t": "E", "f": "EAtom", "v": [{"t": "S", "f": "Op", "v": ["B", "treei_ancestor", [{"t": "S", "f": "V", "v": ["ITI", "iti_1"]}, {"t": "S", "f": "V", "v": ["I", "u_1"]}, {"t": "S", "f": "V", "v": ["I", "i_0"]}]]}]}]}]}]}, {"t": "E", "f": "EOr", "v": [{"t": "E", "f": "EAtom", "v": [{"t": "S", "f": "Op", "v": ["B", "treei_member", [{"t": "S", "f": "V", "v": ["ITI", "iti_0"]}, {"t": "S", "f": "V", "v": ["I", "u_1"]}]]}]}, {"t": "E", "f": "EAnd", "v": [{"t": "E", "f": "EAtom", "v": [{"t": "S", "f": "Op", "v": ["B", "treei_member", [{"t": "S", "f": "V", "v": ["ITI", "iti_1"]}, {"t": "S", "f": "V", "v": ["I", "u_1"]}]]}]}, {"t": "E", "f": "ENot", "v": [{"t": "E", "f": "EAtom", "v": [{"t": "S", "f": "Op", "v": ["B", "treei_ancestor", [{"t": "S", "f": "V", "v": ["ITI", "iti_0"]}, {"t": "S", "f": "V", "v": ["I", "u_1"]}, {"t": "S", "f": "V", "v": ["I", "i_1"]}]]}]}]}]}]}]}]}, {"t": "E", "f": "EIte", "v": [{"t": "E", "f": "EAtom", "v": [{"t": "S", "f": "Op", "v": ["B", "treei_ancestor", [{"t": "S", "f": "V", "v": ["ITI", "iti_0"]}, {"t": "S", "f": "V", "v": ["I", "u_1"]}, {"t": "S", "f": "V", "v": ["I", "u_0"]}]]}]}, {"t": "E", "f": "EOr", "v": [{"t": "E", "f": "EAtom", "v": [{"t": "S", "f": "Op", "v": ["B", "==", [{"t": "S", "f": "V", "v": ["I", "i_1"]}, {"t": "S", "f": "V", "v": ["I", "i_0"]}]]}]}, {"t": "E", "f": "EOr", "v": [{"t": "E", "f": "EAtom", "v": [{"t": "S", "f": "Op", "v": ["B", "==", [{"t": "S", "f": "V", "v": ["I", "u_0"]}, {"t": "S", "f": "V", "v": ["I", "i_0"]}]]}]}, {"t": "E", "f": "EAnd", "v": [{"t": "E", "f": "EAtom", "v": [{"t": "S", "f": "Op", "v": ["B", "treei_member", [{"t": "S", "f": "V", "v": ["ITI", "iti_0"]}, {"t": "S", "f": "V", "v": ["I", "u_1"]}]]}]}, {"t": "E", "f": "EOr", "v": [{"t": "E", "f": "EAtom", "v": [{"t": "S", "f": "Op", "v": ["B", "==", [{"t": "S", "f": "V", "v": ["I", "u_1"]}, {"t": "S", "f": "V", "v": ["I", "i_1"]}]]}]}, {"t": "E", "f": "EOr", "v": [{"t": "E", "f": "EAtom", "v": [{"t": "S", "f": "Op", "v": ["B", "==", [{"t": "S", "f": "V", "v": ["I", "u_1"]}, {"t": "S", "f": "V", "v": ["I", "u_0"]}]]}]}, {"t": "E", "f": "EAtom", "v": [{"t": "S", "f": "Op", "v": ["B", "==", [{"t": "S", "f": "V", "v": ["I", "u_1"]}, {"t": "S", "f": "V", "v": ["I", "i_0"]}]]}]}]}]}]}]}]}, {"t": "E", "f": "EIte", "v": [{"t": "E", "f": "EAtom", "v": [{"t": "S", "f": "Op", "v": ["B", "treei_member", [{"t": "S", "f": "V", "v": ["ITI", "iti_0"]}, {"t": "S", "f": "V", "v": ["I", "u_1"]}]]}]}, {"t": "E", "f": "EIte", "v": [{"t": "E", "f": "EAtom", "v": [{"t": "S", "f": "Op", "v": ["B", "treei_member", [{"t": "S", "f": "V", "v": ["ITI", "iti_0"]}, {"t": "S", "f": "V", "v": ["I", "u_0"]}]]}]}, {"t": "E", "f": "EAnd", "v": [{"t": "E", "f": "EAtom", "v": [{"t": "S", "f": "Op", "v": ["B", "treei_member", [{"t": "S", "f": "V", "v": ["ITI", "iti_2"]}, {"t": "S", "f": "V", "v": ["I", "u_0"]}]]}]}, {"t": "E", "f": "EIte", "v": [{"t": "E", "f": "EAtom", "v": [{"t": "S", "f": "Op", "v": ["B", "==", [{"t": "S", "f": "V", "v": ["I", "u_0"]}, {"t": "S", "f": "V", "v": ["I", "i_0"]}]]}]}, {"t": "E", "f": "EOr", "v": [{"t": "E", "f": "ENot", "v": [{"t": "E", "f": "EAtom", "v": [{"t": "S", "f": "Op", "v": ["B", "==", [{"t": "S", "f": "V", "v": ["I", "u_1"]}, {"t": "S", "f": "V", "v": ["I", "i_0"]}]]}]}]}, {"t": "E", "f": "EAtom", "v": [{"t": "S", "f": "Op", "v": ["B", "treei_member", [{"t": "S", "f": "V", "v": ["ITI", "iti_1"]}, {"t": "S", "f": "V", "v": ["I", "i_0"]}]]}]}]}, {"t": "E", "f": "EIte", "v": [{"t": "E", "f": "EAtom", "v": [{"t": "S", "f": "Op", "v": ["B", "==", [{"t": "S", "f": "V", "v": ["I", "u_1"]}, {"t": "S", "f": "V", "v": ["I", "i_0"]}]]}]}, {"t": "E", "f": "EOr", "v": [{"t": "E", "f": "EAtom", "v": [{"t": "S", "f": "Op", "v": ["B", "==", [{"t": "S", "f": "V", "v": ["I", "i_0"]}, {"t": "S", "f": "V", "v": ["I", "i_1"]}]]}]}, {"t": "E", "f": "EAtom", "v": [{"t": "S", "f": "Op", "v": ["B", "treei_member", [{"t": "S", "f": "V", "v": ["ITI", "iti_1"]}, {"t": "S", "f": "V", "v": ["I", "u_0"]}]]}]}]}, {"t": "E", "f": "EIte", "v": [{"t": "E", "f": "EAtom", "v": [{"t": "S", "f": "Op", "v": ["B", "==", [{"t": "S", "f": "V", "v": ["I", "i_1"]}, {"t": "S", "f": "V", "v": ["I", "i_0"]}]]}]}, {"t": "E", "f": "EAtom", "v": [{"t": "S", "f": "Op", "v": ["B", "treei_member", [{"t": "S", "f": "V", "v": ["ITI", "iti_1"]}, {"t": "S", "f": "V", "v": ["I", "u_1"]}]]}]}, {"t": "E", "f": "EOr", "v": [{"t": "E", "f": "ENot", "v": [{"t": "E", "f": "EAtom", "v": [{"t": "S", "f": "Op", "v": ["B", "treei_member", [{"t": "S", "f": "V", "v": ["ITI", "iti_1"]}, {"t": "S", "f": "V", "v": ["I", "u_0"]}]]}]}]}, {"t": "E", "f": "EIte", "v": [{"t": "E", "f": "EAtom", "v": [{"t": "S", "f": "Op", "v": ["B", "==", [{"t": "S", "f": "V", "v": ["I", "u_1"]}, {"t": "S", "f": "V", "v": ["I", "u_0"]}]]}]}, {"t": "E", "f": "EAtom", "v": [{"t": "S", "f": "Op", "v": ["B", "treei_ancestor", [{"t": "S", "f": "V", "v": ["ITI", "iti_1"]}, {"t": "S", "f": "V", "v": ["I", "u_0"]}, {"t": "S", "f": "V", "v": ["I", "u_0"]}]]}]}, {"t": "E", "f": "EOr", "v": [{"t": "E", "f": "EAtom", "v": [{"t": "S", "f": "Op", "v": ["B", "treei_member", [{"t": "S", "f": "V", "v": ["ITI", "iti_1"]}, {"t": "S", "f": "V", "v": ["I", "u_1"]}]]}]}, {"t": "E", "f": "ENot", "v": [{"t": "E", "f": "EAtom", "v": [{"t": "S", "f": "Op", "v": ["B", "treei_ancestor", [{"t": "S", "f": "V", "v": ["ITI", "iti_1"]}, {"t": "S", "f": "V", "v": ["I", "u_1"]}, {"t": "S", "f": "V", "v": ["I", "u_0"]}]]}]}]}]}]}]}]}]}]}]}, {"t": "E", "f": "EAtom", "v": [{"t": "S", "f": "Op", "v": ["B", "treei_member", [{"t": "S", "f": "V", "v": ["ITI", "iti_1"]}, {"t": "S", "f": "V", "v": ["I", "u_0"]}]]}]}]}, {"t": "E", "f": "EOr", "v": [{"t": "E", "f": "EAtom", "v": [{"t": "S", "f": "Op", "v": ["B", "treei_member", [{"t": "S", "f": "V", "v": ["ITI", "iti_0"]}, {"t": "S", "f": "V", "v": ["I", "u_0"]}]]}]}, {"t": "E", "f": "EAnd", "v": [{"t": "E", "f": "EAtom", "v": [{"t": "S", "f": "Op", "v": ["B", "treei_member", [{"t": "S", "f": "V", "v": ["ITI", "iti_1"]}, {"t": "S", "f": "V", "v": ["I", "u_0"]}]]}]}, {"t": "E", "f": "EOr", "v": [{"t": "E", "f": "ENot", "v": [{"t": "E", "f": "EAtom", "v": [{"t": "S", "f": "Op", "v": ["B", "==", [{"t": "S", "f": "V", "v": ["I", "i_1"]}, {"t": "S", "f": "V", "v": ["I", "i_0"]}]]}]}]}, {"t": "E", "f": "EOr", "v": [{"t": "E", "f": "EAtom", "v": [{"t": "S", "f": "Op", "v": ["B", "==", [{"t": "S", "f": "V", "v": ["I", "u_1"]}, {"t": "S", "f": "V", "v": ["I", "i_0"]}]]}]}, {"t": "E", "f": "EAtom", "v": [{"t": "S", "f": "Op", "v": ["B", "treei_ancestor", [{"t": "S", "f": "V", "v": ["ITI", "iti_1"]}, {"t": "S", "f": "V", "v": ["I", "u_1"]}, {"t": "S", "f": "V", "v": ["I", "u_0"]}]]}]}]}]}]}]}]}]}]}, {"t": "E", "f": "EAnd", "v": [{"t": "E", "f": "ENot", "v": [{"t": "E", "f": "EAtom", "v": [{"t": "S", "f": "Op", "v": ["B", "treei_ancestor", [{"t": "S", "f": "V", "v": ["ITI", "iti_1"]}, {"t": "S", "f": "V", "v": ["I", "u_1"]}, {"t": "S", "f": "V", "v": ["I", "u_0"]}]]}]}]}, {"t": "E", "f": "EAnd", "v": [{"t": "E", "f": "ENot", "v": [{"t": "E", "f": "EAtom", "v": [{"t": "S", "f": "Op", "v": ["B", "treei_ancestor", [{"t": "S", "f": "V", "v": ["ITI", "iti_0"]}, {"t": "S", "f": "V", "v": ["I", "u_1"]}, {"t": "S", "f": "V", "v": ["I", "u_0"]}]]}]}]}, {"t": "E", "f": "EIte", "v": [{"t": "E", "f": "EAtom", "v": [{"t": "S", "f": "Op", "v": ["B", "==", [{"t": "S", "f": "V", "v": ["I", "u_1"]}, {"t": "S", "f": "V", "v": ["I", "i_1"]}]]}]}, {"t": "E", "f": "EAnd", "v": [{"t": "E", "f": "ENot", "v": [{"t": "E", "f": "EAtom", "v": [{"t": "S", "f": "Op", "v": ["B", "treei_member", [{"t": "S", "f": "V", "v": ["ITI", "iti_0"]}, {"t": "S", "f": "V", "v": ["I", "u_0"]}]]}]}]}, {"t": "E", "f": "EAnd", "v": [{"t": "E", "f": "ENot", "v": [{"t": "E", "f": "EAtom", "v": [{"t": "S", "f": "Op", "v": ["B", "treei_member", [{"t": "S", "f": "V", "v": ["ITI", "iti_1"]}, {"t": "S", "f": "V", "v": ["I", "u_0"]}]]}]}]}, {"t": "E", "f": "EOr", "v": [{"t": "E", "f": "ENot", "v": [{"t": "E", "f": "EAtom", "v": [{"t": "S", "f": "Op", "v": ["B", "treei_member", [{"t": "S", "f": "V", "v": ["ITI", "iti_2"]}, {"t": "S", "f": "V", "v": ["I", "u_0"]}]]}]}]}, {"t": "E", "f": "EAtom", "v": [{"t": "S", "f": "Op", "v": ["B", "==", [{"t": "S", "f": "V", "v": ["I", "i_1"]}, {"t": "S", "f": "V", "v": ["I", "u_0"]}]]}]}]}]}]}, {"t": "E", "f": "EIte", "v": [{"t": "E", "f": "EAtom", "v": [{"t": "S", "f": "Op", "v": ["B", "treei_member", [{"t": "S", "f": "V", "v": ["ITI", "iti_2"]}, {"t": "S", "f": "V", "v": ["I", "u_0"]}]]}]}, {"t": "E", "f": "EIte", "v": [{"t": "E", "f": "EAtom", "v": [{"t": "S", "f": "Op", "v": ["B", "==", [{"t": "S", "f": "V", "v": ["I", "u_1"]}, {"t": "S", "f": "V", "v": ["I", "u_0"]}]]}]}, {"t": "E", "f": "EOr", "v": [{"t": "E", "f": "EAtom", "v": [{"t": "S", "f": "Op", "v": ["B", "treei_member", [{"t": "S", "f": "V", "v": ["ITI", "iti_0"]}, {"t": "S", "f": "V", "v": ["I", "u_0"]}]]}]}, {"t": "E", "f": "EAtom", "v": [{"t": "S", "f": "Op", "v": ["B", "treei_member", [{"t": "S", "f": "V", "v": ["ITI", "iti_1"]}, {"t": "S", "f": "V", "v": ["I", "u_0"]}]]}]}]}, {"t": "E", "f": "EIte", "v": [{"t": "E", "f": "EAtom", "v": [{"t": "S", "f": "Op", "v": ["B", "==", [{"t": "S", "f": "V", "v": ["I", "u_1"]}, {"t": "S", "f": "V", "v": ["I", "i_0"]}]]}]}, {"t": "E", "f": "EOr", "v": [{"t": "E", "f": "EAtom", "v": [{"t": "S", "f": "Op", "v": ["B", "treei_member", [{"t": "S", "f": "V", "v": ["ITI", "iti_0"]}, {"t": "S", "f": "V", "v": ["I", "i_0"]}]]}]}, {"t": "E", "f": "EAtom", "v": [{"t": "S", "f": "Op", "v": ["B", "treei_member", [{"t": "S", "f": "V", "v": ["ITI", "iti_1"]}, {"t": "S", "f": "V", "v": ["I", "i_0"]}]]}]}]}, {"t": "E", "f": "EIte", "v": [{"t": "E", "f": "EAtom", "v": [{"t": "S", "f": "Op", "v": ["B", "==", [{"t": "S", "f": "V", "v": ["I", "i_1"]}, {"t": "S", "f": "V", "v": ["I", "i_0"]}]]}]}, {"t": "E", "f": "EIte", "v": [{"t": "E", "f": "EAtom", "v": [{"t": "S", "f": "Op", "v": ["B", "==", [{"t": "S", "f": "V", "v": ["I", "u_0"]}, {"t": "S", "f": "V", "v": ["I", "i_0"]}]]}]}, {"t": "E", "f": "EOr", "v": [{"t": "E", "f": "EAtom", "v": [{"t": "S", "f": "Op", "v": ["B", "treei_member", [{"t": "S", "f": "V", "v": ["ITI", "iti_1"]}, {"t": "S", "f": "V", "v": ["I", "u_1"]}]]}]}, {"t": "E", "f": "EAtom", "v": [{"t": "S", "f": "Op", "v": ["B", "treei_member", [{"t": "S", "f": "V", "v": ["ITI", "iti_0"]}, {"t": "S", "f": "V", "v": ["I", "u_1"]}]]}]}]}, {"t": "E", "f": "EOr", "v": [{"t": "E", "f": "EAtom", "v": [{"t": "S", "f": "Op", "v": ["B", "treei_member", [{"t": "S", "f": "V", "v": ["ITI", "iti_0"]}, {"t": "S", "f": "V", "v": ["I", "u_0"]}]]}]}, {"t": "E", "f": "EAtom", "v": [{"t": "S", "f": "Op", "v": ["B", "treei_member", [{"t": "S", "f": "V", "v": ["ITI", "iti_1"]}, {"t": "S", "f": "V", "v": ["I", "u_0"]}]]}]}]}]}, {"t": "E", "f": "EIte", "v": [{"t": "E", "f": "EAtom", "v": [{"t": "S", "f": "Op", "v": ["B", "treei_member", [{"t": "S", "f": "V", "v": ["ITI", "iti_0"]}, {"t": "S", "f": "V", "v": ["I", "u_0"]}]]}]}, {"t": "E", "f": "EOr", "v": [{"t": "E", "f": "EAtom", "v": [{"t": "S", "f": "Op", "v": ["B", "==", [{"t": "S", "f": "V", "v": ["I", "u_0"]}, {"t": "S", "f": "V", "v": ["I", "i_1"]}]]}]}, {"t": "E", "f": "EAtom", "v": [{"t": "S", "f": "Op", "v": ["B", "==", [{"t": "S", "f": "V", "v": ["I", "u_0"]}, {"t": "S", "f": "V", "v": ["I", "i_0"]}]]}]}]}, {"t": "E", "f": "EIte", "v": [{"t": "E", "f": "EAtom", "v": [{"t": "S", "f": "Op", "v": ["B", "treei_member", [{"t": "S", "f": "V", "v": ["ITI", "iti_1"]}, {"t": "S", "f": "V", "v": ["I", "u_1"]}]]}]}, {"t": "E", "f": "EOr", "v": [{"t": "E", "f": "EAtom", "v": [{"t": "S", "f": "Op", "v": ["B", "==", [{"t": "S", "f": "V", "v": ["I", "u_0"]}, {"t": "S", "f": "V", "v": ["I", "i_1"]}]]}]}, {"t": "E", "f": "EAnd", "v": [{"t": "E", "f": "EAtom", "v": [{"t": "S", "f": "Op", "v": ["B", "==", [{"t": "S", "f": "V", "v": ["I", "u_0"]}, {"t": "S", "f": "V", "v": ["I", "i_0"]}]]}]}, {"t": "E", "f": "EAtom", "v": [{"t": "S", "f": "Op", "v": ["B", "treei_member", [{"t": "S", "f": "V", "v": ["ITI", "iti_1"]}, {"t": "S", "f": "V", "v": ["I", "i_0"]}]]}]}]}]}, {"t": "E", "f": "EAnd", "v": [{"t": "E", "f": "EAtom", "v": [{"t": "S", "f": "Op", "v": ["B", "treei_member", [{"t": "S", "f": "V", "v": ["ITI", "iti_0"]}, {"t": "S", "f": "V", "v": ["I", "u_1"]}]]}]}, {"t": "E", "f": "EOr", "v": [{"t": "E", "f": "EAtom", "v": [{"t": "S", "f": "Op", "v": ["B", "==", [{"t": "S", "f": "V", "v": ["I", "u_0"]}, {"t": "S", "f": "V", "v": ["I", "i_1"]}]]}]}, {"t": "E", "f": "EAtom", "v": [{"t": "S", "f": "Op", "v": ["B", "==", [{"t": "S", "f": "V", "v": ["I", "u_0"]}, {"t": "S", "f": "V", "v": ["I", "i_0"]}]]}]}]}]}]}]}]}]}]}, {"t": "E", "f": "EAnd", "v": [{"t": "E", "f": "ENot", "v": [{"t": "E", "f": "EAtom", "v": [{"t": "S", "f": "Op", "v": ["B", "treei_member", [{"t": "S", "f": "V", "v": ["ITI", "iti_1"]}, {"t": "S", "f": "V", "v": ["I", "u_0"]}]]}]}]}, {"t": "E", "f": "EOr", "v": [{"t": "E", "f": "EAtom", "v": [{"t": "S", "f": "Op", "v": ["B", "==", [{"t": "S", "f": "V", "v": ["I", "u_0"]}, {"t": "S", "f": "V", "v": ["I", "i_0"]}]]}]}, {"t": "E", "f": "EAnd", "v": [{"t": "E", "f": "ENot", "v": [{"t": "E", "f": "EAtom", "v": [{"t": "S", "f": "Op", "v": ["B", "treei_member", [{"t": "S", "f": "V", "v": ["ITI", "iti_0"]}, {"t": "S", "f": "V", "v": ["I", "u_0"]}]]}]}]}, {"t": "E", "f": "EOr", "v": [{"t": "E", "f": "EAtom", "v": [{"t": "S", "f": "Op", "v": ["B", "treei_member", [{"t": "S", "f": "V", "v": ["ITI", "iti_0"]}, {"t": "S", "f": "V", "v": ["I", "u_1"]}]]}]}, {"t": "E", "f": "EAtom", "v": [{"t": "S", "f": "Op", "v": ["B", "treei_member", [{"t": "S", "f": "V", "v": ["ITI", "iti_1"]}, {"t": "S", "f": "V", "v": ["I", "u_1"]}]]}]}]}]}]}]}]}]}]}]}]}, {"t": "E", "f": "EAnd", "v": [{"t": "E", "f": "ENot", "v": [{"t": "E", "f": "EAtom", "v": [{"t": "S", "f": "Op", "v": ["B", "treei_ancestor", [{"t": "S", "f": "V", "v": ["ITI", "iti_1"]}, {"t": "S", "f": "V", "v": ["I", "u_1"]}, {"t": "S", "f": "V", "v": ["I", "u_0"]}]]}]}]}, {"t": "E", "f": "EAnd", "v": [{"t": "E", "f": "ENot", "v": [{"t": "E", "f": "EAtom", "v": [{"t": "S", "f": "Op", "v": ["B", "treei_member", [{"t": "S", "f": "V", "v": ["ITI", "iti_0"]}, {"t": "S", "f": "V", "v": ["I", "u_1"]}]]}]}]}, {"t": "E", "f": "EAnd", "v": [{"t": "E", "f": "ENot", "v": [{"t": "E", "f": "EAtom", "v": [{"t": "S", "f": "Op", "v": ["B", "treei_member", [{"t": "S", "f": "V", "v": ["ITI", "iti_1"]}, {"t": "S", "f": "V", "v": ["I", "u_1"]}]]}]}]}, {"t": "E", "f": "EAnd", "v": [{"t": "E", "f": "ENot", "v": [{"t": "E", "f": "EAtom", "v": [{"t": "S", "f": "Op", "v": ["B", "treei_ancestor", [{"t": "S", "f": "V", "v": ["ITI", "iti_2"]}, {"t": "S", "f": "V", "v": ["I", "u_1"]}, {"t": "S", "f": "V", "v": ["I", "u_0"]}]]}]}]}, {"t": "E", "f": "EAnd", "v": [{"t": "E", "f": "ENot", "v": [{"t": "E", "f": "EAtom", "v": [{"t": "S", "f": "Op", "v": ["B", "==", [{"t": "S", "f": "V", "v": ["I", "u_1"]}, {"t": "S", "f": "V", "v": ["I", "i_1"]}]]}]}]}, {"t": "E", "f": "EAnd", "v": [{"t": "E", "f": "ENot", "v": [{"t": "E", "f": "EAtom", "v": [{"t": "S", "f": "Op", "v": ["B", "treei_ancestor", [{"t": "S", "f": "V", "v": ["ITI", "iti_0"]}, {"t": "S", "f": "V", "v": ["I", "u_1"]}, {"t": "S", "f": "V", "v": ["I", "u_0"]}]]}]}]}, {"t": "E", "f": "EOr", "v": [{"t": "E", "f": "EAtom", "v": [{"t": "S", "f": "Op", "v": ["B", "==", [{"t": "S", "f": "V", "v": ["I", "u_1"]}, {"t": "S", "f": "V", "v": ["I", "u_0"]}]]}]}, {"t": "E", "f": "EIte", "v": [{"t": "E", "f": "EAtom", "v": [{"t": "S", "f": "Op", "v": ["B", "==", [{"t": "S", "f": "V", "v": ["I", "u_0"]}, {"t": "S", "f": "V", "v": ["I", "i_1"]}]]}]}, {"t": "E", "f": "EAtom", "v": [{"t": "S", "f": "Op", "v": ["B", "treei_member", [{"t": "S", "f": "V", "v": ["ITI", "iti_2"]}, {"t": "S", "f": "V", "v": ["I", "i_1"]}]]}]}, {"t": "E", "f": "EOr", "v": [{"t": "E", "f": "EAtom", "v": [{"t": "S", "f": "Op", "v": ["B", "==", [{"t": "S", "f": "V", "v": ["I", "u_1"]}, {"t": "S", "f": "V", "v": ["I", "i_0"]}]]}]}, {"t": "E", "f": "EIte", "v": [{"t": "E", "f": "EAtom", "v": [{"t": "S", "f": "Op", "v": ["B", "treei_member", [{"t": "S", "f": "V", "v": ["ITI", "iti_2"]}, {"t": "S", "f": "V", "v": ["I", "u_0"]}]]}]}, {"t": "E", "f": "EOr", "v": [{"t": "E", "f": "EAtom", "v": [{"t": "S", "f": "Op", "v": ["B", "treei_member", [{"t": "S", "f": "V", "v": ["ITI", "iti_0"]}, {"t": "S", "f": "V", "v": ["I", "u_0"]}]]}]}, {"t": "E", "f": "EAtom", "v": [{"t": "S", "f": "Op", "v": ["B", "treei_member", [{"t": "S", "f": "V", "v": ["ITI", "iti_1"]}, {"t": "S", "f": "V", "v": ["I", "u_0"]}]]}]}]}, {"t": "E", "f": "EAnd", "v": [{"t": "E", "f": "ENot", "v": [{"t": "E", "f": "EAtom", "v": [{"t": "S", "f": "Op", "v": ["B", "treei_member", [{"t": "S", "f": "V", "v": ["ITI", "iti_0"]}, {"t": "S", "f": "V", "v": ["I", "u_0"]}]]}]}]}, {"t": "E", "f": "ENot", "v": [{"t": "E", "f": "EAtom", "v": [{"t": "S", "f": "Op", "v": ["B", "treei_member", [{"t": "S", "f": "V", "v": ["ITI", "iti_1"]}, {"t": "S", "f": "V", "v": ["I", "u_0"]}]]}]}]}]}]}]}]}]}]}]}]}]}]}]}]}}}}, {"name": "Leftisthp.make_tree", "spec": {"treetp": "spec", "args": [{"t": "tpv", "tp": "I", "n": "i_0"}, {"t": "tpv", "tp": "ITI", "n": "iti_0"}, {"t": "tpv", "tp": "ITI", "n": "iti_1"}, {"t": "tpv", "tp": "ITI", "n": "iti_2"}], "specbody": {"treetp": "ff", "qv": [{"t": "tpv", "tp": "I", "n": "u_0"}, {"t": "tpv", "tp": "I", "n": "u_1"}], "body": {"t": "E", "f": "EIte", "v": [{"t": "E", "f": "EAtom", "v": [{"t": "S", "f": "Op", "v": ["B", "treei_member", [{"t": "S", "f": "V", "v": ["ITI", "iti_2"]}, {"t": "S", "f": "V", "v": ["I", "u_1"]}]]}]}, {"t": "E", "f": "EIte", "v": [{"t": "E", "f": "EAtom", "v": [{"t": "S", "f": "Op", "v": ["B", "treei_member", [{"t": "S", "f": "V", "v": ["ITI", "iti_0"]}, {"t": "S", "f": "V", "v": ["I", "u_1"]}]]}]}, {"t": "E", "f": "EIte", "v": [{"t": "E", "f": "EAtom", "v": [{"t": "S", "f": "Op", "v": ["B", "treei_member", [{"t": "S", "f": "V", "v": ["ITI", "iti_2"]}, {"t": "S", "f": "V", "v": ["I", "u_0"]}]]}]}, {"t": "E", "f": "EIte", "v": [{"t": "E", "f": "EAtom", "v": [{"t": "S", "f": "Op", "v": ["B", "treei_ancestor", [{"t": "S", "f": "V", "v": ["ITI", "iti_2"]}, {"t": "S", "f": "V", "v": ["I", "u_1"]}, {"t": "S", "f": "V", "v": ["I", "u_0"]}]]}]}, {"t": "E", "f": "EOr", "v": [{"t": "E", "f": "EAtom", "v": [{"t": "S", "f": "Op", "v": ["B", "==", [{"t": "S", "f": "V", "v": ["I", "u_1"]}, {"t": "S", "f": "V", "v": ["I", "i_0"]}]]}]}, {"t": "E", "f": "EIte", "v": [{"t": "E", "f": "EAtom", "v": [{"t": "S", "f": "Op", "v": ["B", "treei_member", [{"t": "S", "f": "V", "v": ["ITI", "iti_0"]}, {"t": "S", "f": "V", "v": ["I", "u_0"]}]]}]}, {"t": "E", "f": "EOr", "v": [{"t": "E", "f": "EAtom", "v": [{"t": "S", "f": "Op", "v": ["B", "treei_ancestor", [{"t": "S", "f": "V", "v": ["ITI", "iti_0"]}, {"t": "S", "f": "V", "v": ["I", "u_1"]}, {"t": "S", "f": "V", "v": ["I", "u_0"]}]]}]}, {"t": "E", "f": "EAtom", "v": [{"t": "S", "f": "Op", "v": ["B", "treei_ancestor", [{"t": "S", "f": "V", "v": ["ITI", "iti_1"]}, {"t": "S", "f": "V", "v": ["I", "u_1"]}, {"t": "S", "f": "V", "v": ["I", "u_0"]}]]}]}]}, {"t": "E", "f": "EAnd", "v": [{"t": "E", "f": "EAtom", "v": [{"t": "S", "f": "Op", "v": ["B", "treei_ancestor", [{"t": "S", "f": "V", "v": ["ITI", "iti_1"]}, {"t": "S", "f": "V", "v": ["I", "u_1"]}, {"t": "S", "f": "V", "v": ["I", "u_0"]}]]}]}, {"t": "E", "f": "EAtom", "v": [{"t": "S", "f": "Op", "v": ["B", "treei_member", [{"t": "S", "f": "V", "v": ["ITI", "iti_1"]}, {"t": "S", "f": "V", "v": ["I", "u_1"]}]]}]}]}]}]}, {"t": "E", "f": "EAnd", "v": [{"t": "E", "f": "ENot", "v": [{"t": "E", "f": "EAtom", "v": [{"t": "S", "f": "Op", "v": ["B", "==", [{"t": "S", "f": "V", "v": ["I", "u_1"]}, {"t": "S", "f": "V", "v": ["I", "i_0"]}]]}]}]}, {"t": "E", "f": "ENot", "v": [{"t": "E", "f": "EAtom", "v": [{"t": "S", "f": "Op", "v": ["B", "treei_ancestor", [{"t": "S", "f": "V", "v": ["ITI", "iti_0"]}, {"t": "S", "f": "V", "v": ["I", "u_1"]}, {"t": "S", "f": "V", "v": ["I", "u_0"]}]]}]}]}]}]}, {"t": "E", "f": "EAnd", "v": [{"t": "E", "f": "ENot", "v": [{"t": "E", "f": "EAtom", "v": [{"t": "S", "f": "Op", "v": ["B", "treei_ancestor", [{"t": "S", "f": "V", "v": ["ITI", "iti_0"]}, {"t": "S", "f": "V", "v": ["I", "u_1"]}, {"t": "S", "f": "V", "v": ["I", "u_0"]}]]}]}]}, {"t": "E", "f": "EAnd", "v": [{"t": "E", "f": "ENot", "v": [{"t": "E", "f": "EAtom", "v": [{"t": "S", "f": "Op", "v": ["B", "treei_member", [{"t": "S", "f": "V", "v": ["ITI", "iti_0"]}, {"t": "S", "f": "V", "v": ["I", "u_0"]}]]}]}]}, {"t": "E", "f": "ENot", "v": [{"t": "E", "f": "EAtom", "v": [{"t": "S", "f": "Op", "v": ["B", "treei_ancestor", [{"t": "S", "f": "V", "v": ["ITI", "iti_2"]}, {"t": "S", "f": "V", "v": ["I", "u_1"]}, {"t": "S", "f": "V", "v": ["I", "u_0"]}]]}]}]}]}]}]}, {"t": "E", "f": "EAnd", "v": [{"t": "E", "f": "ENot", "v": [{"t": "E", "f": "EAtom", "v": [{"t": "S", "f": "Op", "v": ["B", "treei_ancestor", [{"t": "S", "f": "V", "v": ["ITI", "iti_0"]}, {"t": "S", "f": "V", "v": ["I", "u_1"]}, {"t": "S", "f": "V", "v": ["I", "u_0"]}]]}]}]}, {"t": "E", "f": "EIte", "v": [{"t": "E", "f": "EAtom", "v": [{"t": "S", "f": "Op", "v": ["B", "treei_member", [{"t": "S", "f": "V", "v": ["ITI", "iti_1"]}, {"t": "S", "f": "V", "v": ["I", "u_1"]}]]}]}, {"t": "E", "f": "EIte", "v": [{"t": "E", "f": "EAtom", "v": [{"t": "S", "f": "Op", "v": ["B", "treei_member", [{"t": "S", "f": "V", "v": ["ITI", "iti_1"]}, {"t": "S", "f": "V", "v": ["I", "u_0"]}]]}]}, {"t": "E", "f": "EAnd", "v": [{"t": "E", "f": "EAtom", "v": [{"t": "S", "f": "Op", "v": ["B", "treei_member", [{"t": "S", "f": "V", "v": ["ITI", "iti_2"]}, {"t": "S", "f": "V", "v": ["I", "u_0"]}]]}]}, {"t": "E", "f": "EIte", "v": [{"t": "E", "f": "EAtom", "v": [{"t": "S", "f": "Op", "v": ["B", "treei_ancestor", [{"t": "S", "f": "V", "v": ["ITI", "iti_1"]}, {"t": "S", "f": "V", "v": ["I", "u_1"]}, {"t": "S", "f": "V", "v": ["I", "u_0"]}]]}]}, {"t": "E", "f": "EAtom", "v": [{"t": "S", "f": "Op", "v": ["B", "treei_ancestor", [{"t": "S", "f": "V", "v": ["ITI", "iti_2"]}, {"t": "S", "f": "V", "v": ["I", "u_1"]}, {"t": "S", "f": "V", "v": ["I", "u_0"]}]]}]}, {"t": "E", "f": "EIte", "v": [{"t": "E", "f": "EAtom", "v": [{"t": "S", "f": "Op", "v": ["B", "==", [{"t": "S", "f": "V", "v": ["I", "u_1"]}, {"t": "S", "f": "V", "v": ["I", "i_0"]}]]}]}, {"t": "E", "f": "EAtom", "v": [{"t": "S", "f": "Op", "v": ["B", "treei_ancestor", [{"t": "S", "f": "V", "v": ["ITI", "iti_2"]}, {"t": "S", "f": "V", "v": ["I", "i_0"]}, {"t": "S", "f": "V", "v": ["I", "u_0"]}]]}]}, {"t": "E", "f": "ENot", "v": [{"t": "E", "f": "EAtom", "v": [{"t": "S", "f": "Op", "v": ["B", "treei_ancestor", [{"t": "S", "f": "V", "v": ["ITI", "iti_2"]}, {"t": "S", "f": "V", "v": ["I", "u_1"]}, {"t": "S", "f": "V", "v": ["I", "u_0"]}]]}]}]}]}]}]}, {"t": "E", "f": "EIte", "v": [{"t": "E", "f": "EAtom", "v": [{"t": "S", "f": "Op", "v": ["B", "treei_ancestor", [{"t": "S", "f": "V", "v": ["ITI", "iti_2"]}, {"t": "S", "f": "V", "v": ["I", "u_1"]}, {"t": "S", "f": "V", "v": ["I", "u_0"]}]]}]}, {"t": "E", "f": "EAnd", "v": [{"t": "E", "f": "EAtom", "v": [{"t": "S", "f": "Op", "v": ["B", "==", [{"t": "S", "f": "V", "v": ["I", "u_1"]}, {"t": "S", "f": "V", "v": ["I", "i_0"]}]]}]}, {"t": "E", "f": "EAtom", "v": [{"t": "S", "f": "Op", "v": ["B", "treei_member", [{"t": "S", "f": "V", "v": ["ITI", "iti_0"]}, {"t": "S", "f": "V", "v": ["I", "u_0"]}]]}]}]}, {"t": "E", "f": "EIte", "v": [{"t": "E", "f": "EAtom", "v": [{"t": "S", "f": "Op", "v": ["B", "treei_member", [{"t": "S", "f": "V", "v": ["ITI", "iti_0"]}, {"t": "S", "f": "V", "v": ["I", "u_0"]}]]}]}, {"t": "E", "f": "EAnd", "v": [{"t": "E", "f": "EAtom", "v": [{"t": "S", "f": "Op", "v": ["B", "treei_member", [{"t": "S", "f": "V", "v": ["ITI", "iti_2"]}, {"t": "S", "f": "V", "v": ["I", "u_0"]}]]}]}, {"t": "E", "f": "ENot", "v": [{"t": "E", "f": "EAtom", "v": [{"t": "S", "f": "Op", "v": ["B", "==", [{"t": "S", "f": "V", "v": ["I", "u_1"]}, {"t": "S", "f": "V", "v": ["I", "i_0"]}]]}]}]}]}, {"t": "E", "f": "EOr", "v": [{"t": "E", "f": "ENot", "v": [{"t": "E", "f": "EAtom", "v": [{"t": "S", "f": "Op", "v": ["B", "treei_member", [{"t": "S", "f": "V", "v": ["ITI", "iti_2"]}, {"t": "S", "f": "V", "v": ["I", "u_0"]}]]}]}]}, {"t": "E", "f": "EAtom", "v": [{"t": "S", "f": "Op", "v": ["B", "==", [{"t": "S", "f": "V", "v": ["I", "u_0"]}, {"t": "S", "f": "V", "v": ["I", "i_0"]}]]}]}]}]}]}]}, {"t": "E", "f": "EAnd", "v": [{"t": "E", "f": "EAtom", "v": [{"t": "S", "f": "Op", "v": ["B", "==", [{"t": "S", "f": "V", "v": ["I", "u_1"]}, {"t": "S", "f": "V", "v": ["I", "i_0"]}]]}]}, {"t": "E", "f": "EAnd", "v": [{"t": "E", "f": "ENot", "v": [{"t": "E", "f": "EAtom", "v": [{"t": "S", "f": "Op", "v": ["B", "treei_ancestor", [{"t": "S", "f": "V", "v": ["ITI", "iti_1"]}, {"t": "S", "f": "V", "v": ["I", "i_0"]}, {"t": "S", "f": "V", "v": ["I", "u_0"]}]]}]}]}, {"t": "E", "f": "EIte", "v": [{"t": "E", "f": "EAtom", "v": [{"t": "S", "f": "Op", "v": ["B", "treei_member", [{"t": "S", "f": "V", "v": ["ITI", "iti_2"]}, {"t": "S", "f": "V", "v": ["I", "u_0"]}]]}]}, {"t": "E", "f": "EIte", "v": [{"t": "E", "f": "EAtom", "v": [{"t": "S", "f": "Op", "v": ["B", "treei_ancestor", [{"t": "S", "f": "V", "v": ["ITI", "iti_2"]}, {"t": "S", "f": "V", "v": ["I", "i_0"]}, {"t": "S", "f": "V", "v": ["I", "u_0"]}]]}]}, {"t": "E", "f": "ENot", "v": [{"t": "E", "f": "EAtom", "v": [{"t": "S", "f": "Op", "v": ["B", "==", [{"t": "S", "f": "V", "v": ["I", "i_0"]}, {"t": "S", "f": "V", "v": ["I", "u_0"]}]]}]}]}, {"t": "E", "f": "EAtom", "v": [{"t": "S", "f": "Op", "v": ["B", "==", [{"t": "S", "f": "V", "v": ["I", "i_0"]}, {"t": "S", "f": "V", "v": ["I", "u_0"]}]]}]}]}, {"t": "E", "f": "EAnd", "v": [{"t": "E", "f": "ENot", "v": [{"t": "E", "f": "EAtom", "v": [{"t": "S", "f": "Op", "v": ["B", "treei_member", [{"t": "S", "f": "V", "v": ["ITI", "iti_1"]}, {"t": "S", "f": "V", "v": ["I", "u_0"]}]]}]}]}, {"t": "E", "f": "ENot", "v": [{"t": "E", "f": "EAtom", "v": [{"t": "S", "f": "Op", "v": ["B", "treei_ancestor", [{"t": "S", "f": "V", "v": ["ITI", "iti_2"]}, {"t": "S", "f": "V", "v": ["I", "i_0"]}, {"t": "S", "f": "V", "v": ["I", "u_0"]}]]}]}]}]}]}]}]}]}]}]}, {"t": "E", "f": "EAnd", "v": [{"t": "E", "f": "ENot", "v": [{"t": "E", "f": "EAtom", "v": [{"t": "S", "f": "Op", "v": ["B", "treei_ancestor", [{"t": "S", "f": "V", "v": ["ITI", "iti_0"]}, {"t": "S", "f": "V", "v": ["I", "u_1"]}, {"t": "S", "f": "V", "v": ["I", "u_0"]}]]}]}]}, {"t": "E", "f": "EAnd", "v": [{"t": "E", "f": "ENot", "v": [{"t": "E", "f": "EAtom", "v": [{"t": "S", "f": "Op", "v": ["B", "==", [{"t": "S", "f": "V", "v": ["I", "u_1"]}, {"t": "S", "f": "V", "v": ["I", "i_0"]}]]}]}]}, {"t": "E", "f": "EAnd", "v": [{"t": "E", "f": "ENot", "v": [{"t": "E", "f": "EAtom", "v": [{"t": "S", "f": "Op", "v": ["B", "treei_ancestor", [{"t": "S", "f": "V", "v": ["ITI", "iti_2"]}, {"t": "S", "f": "V", "v": ["I", "u_1"]}, {"t": "S", "f": "V", "v": ["I", "u_0"]}]]}]}]}, {"t": "E", "f": "EIte", "v": [{"t": "E", "f": "EAtom", "v": [{"t": "S", "f": "Op", "v": ["B", "treei_member", [{"t": "S", "f": "V", "v": ["ITI", "iti_2"]}, {"t": "S", "f": "V", "v": ["I", "u_0"]}]]}]}, {"t": "E", "f": "EOr", "v": [{"t": "E", "f": "EAtom", "v": [{"t": "S", "f": "Op", "v": ["B", "treei_member", [{"t": "S", "f": "V", "v": ["ITI", "iti_0"]}, {"t": "S", "f": "V", "v": ["I", "u_0"]}]]}]}, {"t": "E", "f": "EAnd", "v": [{"t": "E", "f": "ENot", "v": [{"t": "E", "f": "EAtom", "v": [{"t": "S", "f": "Op", "v": ["B", "treei_member", [{"t": "S", "f": "V", "v": ["ITI", "iti_0"]}, {"t": "S", "f": "V", "v": ["I", "u_1"]}]]}]}]}, {"t": "E", "f": "ENot", "v": [{"t": "E", "f": "EAtom", "v": [{"t": "S", "f": "Op", "v": ["B", "treei_member", [{"t": "S", "f": "V", "v": ["ITI", "iti_1"]}, {"t": "S", "f": "V", "v": ["I", "u_1"]}]]}]}]}]}]}, {"t": "E", "f": "EAnd", "v": [{"t": "E", "f": "ENot", "v": [{"t": "E", "f": "EAtom", "v": [{"t": "S", "f": "Op", "v": ["B", "treei_member", [{"t": "S", "f": "V", "v": ["ITI", "iti_0"]}, {"t": "S", "f": "V", "v": ["I", "u_1"]}]]}]}]}, {"t": "E", "f": "EAnd", "v": [{"t": "E", "f": "ENot", "v": [{"t": "E", "f": "EAtom", "v": [{"t": "S", "f": "Op", "v": ["B", "treei_member", [{"t": "S", "f": "V", "v": ["ITI", "iti_1"]}, {"t": "S", "f": "V", "v": ["I", "u_1"]}]]}]}]}, {"t": "E", "f": "EOr", "v": [{"t": "E", "f": "EAtom", "v": [{"t": "S", "f": "Op", "v": ["B", "==", [{"t": "S", "f": "V", "v": ["I", "u_1"]}, {"t": "S", "f": "V", "v": ["I", "u_0"]}]]}]}, {"t": "E", "f": "EAnd", "v": [{"t": "E", "f": "ENot", "v": [{"t": "E", "f": "EAtom", "v": [{"t": "S", "f": "Op", "v": ["B", "==", [{"t": "S", "f": "V", "v": ["I", "u_0"]}, {"t": "S", "f": "V", "v": ["I", "i_0"]}]]}]}]}, {"t": "E", "f": "EAnd", "v": [{"t": "E", "f": "ENot", "v": [{"t": "E", "f": "EAtom", "v": [{"t": "S", "f": "Op", "v": ["B", "treei_member", [{"t": "S", "f": "V", "v": ["ITI", "iti_0"]}, {"t": "S", "f": "V", "v": ["I", "u_0"]}]]}]}]}, {"t": "E", "f": "ENot", "v": [{"t": "E", "f": "EAtom", "v": [{"t": "S", "f": "Op", "v": ["B", "treei_member", [{"t": "S", "f": "V", "v": ["ITI", "iti_1"]}, {"t": "S", "f": "V", "v": ["I", "u_0"]}]]}]}]}]}]}]}]}]}]}]}]}]}]}}}}, {"name": "Leftisthp.leaf", "spec": {"treetp": "spec", "args": [{"t": "tpv", "tp": "ITI", "n": "iti_0"}], "specbody": {"treetp": "ff", "qv": [{"t": "tpv", "tp": "I", "n": "u_0"}, {"t": "tpv", "tp": "I", "n": "u_1"}], "body": {"t": "E", "f": "EAnd", "v": [{"t": "E", "f": "ENot", "v": [{"t": "E", "f": "EAtom", "v": [{"t": "S", "f": "Op", "v": ["B", "treei_member", [{"t": "S", "f": "V", "v": ["ITI", "iti_0"]}, {"t": "S", "f": "V", "v": ["I", "u_1"]}]]}]}]}, {"t": "E", "f": "ENot", "v": [{"t": "E", "f": "EAtom", "v": [{"t": "S", "f": "Op", "v": ["B", "treei_member", [{"t": "S", "f": "V", "v": ["ITI", "iti_0"]}, {"t": "S", "f": "V", "v": ["I", "u_0"]}]]}]}]}]}}}}]}