{"start_posfv":1031,"start_negfv":302,"start_mayfv":412,"num_pos_query":2348,"num_z3_pos_query":2348,"num_pos_verify":2348,"num_z3_pos_verify":4288,"num_neg_query":1999,"num_z3_neg_query":4152,"num_weakening":1940,"interval":300.0,"interval_past":10.429282999997668,"num_weakening_every_interval":[2,49,48,43,42,43,40,40,35,36,40,41,39,38,38,46,34,35,33,37,42,40,42,39,39,37,32,35,33,45,49,44,43,51,52,47,38,44,44,44,43,41,41,41,37,30,30,35,43],"run_time":14410.429282999998,"end_posfv":0,"end_negfv":0,"end_mayfv":0}