{"vc":{"preds":["tree_member"],"multi_pre":[{"pre_flow":{"t":"A","f":"AAnd","v":[{"t":"A","f":"ASpecApply","v":["t",[{"t":"S","f":"V","v":["ITI","tree1"]},{"t":"S","f":"V","v":["I","y"]},{"t":"S","f":"V","v":["ITI","tree2"]},{"t":"S","f":"V","v":["IT","nu_t"]}]]},{"t":"A","f":"ASpecApply","v":["equal",[{"t":"S","f":"V","v":["IT","tree3"]},{"t":"S","f":"V","v":["IT","nu_t"]}]]},{"t":"A","f":"ASpecApply","v":["lt",[{"t":"S","f":"V","v":["I","x"]},{"t":"S","f":"V","v":["I","y"]},{"t":"S","f":"Lit","v":["B",{"t":"Lit","f":"Bool","v":false}]}]]},{"t":"A","f":"ASpecApply","v":["lt",[{"t":"S","f":"V","v":["I","y"]},{"t":"S","f":"V","v":["I","x"]},{"t":"S","f":"Lit","v":["B",{"t":"Lit","f":"Bool","v":true}]}]]},{"t":"A","f":"AImplies","v":[{"t":"A","f":"ASpecApply","v":["InsertPre",[{"t":"S","f":"V","v":["I","x"]},{"t":"S","f":"V","v":["ITI","tree2"]},{"t":"S","f":"V","v":["IT","nu_insert"]}]]},{"t":"A","f":"ASpecApply","v":["InsertPost",[{"t":"S","f":"V","v":["I","x"]},{"t":"S","f":"V","v":["ITI","tree2"]},{"t":"S","f":"V","v":["IT","nu_insert"]}]]}]},{"t":"A","f":"ASpecApply","v":["t",[{"t":"S","f":"V","v":["ITI","tree1"]},{"t":"S","f":"V","v":["I","y"]},{"t":"S","f":"V","v":["IT","nu_insert"]},{"t":"S","f":"V","v":["IT","nu"]}]]}]},"applied_args_map":[{"name":"t","applied_args":[[{"t":"S","f":"V","v":["ITI","tree1"]},{"t":"S","f":"V","v":["I","y"]},{"t":"S","f":"V","v":["IT","nu_insert"]},{"t":"S","f":"V","v":["IT","nu"]}],[{"t":"S","f":"V","v":["ITI","tree1"]},{"t":"S","f":"V","v":["I","y"]},{"t":"S","f":"V","v":["ITI","tree2"]},{"t":"S","f":"V","v":["IT","nu_t"]}]]}]},{"pre_flow":{"t":"A","f":"AAnd","v":[{"t":"A","f":"ASpecApply","v":["t",[{"t":"S","f":"V","v":["ITI","tree1"]},{"t":"S","f":"V","v":["I","y"]},{"t":"S","f":"V","v":["ITI","tree2"]},{"t":"S","f":"V","v":["IT","nu_t"]}]]},{"t":"A","f":"ASpecApply","v":["equal",[{"t":"S","f":"V","v":["IT","tree3"]},{"t":"S","f":"V","v":["IT","nu_t"]}]]},{"t":"A","f":"ASpecApply","v":["lt",[{"t":"S","f":"V","v":["I","x"]},{"t":"S","f":"V","v":["I","y"]},{"t":"S","f":"Lit","v":["B",{"t":"Lit","f":"Bool","v":false}]}]]},{"t":"A","f":"ASpecApply","v":["lt",[{"t":"S","f":"V","v":["I","y"]},{"t":"S","f":"V","v":["I","x"]},{"t":"S","f":"Lit","v":["B",{"t":"Lit","f":"Bool","v":false}]}]]},{"t":"A","f":"ASpecApply","v":["t",[{"t":"S","f":"V","v":["ITI","tree1"]},{"t":"S","f":"V","v":["I","y"]},{"t":"S","f":"V","v":["ITI","tree2"]},{"t":"S","f":"V","v":["IT","nu"]}]]}]},"applied_args_map":[{"name":"t","applied_args":[[{"t":"S","f":"V","v":["ITI","tree1"]},{"t":"S","f":"V","v":["I","y"]},{"t":"S","f":"V","v":["ITI","tree2"]},{"t":"S","f":"V","v":["IT","nu"]}],[{"t":"S","f":"V","v":["ITI","tree1"]},{"t":"S","f":"V","v":["I","y"]},{"t":"S","f":"V","v":["ITI","tree2"]},{"t":"S","f":"V","v":["IT","nu_t"]}]]}]},{"pre_flow":{"t":"A","f":"AAnd","v":[{"t":"A","f":"ASpecApply","v":["t",[{"t":"S","f":"V","v":["ITI","tree1"]},{"t":"S","f":"V","v":["I","y"]},{"t":"S","f":"V","v":["ITI","tree2"]},{"t":"S","f":"V","v":["IT","nu_t"]}]]},{"t":"A","f":"ASpecApply","v":["equal",[{"t":"S","f":"V","v":["IT","tree3"]},{"t":"S","f":"V","v":["IT","nu_t"]}]]},{"t":"A","f":"ASpecApply","v":["lt",[{"t":"S","f":"V","v":["I","x"]},{"t":"S","f":"V","v":["I","y"]},{"t":"S","f":"Lit","v":["B",{"t":"Lit","f":"Bool","v":true}]}]]},{"t":"A","f":"AImplies","v":[{"t":"A","f":"ASpecApply","v":["InsertPre",[{"t":"S","f":"V","v":["I","x"]},{"t":"S","f":"V","v":["ITI","tree1"]},{"t":"S","f":"V","v":["IT","nu_insert"]}]]},{"t":"A","f":"ASpecApply","v":["InsertPost",[{"t":"S","f":"V","v":["I","x"]},{"t":"S","f":"V","v":["ITI","tree1"]},{"t":"S","f":"V","v":["IT","nu_insert"]}]]}]},{"t":"A","f":"ASpecApply","v":["t",[{"t":"S","f":"V","v":["IT","nu_insert"]},{"t":"S","f":"V","v":["I","y"]},{"t":"S","f":"V","v":["ITI","tree2"]},{"t":"S","f":"V","v":["IT","nu"]}]]}]},"applied_args_map":[{"name":"t","applied_args":[[{"t":"S","f":"V","v":["IT","nu_insert"]},{"t":"S","f":"V","v":["I","y"]},{"t":"S","f":"V","v":["ITI","tree2"]},{"t":"S","f":"V","v":["IT","nu"]}],[{"t":"S","f":"V","v":["ITI","tree1"]},{"t":"S","f":"V","v":["I","y"]},{"t":"S","f":"V","v":["ITI","tree2"]},{"t":"S","f":"V","v":["IT","nu_t"]}]]}]},{"pre_flow":{"t":"A","f":"AAnd","v":[{"t":"A","f":"ASpecApply","v":["e",[{"t":"S","f":"V","v":["IT","nu_e"]}]]},{"t":"A","f":"ASpecApply","v":["equal",[{"t":"S","f":"V","v":["IT","tree3"]},{"t":"S","f":"V","v":["IT","nu_e"]}]]},{"t":"A","f":"ASpecApply","v":["t",[{"t":"S","f":"V","v":["IT","nu_e"]},{"t":"S","f":"V","v":["I","x"]},{"t":"S","f":"V","v":["IT","nu_e"]},{"t":"S","f":"V","v":["IT","nu"]}]]}]},"applied_args_map":[{"name":"t","applied_args":[[{"t":"S","f":"V","v":["IT","nu_e"]},{"t":"S","f":"V","v":["I","x"]},{"t":"S","f":"V","v":["IT","nu_e"]},{"t":"S","f":"V","v":["IT","nu"]}]]},{"name":"e","applied_args":[[{"t":"S","f":"V","v":["IT","nu_e"]}]]}]}],"post":{"t":"A","f":"AImplies","v":[{"t":"A","f":"ASpecApply","v":["InsertPre",[{"t":"S","f":"V","v":["I","x"]},{"t":"S","f":"V","v":["ITI","tree3"]},{"t":"S","f":"V","v":["IT","nu"]}]]},{"t":"A","f":"ASpecApply","v":["InsertPost",[{"t":"S","f":"V","v":["I","x"]},{"t":"S","f":"V","v":["ITI","tree3"]},{"t":"S","f":"V","v":["IT","nu"]}]]}]},"spectable":[{"name":"t","spec":{"treetp":"spec","args":[{"t":"tpv","tp":"IT","n":"it_0"},{"t":"tpv","tp":"I","n":"i_0"},{"t":"tpv","tp":"IT","n":"it_1"},{"t":"tpv","tp":"IT","n":"it_2"}],"specbody":{"treetp":"ff","qv":[{"t":"tpv","tp":"I","n":"u_0"},{"t":"tpv","tp":"I","n":"u_1"}],"body":{"t":"E","f":"EOr","v":[{"t":"E","f":"EIte","v":[{"t":"E","f":"EAtom","v":[{"t":"S","f":"Op","v":["B","tree_member",[{"t":"S","f":"V","v":["IT","it_2"]},{"t":"S","f":"V","v":["I","u_0"]}]]}]},{"t":"E","f":"EOr","v":[{"t":"E","f":"EAtom","v":[{"t":"S","f":"Op","v":["B","==",[{"t":"S","f":"V","v":["I","u_0"]},{"t":"S","f":"V","v":["I","i_0"]}]]}]},{"t":"E","f":"EOr","v":[{"t":"E","f":"EAtom","v":[{"t":"S","f":"Op","v":["B","tree_member",[{"t":"S","f":"V","v":["IT","it_0"]},{"t":"S","f":"V","v":["I","u_0"]}]]}]},{"t":"E","f":"EAtom","v":[{"t":"S","f":"Op","v":["B","tree_member",[{"t":"S","f":"V","v":["IT","it_1"]},{"t":"S","f":"V","v":["I","u_0"]}]]}]}]}]},{"t":"E","f":"EAnd","v":[{"t":"E","f":"ENot","v":[{"t":"E","f":"EAtom","v":[{"t":"S","f":"Op","v":["B","==",[{"t":"S","f":"V","v":["I","u_0"]},{"t":"S","f":"V","v":["I","i_0"]}]]}]}]},{"t":"E","f":"EAnd","v":[{"t":"E","f":"ENot","v":[{"t":"E","f":"EAtom","v":[{"t":"S","f":"Op","v":["B","tree_member",[{"t":"S","f":"V","v":["IT","it_0"]},{"t":"S","f":"V","v":["I","u_0"]}]]}]}]},{"t":"E","f":"ENot","v":[{"t":"E","f":"EAtom","v":[{"t":"S","f":"Op","v":["B","tree_member",[{"t":"S","f":"V","v":["IT","it_1"]},{"t":"S","f":"V","v":["I","u_0"]}]]}]}]}]}]}]},{"t":"E","f":"EIte","v":[{"t":"E","f":"EAtom","v":[{"t":"S","f":"Op","v":["B","==",[{"t":"S","f":"V","v":["I","u_1"]},{"t":"S","f":"V","v":["I","i_0"]}]]}]},{"t":"E","f":"EIte","v":[{"t":"E","f":"EAtom","v":[{"t":"S","f":"Op","v":["B","tree_member",[{"t":"S","f":"V","v":["IT","it_2"]},{"t":"S","f":"V","v":["I","u_0"]}]]}]},{"t":"E","f":"EOr","v":[{"t":"E","f":"EAtom","v":[{"t":"S","f":"Op","v":["B","tree_member",[{"t":"S","f":"V","v":["IT","it_0"]},{"t":"S","f":"V","v":["I","u_0"]}]]}]},{"t":"E","f":"EOr","v":[{"t":"E","f":"EAtom","v":[{"t":"S","f":"Op","v":["B","tree_member",[{"t":"S","f":"V","v":["IT","it_1"]},{"t":"S","f":"V","v":["I","u_0"]}]]}]},{"t":"E","f":"EOr","v":[{"t":"E","f":"EAtom","v":[{"t":"S","f":"Op","v":["B","==",[{"t":"S","f":"V","v":["I","i_0"]},{"t":"S","f":"V","v":["I","u_0"]}]]}]},{"t":"E","f":"ENot","v":[{"t":"E","f":"EAtom","v":[{"t":"S","f":"Op","v":["B","tree_member",[{"t":"S","f":"V","v":["IT","it_2"]},{"t":"S","f":"V","v":["I","i_0"]}]]}]}]}]}]}]},{"t":"E","f":"EIte","v":[{"t":"E","f":"EAtom","v":[{"t":"S","f":"Op","v":["B","tree_member",[{"t":"S","f":"V","v":["IT","it_1"]},{"t":"S","f":"V","v":["I","u_0"]}]]}]},{"t":"E","f":"EIte","v":[{"t":"E","f":"EAtom","v":[{"t":"S","f":"Op","v":["B","==",[{"t":"S","f":"V","v":["I","i_0"]},{"t":"S","f":"V","v":["I","u_0"]}]]}]},{"t":"E","f":"ENot","v":[{"t":"E","f":"EAtom","v":[{"t":"S","f":"Op","v":["B","==",[{"t":"S","f":"V","v":["I","u_0"]},{"t":"S","f":"V","v":["I","u_0"]}]]}]}]},{"t":"E","f":"EOr","v":[{"t":"E","f":"ENot","v":[{"t":"E","f":"EAtom","v":[{"t":"S","f":"Op","v":["B","tree_member",[{"t":"S","f":"V","v":["IT","it_0"]},{"t":"S","f":"V","v":["I","u_0"]}]]}]}]},{"t":"E","f":"EOr","v":[{"t":"E","f":"EAtom","v":[{"t":"S","f":"Op","v":["B","==",[{"t":"S","f":"V","v":["I","u_0"]},{"t":"S","f":"V","v":["I","i_0"]}]]}]},{"t":"E","f":"ENot","v":[{"t":"E","f":"EAtom","v":[{"t":"S","f":"Op","v":["B","tree_member",[{"t":"S","f":"V","v":["IT","it_2"]},{"t":"S","f":"V","v":["I","i_0"]}]]}]}]}]}]}]},{"t":"E","f":"EIte","v":[{"t":"E","f":"EAtom","v":[{"t":"S","f":"Op","v":["B","tree_member",[{"t":"S","f":"V","v":["IT","it_1"]},{"t":"S","f":"V","v":["I","i_0"]}]]}]},{"t":"E","f":"EOr","v":[{"t":"E","f":"EAtom","v":[{"t":"S","f":"Op","v":["B","==",[{"t":"S","f":"V","v":["I","u_0"]},{"t":"S","f":"V","v":["I","i_0"]}]]}]},{"t":"E","f":"EOr","v":[{"t":"E","f":"ENot","v":[{"t":"E","f":"EAtom","v":[{"t":"S","f":"Op","v":["B","tree_member",[{"t":"S","f":"V","v":["IT","it_0"]},{"t":"S","f":"V","v":["I","u_0"]}]]}]}]},{"t":"E","f":"EOr","v":[{"t":"E","f":"EAtom","v":[{"t":"S","f":"Op","v":["B","==",[{"t":"S","f":"V","v":["I","i_0"]},{"t":"S","f":"V","v":["I","u_0"]}]]}]},{"t":"E","f":"ENot","v":[{"t":"E","f":"EAtom","v":[{"t":"S","f":"Op","v":["B","tree_member",[{"t":"S","f":"V","v":["IT","it_2"]},{"t":"S","f":"V","v":["I","i_0"]}]]}]}]}]}]}]},{"t":"E","f":"EIte","v":[{"t":"E","f":"EAtom","v":[{"t":"S","f":"Op","v":["B","==",[{"t":"S","f":"V","v":["I","i_0"]},{"t":"S","f":"V","v":["I","u_0"]}]]}]},{"t":"E","f":"ENot","v":[{"t":"E","f":"EAtom","v":[{"t":"S","f":"Op","v":["B","==",[{"t":"S","f":"V","v":["I","u_0"]},{"t":"S","f":"V","v":["I","u_0"]}]]}]}]},{"t":"E","f":"EOr","v":[{"t":"E","f":"ENot","v":[{"t":"E","f":"EAtom","v":[{"t":"S","f":"Op","v":["B","tree_member",[{"t":"S","f":"V","v":["IT","it_0"]},{"t":"S","f":"V","v":["I","u_0"]}]]}]}]},{"t":"E","f":"EOr","v":[{"t":"E","f":"EAtom","v":[{"t":"S","f":"Op","v":["B","==",[{"t":"S","f":"V","v":["I","u_0"]},{"t":"S","f":"V","v":["I","i_0"]}]]}]},{"t":"E","f":"ENot","v":[{"t":"E","f":"EAtom","v":[{"t":"S","f":"Op","v":["B","tree_member",[{"t":"S","f":"V","v":["IT","it_2"]},{"t":"S","f":"V","v":["I","i_0"]}]]}]}]}]}]}]}]}]}]},{"t":"E","f":"EOr","v":[{"t":"E","f":"ENot","v":[{"t":"E","f":"EAtom","v":[{"t":"S","f":"Op","v":["B","==",[{"t":"S","f":"V","v":["I","u_1"]},{"t":"S","f":"V","v":["I","u_0"]}]]}]}]},{"t":"E","f":"EOr","v":[{"t":"E","f":"ENot","v":[{"t":"E","f":"EAtom","v":[{"t":"S","f":"Op","v":["B","tree_member",[{"t":"S","f":"V","v":["IT","it_1"]},{"t":"S","f":"V","v":["I","u_0"]}]]}]}]},{"t":"E","f":"EOr","v":[{"t":"E","f":"EAtom","v":[{"t":"S","f":"Op","v":["B","tree_member",[{"t":"S","f":"V","v":["IT","it_0"]},{"t":"S","f":"V","v":["I","u_0"]}]]}]},{"t":"E","f":"EOr","v":[{"t":"E","f":"EAtom","v":[{"t":"S","f":"Op","v":["B","tree_member",[{"t":"S","f":"V","v":["IT","it_2"]},{"t":"S","f":"V","v":["I","u_0"]}]]}]},{"t":"E","f":"EAtom","v":[{"t":"S","f":"Op","v":["B","==",[{"t":"S","f":"V","v":["I","u_0"]},{"t":"S","f":"V","v":["I","i_0"]}]]}]}]}]}]}]}]}]}}}},{"name":"lt","spec":{"treetp":"spec","args":[{"t":"tpv","tp":"I","n":"x"},{"t":"tpv","tp":"I","n":"y"},{"t":"tpv","tp":"B","n":"bool0"}],"specbody":{"treetp":"ff","qv":[],"body":{"t":"E","f":"EAtom","v":[{"t":"S","f":"Op","v":["B","==",[{"t":"S","f":"Op","v":["B","<",[{"t":"S","f":"V","v":["I","x"]},{"t":"S","f":"V","v":["I","y"]}]]},{"t":"S","f":"V","v":["B","bool0"]}]]}]}}}},{"name":"le","spec":{"treetp":"spec","args":[{"t":"tpv","tp":"I","n":"x"},{"t":"tpv","tp":"I","n":"y"},{"t":"tpv","tp":"B","n":"bool0"}],"specbody":{"treetp":"ff","qv":[],"body":{"t":"E","f":"EAtom","v":[{"t":"S","f":"Op","v":["B","==",[{"t":"S","f":"Op","v":["B","<=",[{"t":"S","f":"V","v":["I","x"]},{"t":"S","f":"V","v":["I","y"]}]]},{"t":"S","f":"V","v":["B","bool0"]}]]}]}}}},{"name":"is_true","spec":{"treetp":"spec","args":[{"t":"tpv","tp":"B","n":"x"}],"specbody":{"treetp":"ff","qv":[],"body":{"t":"E","f":"EAtom","v":[{"t":"S","f":"Op","v":["B","==",[{"t":"S","f":"V","v":["I","x"]},{"t":"S","f":"Lit","v":["B",{"t":"Lit","f":"Bool","v":true}]}]]}]}}}},{"name":"is_false","spec":{"treetp":"spec","args":[{"t":"tpv","tp":"B","n":"x"}],"specbody":{"treetp":"ff","qv":[],"body":{"t":"E","f":"EAtom","v":[{"t":"S","f":"Op","v":["B","==",[{"t":"S","f":"V","v":["I","x"]},{"t":"S","f":"Lit","v":["B",{"t":"Lit","f":"Bool","v":false}]}]]}]}}}},{"name":"inteq","spec":{"treetp":"spec","args":[{"t":"tpv","tp":"I","n":"x"},{"t":"tpv","tp":"I","n":"y"},{"t":"tpv","tp":"B","n":"bool0"}],"specbody":{"treetp":"ff","qv":[],"body":{"t":"E","f":"EAtom","v":[{"t":"S","f":"Op","v":["B","==",[{"t":"S","f":"Op","v":["B","==",[{"t":"S","f":"V","v":["I","x"]},{"t":"S","f":"V","v":["I","y"]}]]},{"t":"S","f":"V","v":["B","bool0"]}]]}]}}}},{"name":"intadd","spec":{"treetp":"spec","args":[{"t":"tpv","tp":"I","n":"x"},{"t":"tpv","tp":"I","n":"y"},{"t":"tpv","tp":"I","n":"z"}],"specbody":{"treetp":"ff","qv":[],"body":{"t":"E","f":"EAtom","v":[{"t":"S","f":"Op","v":["B","==",[{"t":"S","f":"Op","v":["B","+",[{"t":"S","f":"V","v":["I","x"]},{"t":"S","f":"V","v":["I","y"]}]]},{"t":"S","f":"V","v":["I","z"]}]]}]}}}},{"name":"gt","spec":{"treetp":"spec","args":[{"t":"tpv","tp":"I","n":"x"},{"t":"tpv","tp":"I","n":"y"},{"t":"tpv","tp":"B","n":"bool0"}],"specbody":{"treetp":"ff","qv":[],"body":{"t":"E","f":"EAtom","v":[{"t":"S","f":"Op","v":["B","==",[{"t":"S","f":"Op","v":["B",">",[{"t":"S","f":"V","v":["I","x"]},{"t":"S","f":"V","v":["I","y"]}]]},{"t":"S","f":"V","v":["B","bool0"]}]]}]}}}},{"name":"equal","spec":{"treetp":"spec","args":[{"t":"tpv","tp":"I","n":"x"},{"t":"tpv","tp":"I","n":"y"}],"specbody":{"treetp":"ff","qv":[],"body":{"t":"E","f":"EAtom","v":[{"t":"S","f":"Op","v":["B","==",[{"t":"S","f":"V","v":["I","x"]},{"t":"S","f":"V","v":["I","y"]}]]}]}}}},{"name":"e","spec":{"treetp":"spec","args":[{"t":"tpv","tp":"IT","n":"it_0"}],"specbody":{"treetp":"ff","qv":[{"t":"tpv","tp":"I","n":"u_0"},{"t":"tpv","tp":"I","n":"u_1"}],"body":{"t":"E","f":"EOr","v":[{"t":"E","f":"ENot","v":[{"t":"E","f":"EAtom","v":[{"t":"S","f":"Op","v":["B","tree_member",[{"t":"S","f":"V","v":["IT","it_0"]},{"t":"S","f":"V","v":["I","u_0"]}]]}]}]},{"t":"E","f":"ETrue","v":[]}]}}}},{"name":"Plus","spec":{"treetp":"spec","args":[{"t":"tpv","tp":"I","n":"x"},{"t":"tpv","tp":"I","n":"y"},{"t":"tpv","tp":"I","n":"z"}],"specbody":{"treetp":"ff","qv":[],"body":{"t":"E","f":"EAtom","v":[{"t":"S","f":"Op","v":["B","==",[{"t":"S","f":"Op","v":["I","+",[{"t":"S","f":"V","v":["I","x"]},{"t":"S","f":"V","v":["I","y"]}]]},{"t":"S","f":"V","v":["I","z"]}]]}]}}}},{"name":"Le","spec":{"treetp":"spec","args":[{"t":"tpv","tp":"I","n":"x"},{"t":"tpv","tp":"I","n":"y"}],"specbody":{"treetp":"ff","qv":[],"body":{"t":"E","f":"EAtom","v":[{"t":"S","f":"Op","v":["B","<=",[{"t":"S","f":"V","v":["I","x"]},{"t":"S","f":"V","v":["I","y"]}]]}]}}}},{"name":"InsertPre","spec":{"treetp":"spec","args":[{"t":"tpv","tp":"I","n":"x"},{"t":"tpv","tp":"IT","n":"tree1"},{"t":"tpv","tp":"IT","n":"tree2"}],"specbody":{"treetp":"ff","qv":[],"body":{"t":"E","f":"ETrue","v":[]}}}},{"name":"InsertPost","spec":{"treetp":"spec","args":[{"t":"tpv","tp":"I","n":"x"},{"t":"tpv","tp":"IT","n":"tree1"},{"t":"tpv","tp":"IT","n":"tree2"}],"specbody":{"treetp":"ff","qv":[{"t":"tpv","tp":"I","n":"u"}],"body":{"t":"E","f":"EAnd","v":[{"t":"E","f":"EIff","v":[{"t":"E","f":"EAtom","v":[{"t":"S","f":"Op","v":["B","tree_member",[{"t":"S","f":"V","v":["ITI","tree2"]},{"t":"S","f":"V","v":["I","u"]}]]}]},{"t":"E","f":"EOr","v":[{"t":"E","f":"EAtom","v":[{"t":"S","f":"Op","v":["B","tree_member",[{"t":"S","f":"V","v":["ITI","tree1"]},{"t":"S","f":"V","v":["I","u"]}]]}]},{"t":"E","f":"EAtom","v":[{"t":"S","f":"Op","v":["B","==",[{"t":"S","f":"V","v":["I","u"]},{"t":"S","f":"V","v":["I","x"]}]]}]}]}]}]}}}}],"vars":[{"t":"tpv","tp":"I","n":"x"},{"t":"tpv","tp":"I","n":"y"}],"inputs":[{"t":"tpv","tp":"I","n":"x"},{"t":"tpv","tp":"IT","n":"tree3"}],"outputs":[{"t":"tpv","tp":"IT","n":"nu"}]},"envs":[{"current":{"additional_dt":true,"additional_spec":{"treetp":"spec","args":[{"t":"tpv","tp":"IT","n":"it_0"}],"specbody":{"treetp":"ff","qv":[{"t":"tpv","tp":"I","n":"u_0"},{"t":"tpv","tp":"I","n":"u_1"}],"body":{"t":"E","f":"ETrue","v":[]}}},"init_dt":{"fd":"Node","a":2,"l":false,"r":true},"init_spec":{"treetp":"spec","args":[{"t":"tpv","tp":"IT","n":"it_0"}],"specbody":{"treetp":"ff","qv":[{"t":"tpv","tp":"I","n":"u_0"},{"t":"tpv","tp":"I","n":"u_1"}],"body":{"t":"E","f":"ENot","v":[{"t":"E","f":"EAtom","v":[{"t":"S","f":"Op","v":["B","tree_member",[{"t":"S","f":"V","v":["IT","it_0"]},{"t":"S","f":"V","v":["I","u_0"]}]]}]}]}}}},"qv":[{"t":"tpv","tp":"I","n":"u_0"},{"t":"tpv","tp":"I","n":"u_1"}],"fset":[{"fd":"Base","pred":"==","a":"u_1","b":"u_0"},{"fd":"Pr","pred":"tree_member","args":["it_0"],"args'":["u_1"]},{"fd":"Pr","pred":"tree_member","args":["it_0"],"args'":["u_0"]}],"hole":{"name":"e","args":[{"t":"tpv","tp":"IT","n":"it_0"}]},"unknown_fv":[{"t":"tpv","tp":"B","n":"_fv!0"},{"t":"tpv","tp":"B","n":"_fv!1"},{"t":"tpv","tp":"B","n":"_fv!2"}],"fvtab":[{"v":"fft","l":0}],"if_maximal":true},{"current":{"additional_dt":{"fd":"Node","a":1,"l":{"fd":"Node","a":8,"l":{"fd":"Node","a":4,"l":true,"r":{"fd":"Node","a":6,"l":true,"r":{"fd":"Node","a":0,"l":true,"r":{"fd":"Node","a":7,"l":false,"r":true}}}},"r":{"fd":"Node","a":6,"l":{"fd":"Node","a":0,"l":{"fd":"Node","a":5,"l":{"fd":"Node","a":2,"l":{"fd":"Node","a":7,"l":true,"r":{"fd":"Node","a":3,"l":{"fd":"Node","a":4,"l":false,"r":true},"r":{"fd":"Node","a":4,"l":true,"r":false}}},"r":true},"r":true},"r":{"fd":"Node","a":4,"l":{"fd":"Node","a":2,"l":true,"r":{"fd":"Node","a":7,"l":false,"r":true}},"r":true}},"r":{"fd":"Node","a":5,"l":{"fd":"Node","a":2,"l":true,"r":{"fd":"Node","a":4,"l":{"fd":"Node","a":0,"l":true,"r":{"fd":"Node","a":7,"l":false,"r":true}},"r":true}},"r":{"fd":"Node","a":0,"l":{"fd":"Node","a":2,"l":{"fd":"Node","a":7,"l":true,"r":{"fd":"Node","a":3,"l":{"fd":"Node","a":4,"l":false,"r":true},"r":{"fd":"Node","a":4,"l":true,"r":false}}},"r":true},"r":{"fd":"Node","a":4,"l":{"fd":"Node","a":2,"l":true,"r":{"fd":"Node","a":7,"l":false,"r":true}},"r":true}}}}},"r":{"fd":"Node","a":0,"l":{"fd":"Node","a":5,"l":{"fd":"Node","a":3,"l":true,"r":{"fd":"Node","a":7,"l":true,"r":{"fd":"Node","a":2,"l":true,"r":{"fd":"Node","a":4,"l":true,"r":{"fd":"Node","a":6,"l":false,"r":true}}}}},"r":true},"r":true}},"additional_spec":{"treetp":"spec","args":[{"t":"tpv","tp":"IT","n":"it_0"},{"t":"tpv","tp":"I","n":"i_0"},{"t":"tpv","tp":"IT","n":"it_1"},{"t":"tpv","tp":"IT","n":"it_2"}],"specbody":{"treetp":"ff","qv":[{"t":"tpv","tp":"I","n":"u_0"},{"t":"tpv","tp":"I","n":"u_1"}],"body":{"t":"E","f":"EIte","v":[{"t":"E","f":"EAtom","v":[{"t":"S","f":"Op","v":["B","==",[{"t":"S","f":"V","v":["I","u_1"]},{"t":"S","f":"V","v":["I","i_0"]}]]}]},{"t":"E","f":"EIte","v":[{"t":"E","f":"EAtom","v":[{"t":"S","f":"Op","v":["B","tree_member",[{"t":"S","f":"V","v":["IT","it_2"]},{"t":"S","f":"V","v":["I","u_0"]}]]}]},{"t":"E","f":"EOr","v":[{"t":"E","f":"EAtom","v":[{"t":"S","f":"Op","v":["B","tree_member",[{"t":"S","f":"V","v":["IT","it_0"]},{"t":"S","f":"V","v":["I","u_0"]}]]}]},{"t":"E","f":"EOr","v":[{"t":"E","f":"EAtom","v":[{"t":"S","f":"Op","v":["B","tree_member",[{"t":"S","f":"V","v":["IT","it_1"]},{"t":"S","f":"V","v":["I","u_0"]}]]}]},{"t":"E","f":"EOr","v":[{"t":"E","f":"EAtom","v":[{"t":"S","f":"Op","v":["B","==",[{"t":"S","f":"V","v":["I","i_0"]},{"t":"S","f":"V","v":["I","u_0"]}]]}]},{"t":"E","f":"ENot","v":[{"t":"E","f":"EAtom","v":[{"t":"S","f":"Op","v":["B","tree_member",[{"t":"S","f":"V","v":["IT","it_2"]},{"t":"S","f":"V","v":["I","i_0"]}]]}]}]}]}]}]},{"t":"E","f":"EIte","v":[{"t":"E","f":"EAtom","v":[{"t":"S","f":"Op","v":["B","tree_member",[{"t":"S","f":"V","v":["IT","it_1"]},{"t":"S","f":"V","v":["I","u_0"]}]]}]},{"t":"E","f":"EIte","v":[{"t":"E","f":"EAtom","v":[{"t":"S","f":"Op","v":["B","==",[{"t":"S","f":"V","v":["I","i_0"]},{"t":"S","f":"V","v":["I","u_0"]}]]}]},{"t":"E","f":"ENot","v":[{"t":"E","f":"EAtom","v":[{"t":"S","f":"Op","v":["B","==",[{"t":"S","f":"V","v":["I","u_0"]},{"t":"S","f":"V","v":["I","u_0"]}]]}]}]},{"t":"E","f":"EOr","v":[{"t":"E","f":"ENot","v":[{"t":"E","f":"EAtom","v":[{"t":"S","f":"Op","v":["B","tree_member",[{"t":"S","f":"V","v":["IT","it_0"]},{"t":"S","f":"V","v":["I","u_0"]}]]}]}]},{"t":"E","f":"EOr","v":[{"t":"E","f":"EAtom","v":[{"t":"S","f":"Op","v":["B","==",[{"t":"S","f":"V","v":["I","u_0"]},{"t":"S","f":"V","v":["I","i_0"]}]]}]},{"t":"E","f":"ENot","v":[{"t":"E","f":"EAtom","v":[{"t":"S","f":"Op","v":["B","tree_member",[{"t":"S","f":"V","v":["IT","it_2"]},{"t":"S","f":"V","v":["I","i_0"]}]]}]}]}]}]}]},{"t":"E","f":"EIte","v":[{"t":"E","f":"EAtom","v":[{"t":"S","f":"Op","v":["B","tree_member",[{"t":"S","f":"V","v":["IT","it_1"]},{"t":"S","f":"V","v":["I","i_0"]}]]}]},{"t":"E","f":"EOr","v":[{"t":"E","f":"EAtom","v":[{"t":"S","f":"Op","v":["B","==",[{"t":"S","f":"V","v":["I","u_0"]},{"t":"S","f":"V","v":["I","i_0"]}]]}]},{"t":"E","f":"EOr","v":[{"t":"E","f":"ENot","v":[{"t":"E","f":"EAtom","v":[{"t":"S","f":"Op","v":["B","tree_member",[{"t":"S","f":"V","v":["IT","it_0"]},{"t":"S","f":"V","v":["I","u_0"]}]]}]}]},{"t":"E","f":"EOr","v":[{"t":"E","f":"EAtom","v":[{"t":"S","f":"Op","v":["B","==",[{"t":"S","f":"V","v":["I","i_0"]},{"t":"S","f":"V","v":["I","u_0"]}]]}]},{"t":"E","f":"ENot","v":[{"t":"E","f":"EAtom","v":[{"t":"S","f":"Op","v":["B","tree_member",[{"t":"S","f":"V","v":["IT","it_2"]},{"t":"S","f":"V","v":["I","i_0"]}]]}]}]}]}]}]},{"t":"E","f":"EIte","v":[{"t":"E","f":"EAtom","v":[{"t":"S","f":"Op","v":["B","==",[{"t":"S","f":"V","v":["I","i_0"]},{"t":"S","f":"V","v":["I","u_0"]}]]}]},{"t":"E","f":"ENot","v":[{"t":"E","f":"EAtom","v":[{"t":"S","f":"Op","v":["B","==",[{"t":"S","f":"V","v":["I","u_0"]},{"t":"S","f":"V","v":["I","u_0"]}]]}]}]},{"t":"E","f":"EOr","v":[{"t":"E","f":"ENot","v":[{"t":"E","f":"EAtom","v":[{"t":"S","f":"Op","v":["B","tree_member",[{"t":"S","f":"V","v":["IT","it_0"]},{"t":"S","f":"V","v":["I","u_0"]}]]}]}]},{"t":"E","f":"EOr","v":[{"t":"E","f":"EAtom","v":[{"t":"S","f":"Op","v":["B","==",[{"t":"S","f":"V","v":["I","u_0"]},{"t":"S","f":"V","v":["I","i_0"]}]]}]},{"t":"E","f":"ENot","v":[{"t":"E","f":"EAtom","v":[{"t":"S","f":"Op","v":["B","tree_member",[{"t":"S","f":"V","v":["IT","it_2"]},{"t":"S","f":"V","v":["I","i_0"]}]]}]}]}]}]}]}]}]}]},{"t":"E","f":"EOr","v":[{"t":"E","f":"ENot","v":[{"t":"E","f":"EAtom","v":[{"t":"S","f":"Op","v":["B","==",[{"t":"S","f":"V","v":["I","u_1"]},{"t":"S","f":"V","v":["I","u_0"]}]]}]}]},{"t":"E","f":"EOr","v":[{"t":"E","f":"ENot","v":[{"t":"E","f":"EAtom","v":[{"t":"S","f":"Op","v":["B","tree_member",[{"t":"S","f":"V","v":["IT","it_1"]},{"t":"S","f":"V","v":["I","u_0"]}]]}]}]},{"t":"E","f":"EOr","v":[{"t":"E","f":"EAtom","v":[{"t":"S","f":"Op","v":["B","tree_member",[{"t":"S","f":"V","v":["IT","it_0"]},{"t":"S","f":"V","v":["I","u_0"]}]]}]},{"t":"E","f":"EOr","v":[{"t":"E","f":"EAtom","v":[{"t":"S","f":"Op","v":["B","tree_member",[{"t":"S","f":"V","v":["IT","it_2"]},{"t":"S","f":"V","v":["I","u_0"]}]]}]},{"t":"E","f":"EAtom","v":[{"t":"S","f":"Op","v":["B","==",[{"t":"S","f":"V","v":["I","u_0"]},{"t":"S","f":"V","v":["I","i_0"]}]]}]}]}]}]}]}]}}},"init_dt":{"fd":"Node","a":8,"l":{"fd":"Node","a":2,"l":true,"r":{"fd":"Node","a":4,"l":true,"r":{"fd":"Node","a":6,"l":true,"r":false}}},"r":{"fd":"Node","a":2,"l":false,"r":{"fd":"Node","a":4,"l":false,"r":{"fd":"Node","a":6,"l":false,"r":true}}}},"init_spec":{"treetp":"spec","args":[{"t":"tpv","tp":"IT","n":"it_0"},{"t":"tpv","tp":"I","n":"i_0"},{"t":"tpv","tp":"IT","n":"it_1"},{"t":"tpv","tp":"IT","n":"it_2"}],"specbody":{"treetp":"ff","qv":[{"t":"tpv","tp":"I","n":"u_0"},{"t":"tpv","tp":"I","n":"u_1"}],"body":{"t":"E","f":"EIte","v":[{"t":"E","f":"EAtom","v":[{"t":"S","f":"Op","v":["B","tree_member",[{"t":"S","f":"V","v":["IT","it_2"]},{"t":"S","f":"V","v":["I","u_0"]}]]}]},{"t":"E","f":"EOr","v":[{"t":"E","f":"EAtom","v":[{"t":"S","f":"Op","v":["B","==",[{"t":"S","f":"V","v":["I","u_0"]},{"t":"S","f":"V","v":["I","i_0"]}]]}]},{"t":"E","f":"EOr","v":[{"t":"E","f":"EAtom","v":[{"t":"S","f":"Op","v":["B","tree_member",[{"t":"S","f":"V","v":["IT","it_0"]},{"t":"S","f":"V","v":["I","u_0"]}]]}]},{"t":"E","f":"EAtom","v":[{"t":"S","f":"Op","v":["B","tree_member",[{"t":"S","f":"V","v":["IT","it_1"]},{"t":"S","f":"V","v":["I","u_0"]}]]}]}]}]},{"t":"E","f":"EAnd","v":[{"t":"E","f":"ENot","v":[{"t":"E","f":"EAtom","v":[{"t":"S","f":"Op","v":["B","==",[{"t":"S","f":"V","v":["I","u_0"]},{"t":"S","f":"V","v":["I","i_0"]}]]}]}]},{"t":"E","f":"EAnd","v":[{"t":"E","f":"ENot","v":[{"t":"E","f":"EAtom","v":[{"t":"S","f":"Op","v":["B","tree_member",[{"t":"S","f":"V","v":["IT","it_0"]},{"t":"S","f":"V","v":["I","u_0"]}]]}]}]},{"t":"E","f":"ENot","v":[{"t":"E","f":"EAtom","v":[{"t":"S","f":"Op","v":["B","tree_member",[{"t":"S","f":"V","v":["IT","it_1"]},{"t":"S","f":"V","v":["I","u_0"]}]]}]}]}]}]}]}}}},"qv":[{"t":"tpv","tp":"I","n":"u_0"},{"t":"tpv","tp":"I","n":"u_1"}],"fset":[{"fd":"Base","pred":"==","a":"u_1","b":"u_0"},{"fd":"Base","pred":"==","a":"u_1","b":"i_0"},{"fd":"Base","pred":"==","a":"u_0","b":"i_0"},{"fd":"Pr","pred":"tree_member","args":["it_0"],"args'":["u_1"]},{"fd":"Pr","pred":"tree_member","args":["it_0"],"args'":["u_0"]},{"fd":"Pr","pred":"tree_member","args":["it_1"],"args'":["u_1"]},{"fd":"Pr","pred":"tree_member","args":["it_1"],"args'":["u_0"]},{"fd":"Pr","pred":"tree_member","args":["it_2"],"args'":["u_1"]},{"fd":"Pr","pred":"tree_member","args":["it_2"],"args'":["u_0"]}],"hole":{"name":"t","args":[{"t":"tpv","tp":"IT","n":"it_0"},{"t":"tpv","tp":"I","n":"i_0"},{"t":"tpv","tp":"IT","n":"it_1"},{"t":"tpv","tp":"IT","n":"it_2"}]},"unknown_fv":[{"t":"tpv","tp":"B","n":"_fv!0"},{"t":"tpv","tp":"B","n":"_fv!1"},{"t":"tpv","tp":"B","n":"_fv!2"},{"t":"tpv","tp":"B","n":"_fv!3"},{"t":"tpv","tp":"B","n":"_fv!4"},{"t":"tpv","tp":"B","n":"_fv!5"},{"t":"tpv","tp":"B","n":"_fv!6"},{"t":"tpv","tp":"B","n":"_fv!7"},{"t":"tpv","tp":"B","n":"_fv!8"}],"fvtab":[{"v":"tttffftff","l":0},{"v":"ftftftftt","l":2},{"v":"ftfftftff","l":0},{"v":"tttftffff","l":0},{"v":"fffttfftt","l":0},{"v":"ftfttfftf","l":2},{"v":"ttfftffff","l":0},{"v":"fftfffftf","l":0},{"v":"ffttffttt","l":0},{"v":"ftfffttff","l":0},{"v":"ffffttftf","l":0},{"v":"fffftffff","l":0},{"v":"fftttfttt","l":0},{"v":"ftffftttt","l":0},{"v":"ttffffftt","l":0},{"v":"tffffffft","l":0},{"v":"ffttfttft","l":0},{"v":"fftffffff","l":0},{"v":"ttffttftf","l":0},{"v":"ftffttttt","l":0},{"v":"ffftfftft","l":0},{"v":"ftffffftt","l":2},{"v":"fffttfftf","l":0},{"v":"ttttfttff","l":0},{"v":"tttttffff","l":2},{"v":"tfffffttf","l":0},{"v":"ffttffftt","l":0},{"v":"ffftttfff","l":0},{"v":"tfffftfft","l":0},{"v":"fffftfttf","l":0},{"v":"ftffttftf","l":2},{"v":"ftfftttff","l":0},{"v":"fffffffff","l":0},{"v":"tttttftff","l":0},{"v":"tftffttff","l":0},{"v":"ftftffftf","l":0},{"v":"ffffttttt","l":0},{"v":"tfffftttf","l":0},{"v":"ffftftfff","l":0},{"v":"ffffffftt","l":0},{"v":"ftttffftf","l":0},{"v":"fttffttff","l":0},{"v":"fftfftftt","l":0},{"v":"fftttfftf","l":0},{"v":"ffttftttt","l":0},{"v":"ffftffftt","l":0},{"v":"ftfffffff","l":0},{"v":"ftftttfft","l":0},{"v":"ffffftftf","l":0},{"v":"tttttfftt","l":0},{"v":"ffftffttf","l":0},{"v":"ffftttftt","l":0},{"v":"fffttttff","l":0},{"v":"ttfffttff","l":0},{"v":"ftfttfftt","l":0},{"v":"tttfffftf","l":0},{"v":"ttfttffff","l":0},{"v":"ffffftftt","l":0},{"v":"fftffftft","l":0},{"v":"fftfttftt","l":0},{"v":"ftftffttt","l":0},{"v":"fftfftttt","l":0},{"v":"ffttttfft","l":0},{"v":"ftffttftt","l":0},{"v":"ftftffftt","l":2},{"v":"fftftfftt","l":0},{"v":"ffftftfft","l":0},{"v":"fttffftff","l":0},{"v":"fftffffft","l":0},{"v":"tffffffff","l":0},{"v":"fffttftff","l":0},{"v":"fftfffttt","l":0},{"v":"ffffffttt","l":0},{"v":"tffttfftt","l":0},{"v":"tttfftftf","l":0},{"v":"ffftttttf","l":0},{"v":"ftfttfttf","l":2},{"v":"fftffftff","l":0},{"v":"tffttffff","l":0},{"v":"fftttffff","l":0},{"v":"ttfffftff","l":0},{"v":"tttffttff","l":2},{"v":"tfftfttff","l":0},{"v":"ffftftftf","l":0},{"v":"ttttfffff","l":0},{"v":"ftffffttt","l":0},{"v":"fttftfftf","l":0},{"v":"fttfffttf","l":0},{"v":"fffttffff","l":0},{"v":"fttfttfff","l":0},{"v":"fffffffft","l":0},{"v":"ftftttttf","l":2},{"v":"fttfttftf","l":0},{"v":"ftfftfttf","l":2},{"v":"fftftffff","l":0},{"v":"fffftfftf","l":0},{"v":"ftfttftft","l":0},{"v":"fftttffft","l":0},{"v":"ftffffftf","l":0},{"v":"fffttfttt","l":0},{"v":"tffffttff","l":2},{"v":"ffffftttt","l":0},{"v":"ffftftftt","l":0},{"v":"ftftttttt","l":0},{"v":"fftftfttt","l":0},{"v":"ftffftttf","l":0},{"v":"ftffftftt","l":2},{"v":"ftfftffff","l":0},{"v":"tttftttff","l":0},{"v":"ftffffttf","l":0},{"v":"ffttfffft","l":0},{"v":"ftftttftt","l":0},{"v":"tffftttff","l":0},{"v":"ftffftfft","l":0},{"v":"tfffffftt","l":0},{"v":"tttftfftf","l":0},{"v":"tttttttff","l":2},{"v":"fffffftff","l":0},{"v":"ffftftttt","l":0},{"v":"fftttttft","l":0},{"v":"ftfftfftf","l":2},{"v":"ffftttttt","l":0},{"v":"ftffttttf","l":2},{"v":"fffffftft","l":0},{"v":"tttfffftt","l":0},{"v":"ftttfttff","l":0},{"v":"ftffftftf","l":0},{"v":"tttfftfff","l":0},{"v":"tfftttttt","l":0},{"v":"ffftfffff","l":0},{"v":"tfffftttt","l":0},{"v":"fftfffftt","l":0},{"v":"fttftfttf","l":0},{"v":"tttfftttt","l":0},{"v":"fffftffft","l":0},{"v":"fffttttft","l":0},{"v":"ffftffttt","l":0},{"v":"ffffttttf","l":0},{"v":"tfftttftf","l":0},{"v":"ttttttttt","l":0},{"v":"tttfftttf","l":0},{"v":"fftttfftt","l":0},{"v":"ffffttftt","l":0},{"v":"tttffffff","l":2},{"v":"fffftftft","l":0},{"v":"ffffftfff","l":0},{"v":"tffttttff","l":0},{"v":"fttfttttf","l":0},{"v":"fffffttff","l":0},{"v":"tffffftff","l":0},{"v":"fffftftff","l":0},{"v":"ffftfftff","l":0},{"v":"ftffttfff","l":0},{"v":"tftttffff","l":0},{"v":"fttfffftf","l":0},{"v":"tftffffff","l":0},{"v":"fffttfttf","l":0},{"v":"ffttfftft","l":0},{"v":"ftftttftf","l":2},{"v":"fffftttff","l":0},{"v":"fftffttff","l":0},{"v":"ftfffftff","l":0},{"v":"ftffftfff","l":0},{"v":"fffftfttt","l":0},{"v":"ffftffftf","l":0},{"v":"ffftftttf","l":0},{"v":"ffttttftt","l":0},{"v":"tttftfttf","l":0},{"v":"ffffffftf","l":0},{"v":"fftftffft","l":0},{"v":"ttttttfff","l":0},{"v":"ffttttttt","l":0},{"v":"ftfffffft","l":0},{"v":"ffttftfft","l":0},{"v":"ftfftfftt","l":0},{"v":"fftttfttf","l":0},{"v":"fftftfftf","l":0},{"v":"ttfftfttf","l":0},{"v":"ffftfttft","l":0},{"v":"ftfttfttt","l":0},{"v":"ffttttftf","l":0}],"if_maximal":true}]}