{"preds":["list_member"],"spectable":[{"name":"Bankersq.reverse","spec":{"treetp":"spec","args":[{"t":"tpv","tp":"IL","n":"il_0"},{"t":"tpv","tp":"IL","n":"il_1"}],"specbody":{"treetp":"ff","qv":[{"t":"tpv","tp":"I","n":"u_0"}],"body":{"t":"E","f":"EIte","v":[{"t":"E","f":"EAtom","v":[{"t":"S","f":"Op","v":["B","list_member",[{"t":"S","f":"V","v":["IL","il_0"]},{"t":"S","f":"V","v":["I","u_0"]}]]}]},{"t":"E","f":"EAtom","v":[{"t":"S","f":"Op","v":["B","list_member",[{"t":"S","f":"V","v":["IL","il_1"]},{"t":"S","f":"V","v":["I","u_0"]}]]}]},{"t":"E","f":"ENot","v":[{"t":"E","f":"EAtom","v":[{"t":"S","f":"Op","v":["B","list_member",[{"t":"S","f":"V","v":["IL","il_1"]},{"t":"S","f":"V","v":["I","u_0"]}]]}]}]}]}}}},{"name":"Bankersq.nil","spec":{"treetp":"spec","args":[{"t":"tpv","tp":"IL","n":"il_0"}],"specbody":{"treetp":"ff","qv":[{"t":"tpv","tp":"I","n":"u_0"}],"body":{"t":"E","f":"ENot","v":[{"t":"E","f":"EAtom","v":[{"t":"S","f":"Op","v":["B","list_member",[{"t":"S","f":"V","v":["IL","il_0"]},{"t":"S","f":"V","v":["I","u_0"]}]]}]}]}}}},{"name":"Bankersq.liblazy","spec":{"treetp":"spec","args":[{"t":"tpv","tp":"IL","n":"il_0"},{"t":"tpv","tp":"IL","n":"il_1"}],"specbody":{"treetp":"ff","qv":[{"t":"tpv","tp":"I","n":"u_0"}],"body":{"t":"E","f":"EIte","v":[{"t":"E","f":"EAtom","v":[{"t":"S","f":"Op","v":["B","list_member",[{"t":"S","f":"V","v":["IL","il_0"]},{"t":"S","f":"V","v":["I","u_0"]}]]}]},{"t":"E","f":"EAtom","v":[{"t":"S","f":"Op","v":["B","list_member",[{"t":"S","f":"V","v":["IL","il_1"]},{"t":"S","f":"V","v":["I","u_0"]}]]}]},{"t":"E","f":"ENot","v":[{"t":"E","f":"EAtom","v":[{"t":"S","f":"Op","v":["B","list_member",[{"t":"S","f":"V","v":["IL","il_1"]},{"t":"S","f":"V","v":["I","u_0"]}]]}]}]}]}}}},{"name":"Bankersq.libforce","spec":{"treetp":"spec","args":[{"t":"tpv","tp":"IL","n":"il_0"},{"t":"tpv","tp":"IL","n":"il_1"}],"specbody":{"treetp":"ff","qv":[{"t":"tpv","tp":"I","n":"u_0"}],"body":{"t":"E","f":"EIte","v":[{"t":"E","f":"EAtom","v":[{"t":"S","f":"Op","v":["B","list_member",[{"t":"S","f":"V","v":["IL","il_0"]},{"t":"S","f":"V","v":["I","u_0"]}]]}]},{"t":"E","f":"EAtom","v":[{"t":"S","f":"Op","v":["B","list_member",[{"t":"S","f":"V","v":["IL","il_1"]},{"t":"S","f":"V","v":["I","u_0"]}]]}]},{"t":"E","f":"ENot","v":[{"t":"E","f":"EAtom","v":[{"t":"S","f":"Op","v":["B","list_member",[{"t":"S","f":"V","v":["IL","il_1"]},{"t":"S","f":"V","v":["I","u_0"]}]]}]}]}]}}}},{"name":"Bankersq.cons","spec":{"treetp":"spec","args":[{"t":"tpv","tp":"I","n":"i_0"},{"t":"tpv","tp":"IL","n":"il_0"},{"t":"tpv","tp":"IL","n":"il_1"}],"specbody":{"treetp":"ff","qv":[{"t":"tpv","tp":"I","n":"u_0"}],"body":{"t":"E","f":"EIte","v":[{"t":"E","f":"EAtom","v":[{"t":"S","f":"Op","v":["B","list_member",[{"t":"S","f":"V","v":["IL","il_1"]},{"t":"S","f":"V","v":["I","u_0"]}]]}]},{"t":"E","f":"EOr","v":[{"t":"E","f":"EAtom","v":[{"t":"S","f":"Op","v":["B","==",[{"t":"S","f":"V","v":["I","u_0"]},{"t":"S","f":"V","v":["I","i_0"]}]]}]},{"t":"E","f":"EAtom","v":[{"t":"S","f":"Op","v":["B","list_member",[{"t":"S","f":"V","v":["IL","il_0"]},{"t":"S","f":"V","v":["I","u_0"]}]]}]}]},{"t":"E","f":"EAnd","v":[{"t":"E","f":"ENot","v":[{"t":"E","f":"EAtom","v":[{"t":"S","f":"Op","v":["B","==",[{"t":"S","f":"V","v":["I","u_0"]},{"t":"S","f":"V","v":["I","i_0"]}]]}]}]},{"t":"E","f":"ENot","v":[{"t":"E","f":"EAtom","v":[{"t":"S","f":"Op","v":["B","list_member",[{"t":"S","f":"V","v":["IL","il_0"]},{"t":"S","f":"V","v":["I","u_0"]}]]}]}]}]}]}}}},{"name":"Bankersq.concat","spec":{"treetp":"spec","args":[{"t":"tpv","tp":"IL","n":"il_0"},{"t":"tpv","tp":"IL","n":"il_1"},{"t":"tpv","tp":"IL","n":"il_2"}],"specbody":{"treetp":"ff","qv":[{"t":"tpv","tp":"I","n":"u_0"}],"body":{"t":"E","f":"EIte","v":[{"t":"E","f":"EAtom","v":[{"t":"S","f":"Op","v":["B","list_member",[{"t":"S","f":"V","v":["IL","il_2"]},{"t":"S","f":"V","v":["I","u_0"]}]]}]},{"t":"E","f":"EOr","v":[{"t":"E","f":"EAtom","v":[{"t":"S","f":"Op","v":["B","list_member",[{"t":"S","f":"V","v":["IL","il_0"]},{"t":"S","f":"V","v":["I","u_0"]}]]}]},{"t":"E","f":"EAtom","v":[{"t":"S","f":"Op","v":["B","list_member",[{"t":"S","f":"V","v":["IL","il_1"]},{"t":"S","f":"V","v":["I","u_0"]}]]}]}]},{"t":"E","f":"EAnd","v":[{"t":"E","f":"ENot","v":[{"t":"E","f":"EAtom","v":[{"t":"S","f":"Op","v":["B","list_member",[{"t":"S","f":"V","v":["IL","il_0"]},{"t":"S","f":"V","v":["I","u_0"]}]]}]}]},{"t":"E","f":"ENot","v":[{"t":"E","f":"EAtom","v":[{"t":"S","f":"Op","v":["B","list_member",[{"t":"S","f":"V","v":["IL","il_1"]},{"t":"S","f":"V","v":["I","u_0"]}]]}]}]}]}]}}}}]}