{"vc":{"preds":["list_member"],"multi_pre":[{"pre_flow":{"t":"A","f":"AAnd","v":[{"t":"A","f":"ASpecApply","v":["intadd",[{"t":"S","f":"V","v":["I","lenr"]},{"t":"S","f":"Lit","v":["I",{"t":"Lit","f":"Int","v":1}]},{"t":"S","f":"V","v":["I","lenr1"]}]]},{"t":"A","f":"ASpecApply","v":["BankersqCons",[{"t":"S","f":"V","v":["I","x"]},{"t":"S","f":"V","v":["IL","r"]},{"t":"S","f":"V","v":["IL","nu_cons"]}]]},{"t":"A","f":"ASpecApply","v":["Lazy",[{"t":"S","f":"V","v":["IL","nu_cons"]},{"t":"S","f":"V","v":["IL","r1"]}]]},{"t":"A","f":"ASpecApply","v":["le",[{"t":"S","f":"V","v":["I","lenr1"]},{"t":"S","f":"V","v":["I","lenf"]},{"t":"S","f":"Lit","v":["B",{"t":"Lit","f":"Bool","v":false}]}]]},{"t":"A","f":"ASpecApply","v":["intadd",[{"t":"S","f":"V","v":["I","lenf"]},{"t":"S","f":"V","v":["I","lenr1"]},{"t":"S","f":"V","v":["I","lenf1"]}]]},{"t":"A","f":"ASpecApply","v":["BankersqReverse",[{"t":"S","f":"V","v":["IL","r1"]},{"t":"S","f":"V","v":["IL","nu_reverse"]}]]},{"t":"A","f":"ASpecApply","v":["BankersqConcat",[{"t":"S","f":"V","v":["IL","f"]},{"t":"S","f":"V","v":["IL","nu_reverse"]},{"t":"S","f":"V","v":["IL","f1"]}]]},{"t":"A","f":"ASpecApply","v":["BankersqNil",[{"t":"S","f":"V","v":["IL","nu_nil"]}]]},{"t":"A","f":"ASpecApply","v":["Lazy",[{"t":"S","f":"V","v":["IL","nu_nil"]},{"t":"S","f":"V","v":["IL","nu_lazy2"]}]]},{"t":"A","f":"ASpecApply","v":["equal",[{"t":"S","f":"V","v":["I","lenf1"]},{"t":"S","f":"V","v":["I","lenf'"]}]]},{"t":"A","f":"ASpecApply","v":["equal",[{"t":"S","f":"V","v":["IL","f1"]},{"t":"S","f":"V","v":["IL","f'"]}]]},{"t":"A","f":"ASpecApply","v":["equal",[{"t":"S","f":"Lit","v":["I",{"t":"Lit","f":"Int","v":0}]},{"t":"S","f":"V","v":["I","lenr'"]}]]},{"t":"A","f":"ASpecApply","v":["equal",[{"t":"S","f":"V","v":["IL","nu_lazy2"]},{"t":"S","f":"V","v":["IL","r'"]}]]}]},"applied_args_map":[{"name":"Lazy","applied_args":[[{"t":"S","f":"V","v":["IL","nu_nil"]},{"t":"S","f":"V","v":["IL","nu_lazy2"]}],[{"t":"S","f":"V","v":["IL","nu_cons"]},{"t":"S","f":"V","v":["IL","r1"]}]]},{"name":"BankersqReverse","applied_args":[[{"t":"S","f":"V","v":["IL","r1"]},{"t":"S","f":"V","v":["IL","nu_reverse"]}]]},{"name":"BankersqNil","applied_args":[[{"t":"S","f":"V","v":["IL","nu_nil"]}]]},{"name":"BankersqCons","applied_args":[[{"t":"S","f":"V","v":["I","x"]},{"t":"S","f":"V","v":["IL","r"]},{"t":"S","f":"V","v":["IL","nu_cons"]}]]},{"name":"BankersqConcat","applied_args":[[{"t":"S","f":"V","v":["IL","f"]},{"t":"S","f":"V","v":["IL","nu_reverse"]},{"t":"S","f":"V","v":["IL","f1"]}]]}]},{"pre_flow":{"t":"A","f":"AAnd","v":[{"t":"A","f":"ASpecApply","v":["intadd",[{"t":"S","f":"V","v":["I","lenr"]},{"t":"S","f":"Lit","v":["I",{"t":"Lit","f":"Int","v":1}]},{"t":"S","f":"V","v":["I","lenr1"]}]]},{"t":"A","f":"ASpecApply","v":["BankersqCons",[{"t":"S","f":"V","v":["I","x"]},{"t":"S","f":"V","v":["IL","r"]},{"t":"S","f":"V","v":["IL","nu_cons"]}]]},{"t":"A","f":"ASpecApply","v":["Lazy",[{"t":"S","f":"V","v":["IL","nu_cons"]},{"t":"S","f":"V","v":["IL","r1"]}]]},{"t":"A","f":"ASpecApply","v":["le",[{"t":"S","f":"V","v":["I","lenr1"]},{"t":"S","f":"V","v":["I","lenf"]},{"t":"S","f":"Lit","v":["B",{"t":"Lit","f":"Bool","v":true}]}]]},{"t":"A","f":"ASpecApply","v":["equal",[{"t":"S","f":"V","v":["I","lenf"]},{"t":"S","f":"V","v":["I","lenf'"]}]]},{"t":"A","f":"ASpecApply","v":["Force",[{"t":"S","f":"V","v":["IL","f"]},{"t":"S","f":"V","v":["IL","f1"]}]]},{"t":"A","f":"ASpecApply","v":["Lazy",[{"t":"S","f":"V","v":["IL","f1"]},{"t":"S","f":"V","v":["IL","f'"]}]]},{"t":"A","f":"ASpecApply","v":["equal",[{"t":"S","f":"V","v":["I","lenr"]},{"t":"S","f":"V","v":["I","lenr'"]}]]},{"t":"A","f":"ASpecApply","v":["equal",[{"t":"S","f":"V","v":["IL","r1"]},{"t":"S","f":"V","v":["IL","r'"]}]]}]},"applied_args_map":[{"name":"Lazy","applied_args":[[{"t":"S","f":"V","v":["IL","f1"]},{"t":"S","f":"V","v":["IL","f'"]}],[{"t":"S","f":"V","v":["IL","nu_cons"]},{"t":"S","f":"V","v":["IL","r1"]}]]},{"name":"Force","applied_args":[[{"t":"S","f":"V","v":["IL","f"]},{"t":"S","f":"V","v":["IL","f1"]}]]},{"name":"BankersqCons","applied_args":[[{"t":"S","f":"V","v":["I","x"]},{"t":"S","f":"V","v":["IL","r"]},{"t":"S","f":"V","v":["IL","nu_cons"]}]]}]}],"post":{"t":"A","f":"ASpecApply","v":["Snoc",[{"t":"S","f":"V","v":["I","lenf"]},{"t":"S","f":"V","v":["IL","f"]},{"t":"S","f":"V","v":["I","lenr"]},{"t":"S","f":"V","v":["IL","r"]},{"t":"S","f":"V","v":["I","x"]},{"t":"S","f":"V","v":["I","lenf'"]},{"t":"S","f":"V","v":["IL","f'"]},{"t":"S","f":"V","v":["I","lenr'"]},{"t":"S","f":"V","v":["IL","r'"]}]]},"spectable":[{"name":"lt","spec":{"treetp":"spec","args":[{"t":"tpv","tp":"I","n":"x"},{"t":"tpv","tp":"I","n":"y"},{"t":"tpv","tp":"B","n":"bool0"}],"specbody":{"treetp":"ff","qv":[],"body":{"t":"E","f":"EAtom","v":[{"t":"S","f":"Op","v":["B","==",[{"t":"S","f":"Op","v":["B","<",[{"t":"S","f":"V","v":["I","x"]},{"t":"S","f":"V","v":["I","y"]}]]},{"t":"S","f":"V","v":["B","bool0"]}]]}]}}}},{"name":"le","spec":{"treetp":"spec","args":[{"t":"tpv","tp":"I","n":"x"},{"t":"tpv","tp":"I","n":"y"},{"t":"tpv","tp":"B","n":"bool0"}],"specbody":{"treetp":"ff","qv":[],"body":{"t":"E","f":"EAtom","v":[{"t":"S","f":"Op","v":["B","==",[{"t":"S","f":"Op","v":["B","<=",[{"t":"S","f":"V","v":["I","x"]},{"t":"S","f":"V","v":["I","y"]}]]},{"t":"S","f":"V","v":["B","bool0"]}]]}]}}}},{"name":"is_true","spec":{"treetp":"spec","args":[{"t":"tpv","tp":"B","n":"x"}],"specbody":{"treetp":"ff","qv":[],"body":{"t":"E","f":"EAtom","v":[{"t":"S","f":"Op","v":["B","==",[{"t":"S","f":"V","v":["I","x"]},{"t":"S","f":"Lit","v":["B",{"t":"Lit","f":"Bool","v":true}]}]]}]}}}},{"name":"is_false","spec":{"treetp":"spec","args":[{"t":"tpv","tp":"B","n":"x"}],"specbody":{"treetp":"ff","qv":[],"body":{"t":"E","f":"EAtom","v":[{"t":"S","f":"Op","v":["B","==",[{"t":"S","f":"V","v":["I","x"]},{"t":"S","f":"Lit","v":["B",{"t":"Lit","f":"Bool","v":false}]}]]}]}}}},{"name":"inteq","spec":{"treetp":"spec","args":[{"t":"tpv","tp":"I","n":"x"},{"t":"tpv","tp":"I","n":"y"},{"t":"tpv","tp":"B","n":"bool0"}],"specbody":{"treetp":"ff","qv":[],"body":{"t":"E","f":"EAtom","v":[{"t":"S","f":"Op","v":["B","==",[{"t":"S","f":"Op","v":["B","==",[{"t":"S","f":"V","v":["I","x"]},{"t":"S","f":"V","v":["I","y"]}]]},{"t":"S","f":"V","v":["B","bool0"]}]]}]}}}},{"name":"intadd","spec":{"treetp":"spec","args":[{"t":"tpv","tp":"I","n":"x"},{"t":"tpv","tp":"I","n":"y"},{"t":"tpv","tp":"I","n":"z"}],"specbody":{"treetp":"ff","qv":[],"body":{"t":"E","f":"EAtom","v":[{"t":"S","f":"Op","v":["B","==",[{"t":"S","f":"Op","v":["B","+",[{"t":"S","f":"V","v":["I","x"]},{"t":"S","f":"V","v":["I","y"]}]]},{"t":"S","f":"V","v":["I","z"]}]]}]}}}},{"name":"gt","spec":{"treetp":"spec","args":[{"t":"tpv","tp":"I","n":"x"},{"t":"tpv","tp":"I","n":"y"},{"t":"tpv","tp":"B","n":"bool0"}],"specbody":{"treetp":"ff","qv":[],"body":{"t":"E","f":"EAtom","v":[{"t":"S","f":"Op","v":["B","==",[{"t":"S","f":"Op","v":["B",">",[{"t":"S","f":"V","v":["I","x"]},{"t":"S","f":"V","v":["I","y"]}]]},{"t":"S","f":"V","v":["B","bool0"]}]]}]}}}},{"name":"equal","spec":{"treetp":"spec","args":[{"t":"tpv","tp":"I","n":"x"},{"t":"tpv","tp":"I","n":"y"}],"specbody":{"treetp":"ff","qv":[],"body":{"t":"E","f":"EAtom","v":[{"t":"S","f":"Op","v":["B","==",[{"t":"S","f":"V","v":["I","x"]},{"t":"S","f":"V","v":["I","y"]}]]}]}}}},{"name":"Snoc","spec":{"treetp":"spec","args":[{"t":"tpv","tp":"I","n":"lenf"},{"t":"tpv","tp":"IL","n":"f"},{"t":"tpv","tp":"I","n":"lenr"},{"t":"tpv","tp":"IL","n":"r"},{"t":"tpv","tp":"I","n":"x"},{"t":"tpv","tp":"I","n":"lenf'"},{"t":"tpv","tp":"IL","n":"f'"},{"t":"tpv","tp":"I","n":"lenr'"},{"t":"tpv","tp":"IL","n":"r'"}],"specbody":{"treetp":"ff","qv":[{"t":"tpv","tp":"I","n":"u"}],"body":{"t":"E","f":"EIff","v":[{"t":"E","f":"EOr","v":[{"t":"E","f":"EAtom","v":[{"t":"S","f":"Op","v":["B","list_member",[{"t":"S","f":"V","v":["IL","f"]},{"t":"S","f":"V","v":["I","u"]}]]}]},{"t":"E","f":"EAtom","v":[{"t":"S","f":"Op","v":["B","list_member",[{"t":"S","f":"V","v":["IL","r"]},{"t":"S","f":"V","v":["I","u"]}]]}]},{"t":"E","f":"EAtom","v":[{"t":"S","f":"Op","v":["B","==",[{"t":"S","f":"V","v":["I","u"]},{"t":"S","f":"V","v":["I","x"]}]]}]}]},{"t":"E","f":"EOr","v":[{"t":"E","f":"EAtom","v":[{"t":"S","f":"Op","v":["B","list_member",[{"t":"S","f":"V","v":["IL","f'"]},{"t":"S","f":"V","v":["I","u"]}]]}]},{"t":"E","f":"EAtom","v":[{"t":"S","f":"Op","v":["B","list_member",[{"t":"S","f":"V","v":["IL","r'"]},{"t":"S","f":"V","v":["I","u"]}]]}]}]}]}}}},{"name":"Plus","spec":{"treetp":"spec","args":[{"t":"tpv","tp":"I","n":"x"},{"t":"tpv","tp":"I","n":"y"},{"t":"tpv","tp":"I","n":"z"}],"specbody":{"treetp":"ff","qv":[],"body":{"t":"E","f":"EAtom","v":[{"t":"S","f":"Op","v":["B","==",[{"t":"S","f":"Op","v":["I","+",[{"t":"S","f":"V","v":["I","x"]},{"t":"S","f":"V","v":["I","y"]}]]},{"t":"S","f":"V","v":["I","z"]}]]}]}}}},{"name":"Le","spec":{"treetp":"spec","args":[{"t":"tpv","tp":"I","n":"x"},{"t":"tpv","tp":"I","n":"y"}],"specbody":{"treetp":"ff","qv":[],"body":{"t":"E","f":"EAtom","v":[{"t":"S","f":"Op","v":["B","<=",[{"t":"S","f":"V","v":["I","x"]},{"t":"S","f":"V","v":["I","y"]}]]}]}}}},{"name":"Lazy","spec":{"treetp":"spec","args":[{"t":"tpv","tp":"IL","n":"il_0"},{"t":"tpv","tp":"IL","n":"il_1"}],"specbody":{"treetp":"ff","qv":[{"t":"tpv","tp":"I","n":"u_0"},{"t":"tpv","tp":"I","n":"u_1"}],"body":{"t":"E","f":"EOr","v":[{"t":"E","f":"EIte","v":[{"t":"E","f":"EAtom","v":[{"t":"S","f":"Op","v":["B","list_member",[{"t":"S","f":"V","v":["IL","il_0"]},{"t":"S","f":"V","v":["I","u_0"]}]]}]},{"t":"E","f":"EAtom","v":[{"t":"S","f":"Op","v":["B","list_member",[{"t":"S","f":"V","v":["IL","il_1"]},{"t":"S","f":"V","v":["I","u_0"]}]]}]},{"t":"E","f":"ENot","v":[{"t":"E","f":"EAtom","v":[{"t":"S","f":"Op","v":["B","list_member",[{"t":"S","f":"V","v":["IL","il_1"]},{"t":"S","f":"V","v":["I","u_0"]}]]}]}]}]},{"t":"E","f":"EOr","v":[{"t":"E","f":"ENot","v":[{"t":"E","f":"EAtom","v":[{"t":"S","f":"Op","v":["B","==",[{"t":"S","f":"V","v":["I","u_1"]},{"t":"S","f":"V","v":["I","u_0"]}]]}]}]},{"t":"E","f":"EIte","v":[{"t":"E","f":"EAtom","v":[{"t":"S","f":"Op","v":["B","list_member",[{"t":"S","f":"V","v":["IL","il_0"]},{"t":"S","f":"V","v":["I","u_0"]}]]}]},{"t":"E","f":"EAtom","v":[{"t":"S","f":"Op","v":["B","list_member",[{"t":"S","f":"V","v":["IL","il_1"]},{"t":"S","f":"V","v":["I","u_0"]}]]}]},{"t":"E","f":"ENot","v":[{"t":"E","f":"EAtom","v":[{"t":"S","f":"Op","v":["B","list_member",[{"t":"S","f":"V","v":["IL","il_1"]},{"t":"S","f":"V","v":["I","u_0"]}]]}]}]}]}]}]}}}},{"name":"Force","spec":{"treetp":"spec","args":[{"t":"tpv","tp":"IL","n":"il_0"},{"t":"tpv","tp":"IL","n":"il_1"}],"specbody":{"treetp":"ff","qv":[{"t":"tpv","tp":"I","n":"u_0"},{"t":"tpv","tp":"I","n":"u_1"}],"body":{"t":"E","f":"EOr","v":[{"t":"E","f":"EIte","v":[{"t":"E","f":"EAtom","v":[{"t":"S","f":"Op","v":["B","list_member",[{"t":"S","f":"V","v":["IL","il_0"]},{"t":"S","f":"V","v":["I","u_0"]}]]}]},{"t":"E","f":"EAtom","v":[{"t":"S","f":"Op","v":["B","list_member",[{"t":"S","f":"V","v":["IL","il_1"]},{"t":"S","f":"V","v":["I","u_0"]}]]}]},{"t":"E","f":"ENot","v":[{"t":"E","f":"EAtom","v":[{"t":"S","f":"Op","v":["B","list_member",[{"t":"S","f":"V","v":["IL","il_1"]},{"t":"S","f":"V","v":["I","u_0"]}]]}]}]}]},{"t":"E","f":"EOr","v":[{"t":"E","f":"ENot","v":[{"t":"E","f":"EAtom","v":[{"t":"S","f":"Op","v":["B","==",[{"t":"S","f":"V","v":["I","u_1"]},{"t":"S","f":"V","v":["I","u_0"]}]]}]}]},{"t":"E","f":"EIte","v":[{"t":"E","f":"EAtom","v":[{"t":"S","f":"Op","v":["B","list_member",[{"t":"S","f":"V","v":["IL","il_0"]},{"t":"S","f":"V","v":["I","u_0"]}]]}]},{"t":"E","f":"EAtom","v":[{"t":"S","f":"Op","v":["B","list_member",[{"t":"S","f":"V","v":["IL","il_1"]},{"t":"S","f":"V","v":["I","u_0"]}]]}]},{"t":"E","f":"ENot","v":[{"t":"E","f":"EAtom","v":[{"t":"S","f":"Op","v":["B","list_member",[{"t":"S","f":"V","v":["IL","il_1"]},{"t":"S","f":"V","v":["I","u_0"]}]]}]}]}]}]}]}}}},{"name":"BankersqReverse","spec":{"treetp":"spec","args":[{"t":"tpv","tp":"IL","n":"il_0"},{"t":"tpv","tp":"IL","n":"il_1"}],"specbody":{"treetp":"ff","qv":[{"t":"tpv","tp":"I","n":"u_0"},{"t":"tpv","tp":"I","n":"u_1"}],"body":{"t":"E","f":"EOr","v":[{"t":"E","f":"EIte","v":[{"t":"E","f":"EAtom","v":[{"t":"S","f":"Op","v":["B","list_member",[{"t":"S","f":"V","v":["IL","il_0"]},{"t":"S","f":"V","v":["I","u_0"]}]]}]},{"t":"E","f":"EAtom","v":[{"t":"S","f":"Op","v":["B","list_member",[{"t":"S","f":"V","v":["IL","il_1"]},{"t":"S","f":"V","v":["I","u_0"]}]]}]},{"t":"E","f":"ENot","v":[{"t":"E","f":"EAtom","v":[{"t":"S","f":"Op","v":["B","list_member",[{"t":"S","f":"V","v":["IL","il_1"]},{"t":"S","f":"V","v":["I","u_0"]}]]}]}]}]},{"t":"E","f":"EOr","v":[{"t":"E","f":"ENot","v":[{"t":"E","f":"EAtom","v":[{"t":"S","f":"Op","v":["B","==",[{"t":"S","f":"V","v":["I","u_1"]},{"t":"S","f":"V","v":["I","u_0"]}]]}]}]},{"t":"E","f":"EIte","v":[{"t":"E","f":"EAtom","v":[{"t":"S","f":"Op","v":["B","list_member",[{"t":"S","f":"V","v":["IL","il_0"]},{"t":"S","f":"V","v":["I","u_0"]}]]}]},{"t":"E","f":"EAtom","v":[{"t":"S","f":"Op","v":["B","list_member",[{"t":"S","f":"V","v":["IL","il_1"]},{"t":"S","f":"V","v":["I","u_0"]}]]}]},{"t":"E","f":"ENot","v":[{"t":"E","f":"EAtom","v":[{"t":"S","f":"Op","v":["B","list_member",[{"t":"S","f":"V","v":["IL","il_1"]},{"t":"S","f":"V","v":["I","u_0"]}]]}]}]}]}]}]}}}},{"name":"BankersqNil","spec":{"treetp":"spec","args":[{"t":"tpv","tp":"IL","n":"il_0"}],"specbody":{"treetp":"ff","qv":[{"t":"tpv","tp":"I","n":"u_0"},{"t":"tpv","tp":"I","n":"u_1"}],"body":{"t":"E","f":"EOr","v":[{"t":"E","f":"ENot","v":[{"t":"E","f":"EAtom","v":[{"t":"S","f":"Op","v":["B","list_member",[{"t":"S","f":"V","v":["IL","il_0"]},{"t":"S","f":"V","v":["I","u_0"]}]]}]}]},{"t":"E","f":"EOr","v":[{"t":"E","f":"ENot","v":[{"t":"E","f":"EAtom","v":[{"t":"S","f":"Op","v":["B","==",[{"t":"S","f":"V","v":["I","u_1"]},{"t":"S","f":"V","v":["I","u_0"]}]]}]}]},{"t":"E","f":"ENot","v":[{"t":"E","f":"EAtom","v":[{"t":"S","f":"Op","v":["B","list_member",[{"t":"S","f":"V","v":["IL","il_0"]},{"t":"S","f":"V","v":["I","u_0"]}]]}]}]}]}]}}}},{"name":"BankersqCons","spec":{"treetp":"spec","args":[{"t":"tpv","tp":"I","n":"i_0"},{"t":"tpv","tp":"IL","n":"il_0"},{"t":"tpv","tp":"IL","n":"il_1"}],"specbody":{"treetp":"ff","qv":[{"t":"tpv","tp":"I","n":"u_0"},{"t":"tpv","tp":"I","n":"u_1"}],"body":{"t":"E","f":"EOr","v":[{"t":"E","f":"EIte","v":[{"t":"E","f":"EAtom","v":[{"t":"S","f":"Op","v":["B","list_member",[{"t":"S","f":"V","v":["IL","il_1"]},{"t":"S","f":"V","v":["I","u_0"]}]]}]},{"t":"E","f":"EOr","v":[{"t":"E","f":"EAtom","v":[{"t":"S","f":"Op","v":["B","==",[{"t":"S","f":"V","v":["I","u_0"]},{"t":"S","f":"V","v":["I","i_0"]}]]}]},{"t":"E","f":"EAtom","v":[{"t":"S","f":"Op","v":["B","list_member",[{"t":"S","f":"V","v":["IL","il_0"]},{"t":"S","f":"V","v":["I","u_0"]}]]}]}]},{"t":"E","f":"EAnd","v":[{"t":"E","f":"ENot","v":[{"t":"E","f":"EAtom","v":[{"t":"S","f":"Op","v":["B","==",[{"t":"S","f":"V","v":["I","u_0"]},{"t":"S","f":"V","v":["I","i_0"]}]]}]}]},{"t":"E","f":"ENot","v":[{"t":"E","f":"EAtom","v":[{"t":"S","f":"Op","v":["B","list_member",[{"t":"S","f":"V","v":["IL","il_0"]},{"t":"S","f":"V","v":["I","u_0"]}]]}]}]}]}]},{"t":"E","f":"EIte","v":[{"t":"E","f":"EAtom","v":[{"t":"S","f":"Op","v":["B","==",[{"t":"S","f":"V","v":["I","u_1"]},{"t":"S","f":"V","v":["I","i_0"]}]]}]},{"t":"E","f":"EIte","v":[{"t":"E","f":"EAtom","v":[{"t":"S","f":"Op","v":["B","==",[{"t":"S","f":"V","v":["I","u_0"]},{"t":"S","f":"V","v":["I","i_0"]}]]}]},{"t":"E","f":"EOr","v":[{"t":"E","f":"EAtom","v":[{"t":"S","f":"Op","v":["B","list_member",[{"t":"S","f":"V","v":["IL","il_1"]},{"t":"S","f":"V","v":["I","i_0"]}]]}]},{"t":"E","f":"ENot","v":[{"t":"E","f":"EAtom","v":[{"t":"S","f":"Op","v":["B","==",[{"t":"S","f":"V","v":["I","i_0"]},{"t":"S","f":"V","v":["I","i_0"]}]]}]}]}]},{"t":"E","f":"EOr","v":[{"t":"E","f":"ENot","v":[{"t":"E","f":"EAtom","v":[{"t":"S","f":"Op","v":["B","list_member",[{"t":"S","f":"V","v":["IL","il_1"]},{"t":"S","f":"V","v":["I","i_0"]}]]}]}]},{"t":"E","f":"EOr","v":[{"t":"E","f":"ENot","v":[{"t":"E","f":"EAtom","v":[{"t":"S","f":"Op","v":["B","list_member",[{"t":"S","f":"V","v":["IL","il_1"]},{"t":"S","f":"V","v":["I","u_0"]}]]}]}]},{"t":"E","f":"EOr","v":[{"t":"E","f":"EAtom","v":[{"t":"S","f":"Op","v":["B","==",[{"t":"S","f":"V","v":["I","i_0"]},{"t":"S","f":"V","v":["I","u_0"]}]]}]},{"t":"E","f":"EAtom","v":[{"t":"S","f":"Op","v":["B","list_member",[{"t":"S","f":"V","v":["IL","il_0"]},{"t":"S","f":"V","v":["I","u_0"]}]]}]}]}]}]}]},{"t":"E","f":"EOr","v":[{"t":"E","f":"ENot","v":[{"t":"E","f":"EAtom","v":[{"t":"S","f":"Op","v":["B","==",[{"t":"S","f":"V","v":["I","u_1"]},{"t":"S","f":"V","v":["I","u_0"]}]]}]}]},{"t":"E","f":"EOr","v":[{"t":"E","f":"ENot","v":[{"t":"E","f":"EAtom","v":[{"t":"S","f":"Op","v":["B","list_member",[{"t":"S","f":"V","v":["IL","il_0"]},{"t":"S","f":"V","v":["I","u_0"]}]]}]}]},{"t":"E","f":"EOr","v":[{"t":"E","f":"EAtom","v":[{"t":"S","f":"Op","v":["B","==",[{"t":"S","f":"V","v":["I","u_0"]},{"t":"S","f":"V","v":["I","i_0"]}]]}]},{"t":"E","f":"EAtom","v":[{"t":"S","f":"Op","v":["B","list_member",[{"t":"S","f":"V","v":["IL","il_1"]},{"t":"S","f":"V","v":["I","u_0"]}]]}]}]}]}]}]}]}}}},{"name":"BankersqConcat","spec":{"treetp":"spec","args":[{"t":"tpv","tp":"IL","n":"il_0"},{"t":"tpv","tp":"IL","n":"il_1"},{"t":"tpv","tp":"IL","n":"il_2"}],"specbody":{"treetp":"ff","qv":[{"t":"tpv","tp":"I","n":"u_0"},{"t":"tpv","tp":"I","n":"u_1"}],"body":{"t":"E","f":"EOr","v":[{"t":"E","f":"EIte","v":[{"t":"E","f":"EAtom","v":[{"t":"S","f":"Op","v":["B","list_member",[{"t":"S","f":"V","v":["IL","il_2"]},{"t":"S","f":"V","v":["I","u_0"]}]]}]},{"t":"E","f":"EOr","v":[{"t":"E","f":"EAtom","v":[{"t":"S","f":"Op","v":["B","list_member",[{"t":"S","f":"V","v":["IL","il_0"]},{"t":"S","f":"V","v":["I","u_0"]}]]}]},{"t":"E","f":"EAtom","v":[{"t":"S","f":"Op","v":["B","list_member",[{"t":"S","f":"V","v":["IL","il_1"]},{"t":"S","f":"V","v":["I","u_0"]}]]}]}]},{"t":"E","f":"EAnd","v":[{"t":"E","f":"ENot","v":[{"t":"E","f":"EAtom","v":[{"t":"S","f":"Op","v":["B","list_member",[{"t":"S","f":"V","v":["IL","il_0"]},{"t":"S","f":"V","v":["I","u_0"]}]]}]}]},{"t":"E","f":"ENot","v":[{"t":"E","f":"EAtom","v":[{"t":"S","f":"Op","v":["B","list_member",[{"t":"S","f":"V","v":["IL","il_1"]},{"t":"S","f":"V","v":["I","u_0"]}]]}]}]}]}]},{"t":"E","f":"EIte","v":[{"t":"E","f":"EAtom","v":[{"t":"S","f":"Op","v":["B","list_member",[{"t":"S","f":"V","v":["IL","il_1"]},{"t":"S","f":"V","v":["I","u_1"]}]]}]},{"t":"E","f":"EOr","v":[{"t":"E","f":"EAtom","v":[{"t":"S","f":"Op","v":["B","list_member",[{"t":"S","f":"V","v":["IL","il_2"]},{"t":"S","f":"V","v":["I","u_0"]}]]}]},{"t":"E","f":"EIte","v":[{"t":"E","f":"EAtom","v":[{"t":"S","f":"Op","v":["B","==",[{"t":"S","f":"V","v":["I","u_1"]},{"t":"S","f":"V","v":["I","u_0"]}]]}]},{"t":"E","f":"ENot","v":[{"t":"E","f":"EAtom","v":[{"t":"S","f":"Op","v":["B","list_member",[{"t":"S","f":"V","v":["IL","il_1"]},{"t":"S","f":"V","v":["I","u_0"]}]]}]}]},{"t":"E","f":"EOr","v":[{"t":"E","f":"ENot","v":[{"t":"E","f":"EAtom","v":[{"t":"S","f":"Op","v":["B","list_member",[{"t":"S","f":"V","v":["IL","il_0"]},{"t":"S","f":"V","v":["I","u_0"]}]]}]}]},{"t":"E","f":"EOr","v":[{"t":"E","f":"ENot","v":[{"t":"E","f":"EAtom","v":[{"t":"S","f":"Op","v":["B","list_member",[{"t":"S","f":"V","v":["IL","il_2"]},{"t":"S","f":"V","v":["I","u_1"]}]]}]}]},{"t":"E","f":"EAtom","v":[{"t":"S","f":"Op","v":["B","list_member",[{"t":"S","f":"V","v":["IL","il_1"]},{"t":"S","f":"V","v":["I","u_0"]}]]}]}]}]}]}]},{"t":"E","f":"EOr","v":[{"t":"E","f":"ENot","v":[{"t":"E","f":"EAtom","v":[{"t":"S","f":"Op","v":["B","==",[{"t":"S","f":"V","v":["I","u_1"]},{"t":"S","f":"V","v":["I","u_0"]}]]}]}]},{"t":"E","f":"EOr","v":[{"t":"E","f":"ENot","v":[{"t":"E","f":"EAtom","v":[{"t":"S","f":"Op","v":["B","list_member",[{"t":"S","f":"V","v":["IL","il_2"]},{"t":"S","f":"V","v":["I","u_0"]}]]}]}]},{"t":"E","f":"EAtom","v":[{"t":"S","f":"Op","v":["B","list_member",[{"t":"S","f":"V","v":["IL","il_0"]},{"t":"S","f":"V","v":["I","u_0"]}]]}]}]}]}]}]}}}}],"vars":[{"t":"tpv","tp":"I","n":"x"}],"inputs":[{"t":"tpv","tp":"I","n":"lenf"},{"t":"tpv","tp":"IL","n":"f"},{"t":"tpv","tp":"I","n":"lenr"},{"t":"tpv","tp":"IL","n":"r"},{"t":"tpv","tp":"I","n":"x"}],"outputs":[{"t":"tpv","tp":"I","n":"lenf'"},{"t":"tpv","tp":"IL","n":"f'"},{"t":"tpv","tp":"I","n":"lenr'"},{"t":"tpv","tp":"IL","n":"r'"}]},"envs":[{"current":{"additional_dt":{"fd":"Node","a":0,"l":{"fd":"Node","a":1,"l":false,"r":true},"r":true},"additional_spec":{"treetp":"spec","args":[{"t":"tpv","tp":"IL","n":"il_0"}],"specbody":{"treetp":"ff","qv":[{"t":"tpv","tp":"I","n":"u_0"},{"t":"tpv","tp":"I","n":"u_1"}],"body":{"t":"E","f":"EOr","v":[{"t":"E","f":"ENot","v":[{"t":"E","f":"EAtom","v":[{"t":"S","f":"Op","v":["B","==",[{"t":"S","f":"V","v":["I","u_1"]},{"t":"S","f":"V","v":["I","u_0"]}]]}]}]},{"t":"E","f":"ENot","v":[{"t":"E","f":"EAtom","v":[{"t":"S","f":"Op","v":["B","list_member",[{"t":"S","f":"V","v":["IL","il_0"]},{"t":"S","f":"V","v":["I","u_0"]}]]}]}]}]}}},"init_dt":{"fd":"Node","a":2,"l":false,"r":true},"init_spec":{"treetp":"spec","args":[{"t":"tpv","tp":"IL","n":"il_0"}],"specbody":{"treetp":"ff","qv":[{"t":"tpv","tp":"I","n":"u_0"},{"t":"tpv","tp":"I","n":"u_1"}],"body":{"t":"E","f":"ENot","v":[{"t":"E","f":"EAtom","v":[{"t":"S","f":"Op","v":["B","list_member",[{"t":"S","f":"V","v":["IL","il_0"]},{"t":"S","f":"V","v":["I","u_0"]}]]}]}]}}}},"qv":[{"t":"tpv","tp":"I","n":"u_0"},{"t":"tpv","tp":"I","n":"u_1"}],"fset":[{"fd":"Base","pred":"==","a":"u_1","b":"u_0"},{"fd":"Pr","pred":"list_member","args":["il_0"],"args'":["u_1"]},{"fd":"Pr","pred":"list_member","args":["il_0"],"args'":["u_0"]}],"hole":{"name":"BankersqNil","args":[{"t":"tpv","tp":"IL","n":"il_0"}]},"unknown_fv":[{"t":"tpv","tp":"B","n":"_fv!0"},{"t":"tpv","tp":"B","n":"_fv!1"},{"t":"tpv","tp":"B","n":"_fv!2"}],"fvtab":[{"v":"ttt","l":2},{"v":"fft","l":0},{"v":"fff","l":0},{"v":"tff","l":0},{"v":"ftf","l":0}],"if_maximal":true},{"current":{"additional_dt":{"fd":"Node","a":1,"l":{"fd":"Node","a":2,"l":{"fd":"Node","a":5,"l":true,"r":{"fd":"Node","a":0,"l":{"fd":"Node","a":3,"l":{"fd":"Node","a":4,"l":false,"r":true},"r":{"fd":"Node","a":4,"l":true,"r":false}},"r":true}},"r":{"fd":"Node","a":5,"l":{"fd":"Node","a":6,"l":{"fd":"Node","a":0,"l":true,"r":{"fd":"Node","a":4,"l":true,"r":false}},"r":true},"r":true}},"r":{"fd":"Node","a":0,"l":{"fd":"Node","a":4,"l":{"fd":"Node","a":2,"l":true,"r":{"fd":"Node","a":3,"l":{"fd":"Node","a":5,"l":true,"r":false},"r":true}},"r":true},"r":true}},"additional_spec":{"treetp":"spec","args":[{"t":"tpv","tp":"I","n":"i_0"},{"t":"tpv","tp":"IL","n":"il_0"},{"t":"tpv","tp":"IL","n":"il_1"}],"specbody":{"treetp":"ff","qv":[{"t":"tpv","tp":"I","n":"u_0"},{"t":"tpv","tp":"I","n":"u_1"}],"body":{"t":"E","f":"EIte","v":[{"t":"E","f":"EAtom","v":[{"t":"S","f":"Op","v":["B","==",[{"t":"S","f":"V","v":["I","u_1"]},{"t":"S","f":"V","v":["I","i_0"]}]]}]},{"t":"E","f":"EIte","v":[{"t":"E","f":"EAtom","v":[{"t":"S","f":"Op","v":["B","==",[{"t":"S","f":"V","v":["I","u_0"]},{"t":"S","f":"V","v":["I","i_0"]}]]}]},{"t":"E","f":"EOr","v":[{"t":"E","f":"EAtom","v":[{"t":"S","f":"Op","v":["B","list_member",[{"t":"S","f":"V","v":["IL","il_1"]},{"t":"S","f":"V","v":["I","i_0"]}]]}]},{"t":"E","f":"ENot","v":[{"t":"E","f":"EAtom","v":[{"t":"S","f":"Op","v":["B","==",[{"t":"S","f":"V","v":["I","i_0"]},{"t":"S","f":"V","v":["I","i_0"]}]]}]}]}]},{"t":"E","f":"EOr","v":[{"t":"E","f":"ENot","v":[{"t":"E","f":"EAtom","v":[{"t":"S","f":"Op","v":["B","list_member",[{"t":"S","f":"V","v":["IL","il_1"]},{"t":"S","f":"V","v":["I","i_0"]}]]}]}]},{"t":"E","f":"EOr","v":[{"t":"E","f":"ENot","v":[{"t":"E","f":"EAtom","v":[{"t":"S","f":"Op","v":["B","list_member",[{"t":"S","f":"V","v":["IL","il_1"]},{"t":"S","f":"V","v":["I","u_0"]}]]}]}]},{"t":"E","f":"EOr","v":[{"t":"E","f":"EAtom","v":[{"t":"S","f":"Op","v":["B","==",[{"t":"S","f":"V","v":["I","i_0"]},{"t":"S","f":"V","v":["I","u_0"]}]]}]},{"t":"E","f":"EAtom","v":[{"t":"S","f":"Op","v":["B","list_member",[{"t":"S","f":"V","v":["IL","il_0"]},{"t":"S","f":"V","v":["I","u_0"]}]]}]}]}]}]}]},{"t":"E","f":"EOr","v":[{"t":"E","f":"ENot","v":[{"t":"E","f":"EAtom","v":[{"t":"S","f":"Op","v":["B","==",[{"t":"S","f":"V","v":["I","u_1"]},{"t":"S","f":"V","v":["I","u_0"]}]]}]}]},{"t":"E","f":"EOr","v":[{"t":"E","f":"ENot","v":[{"t":"E","f":"EAtom","v":[{"t":"S","f":"Op","v":["B","list_member",[{"t":"S","f":"V","v":["IL","il_0"]},{"t":"S","f":"V","v":["I","u_0"]}]]}]}]},{"t":"E","f":"EOr","v":[{"t":"E","f":"EAtom","v":[{"t":"S","f":"Op","v":["B","==",[{"t":"S","f":"V","v":["I","u_0"]},{"t":"S","f":"V","v":["I","i_0"]}]]}]},{"t":"E","f":"EAtom","v":[{"t":"S","f":"Op","v":["B","list_member",[{"t":"S","f":"V","v":["IL","il_1"]},{"t":"S","f":"V","v":["I","u_0"]}]]}]}]}]}]}]}}},"init_dt":{"fd":"Node","a":6,"l":{"fd":"Node","a":2,"l":true,"r":{"fd":"Node","a":4,"l":true,"r":false}},"r":{"fd":"Node","a":2,"l":false,"r":{"fd":"Node","a":4,"l":false,"r":true}}},"init_spec":{"treetp":"spec","args":[{"t":"tpv","tp":"I","n":"i_0"},{"t":"tpv","tp":"IL","n":"il_0"},{"t":"tpv","tp":"IL","n":"il_1"}],"specbody":{"treetp":"ff","qv":[{"t":"tpv","tp":"I","n":"u_0"},{"t":"tpv","tp":"I","n":"u_1"}],"body":{"t":"E","f":"EIte","v":[{"t":"E","f":"EAtom","v":[{"t":"S","f":"Op","v":["B","list_member",[{"t":"S","f":"V","v":["IL","il_1"]},{"t":"S","f":"V","v":["I","u_0"]}]]}]},{"t":"E","f":"EOr","v":[{"t":"E","f":"EAtom","v":[{"t":"S","f":"Op","v":["B","==",[{"t":"S","f":"V","v":["I","u_0"]},{"t":"S","f":"V","v":["I","i_0"]}]]}]},{"t":"E","f":"EAtom","v":[{"t":"S","f":"Op","v":["B","list_member",[{"t":"S","f":"V","v":["IL","il_0"]},{"t":"S","f":"V","v":["I","u_0"]}]]}]}]},{"t":"E","f":"EAnd","v":[{"t":"E","f":"ENot","v":[{"t":"E","f":"EAtom","v":[{"t":"S","f":"Op","v":["B","==",[{"t":"S","f":"V","v":["I","u_0"]},{"t":"S","f":"V","v":["I","i_0"]}]]}]}]},{"t":"E","f":"ENot","v":[{"t":"E","f":"EAtom","v":[{"t":"S","f":"Op","v":["B","list_member",[{"t":"S","f":"V","v":["IL","il_0"]},{"t":"S","f":"V","v":["I","u_0"]}]]}]}]}]}]}}}},"qv":[{"t":"tpv","tp":"I","n":"u_0"},{"t":"tpv","tp":"I","n":"u_1"}],"fset":[{"fd":"Base","pred":"==","a":"u_1","b":"u_0"},{"fd":"Base","pred":"==","a":"u_1","b":"i_0"},{"fd":"Base","pred":"==","a":"u_0","b":"i_0"},{"fd":"Pr","pred":"list_member","args":["il_0"],"args'":["u_1"]},{"fd":"Pr","pred":"list_member","args":["il_0"],"args'":["u_0"]},{"fd":"Pr","pred":"list_member","args":["il_1"],"args'":["u_1"]},{"fd":"Pr","pred":"list_member","args":["il_1"],"args'":["u_0"]}],"hole":{"name":"BankersqCons","args":[{"t":"tpv","tp":"I","n":"i_0"},{"t":"tpv","tp":"IL","n":"il_0"},{"t":"tpv","tp":"IL","n":"il_1"}]},"unknown_fv":[{"t":"tpv","tp":"B","n":"_fv!0"},{"t":"tpv","tp":"B","n":"_fv!1"},{"t":"tpv","tp":"B","n":"_fv!2"},{"t":"tpv","tp":"B","n":"_fv!3"},{"t":"tpv","tp":"B","n":"_fv!4"},{"t":"tpv","tp":"B","n":"_fv!5"},{"t":"tpv","tp":"B","n":"_fv!6"}],"fvtab":[{"v":"ftfftff","l":0},{"v":"fftfftt","l":0},{"v":"fftffff","l":0},{"v":"tffttff","l":2},{"v":"ftftftt","l":2},{"v":"ftftftf","l":0},{"v":"fftfttf","l":0},{"v":"ttttttt","l":0},{"v":"ffttfff","l":0},{"v":"fffffff","l":0},{"v":"tftffff","l":0},{"v":"tttfftt","l":0},{"v":"ftfffft","l":0},{"v":"ffftfft","l":0},{"v":"fftftft","l":0},{"v":"tttttff","l":2},{"v":"ttfttff","l":0},{"v":"fftfttt","l":0},{"v":"ftfffff","l":0},{"v":"ffttttt","l":0},{"v":"fftftff","l":0},{"v":"tfttfff","l":0},{"v":"tttffff","l":2},{"v":"ftftfft","l":0},{"v":"tfftfft","l":0},{"v":"tffftff","l":0},{"v":"tftttff","l":0},{"v":"ffftttt","l":0},{"v":"tttfftf","l":0},{"v":"fffftff","l":0},{"v":"fftffft","l":0},{"v":"ttffftt","l":0},{"v":"ttfffft","l":0},{"v":"ffftftt","l":0},{"v":"ffffttf","l":0},{"v":"ftffftt","l":2},{"v":"ttfftff","l":0},{"v":"fttttff","l":0},{"v":"ffffftt","l":0},{"v":"ffffttt","l":0},{"v":"fffffft","l":0},{"v":"ffffftf","l":0},{"v":"tfffftt","l":0},{"v":"ttttfff","l":0},{"v":"tfftttt","l":0},{"v":"ftftttt","l":0},{"v":"tttftff","l":0},{"v":"ftftfff","l":0},{"v":"ffftfff","l":0},{"v":"fttffff","l":0},{"v":"ftffftf","l":0},{"v":"tffffff","l":0},{"v":"fffttff","l":0}],"if_maximal":true},{"current":{"additional_dt":{"fd":"Node","a":0,"l":{"fd":"Node","a":1,"l":{"fd":"Node","a":2,"l":{"fd":"Node","a":3,"l":true,"r":false},"r":true},"r":{"fd":"Node","a":3,"l":{"fd":"Node","a":2,"l":true,"r":false},"r":true}},"r":true},"additional_spec":{"treetp":"spec","args":[{"t":"tpv","tp":"IL","n":"il_0"},{"t":"tpv","tp":"IL","n":"il_1"}],"specbody":{"treetp":"ff","qv":[{"t":"tpv","tp":"I","n":"u_0"},{"t":"tpv","tp":"I","n":"u_1"}],"body":{"t":"E","f":"EOr","v":[{"t":"E","f":"ENot","v":[{"t":"E","f":"EAtom","v":[{"t":"S","f":"Op","v":["B","==",[{"t":"S","f":"V","v":["I","u_1"]},{"t":"S","f":"V","v":["I","u_0"]}]]}]}]},{"t":"E","f":"EIte","v":[{"t":"E","f":"EAtom","v":[{"t":"S","f":"Op","v":["B","list_member",[{"t":"S","f":"V","v":["IL","il_0"]},{"t":"S","f":"V","v":["I","u_0"]}]]}]},{"t":"E","f":"EAtom","v":[{"t":"S","f":"Op","v":["B","list_member",[{"t":"S","f":"V","v":["IL","il_1"]},{"t":"S","f":"V","v":["I","u_0"]}]]}]},{"t":"E","f":"ENot","v":[{"t":"E","f":"EAtom","v":[{"t":"S","f":"Op","v":["B","list_member",[{"t":"S","f":"V","v":["IL","il_1"]},{"t":"S","f":"V","v":["I","u_0"]}]]}]}]}]}]}}},"init_dt":{"fd":"Node","a":2,"l":{"fd":"Node","a":4,"l":true,"r":false},"r":{"fd":"Node","a":4,"l":false,"r":true}},"init_spec":{"treetp":"spec","args":[{"t":"tpv","tp":"IL","n":"il_0"},{"t":"tpv","tp":"IL","n":"il_1"}],"specbody":{"treetp":"ff","qv":[{"t":"tpv","tp":"I","n":"u_0"},{"t":"tpv","tp":"I","n":"u_1"}],"body":{"t":"E","f":"EIte","v":[{"t":"E","f":"EAtom","v":[{"t":"S","f":"Op","v":["B","list_member",[{"t":"S","f":"V","v":["IL","il_0"]},{"t":"S","f":"V","v":["I","u_0"]}]]}]},{"t":"E","f":"EAtom","v":[{"t":"S","f":"Op","v":["B","list_member",[{"t":"S","f":"V","v":["IL","il_1"]},{"t":"S","f":"V","v":["I","u_0"]}]]}]},{"t":"E","f":"ENot","v":[{"t":"E","f":"EAtom","v":[{"t":"S","f":"Op","v":["B","list_member",[{"t":"S","f":"V","v":["IL","il_1"]},{"t":"S","f":"V","v":["I","u_0"]}]]}]}]}]}}}},"qv":[{"t":"tpv","tp":"I","n":"u_0"},{"t":"tpv","tp":"I","n":"u_1"}],"fset":[{"fd":"Base","pred":"==","a":"u_1","b":"u_0"},{"fd":"Pr","pred":"list_member","args":["il_0"],"args'":["u_1"]},{"fd":"Pr","pred":"list_member","args":["il_0"],"args'":["u_0"]},{"fd":"Pr","pred":"list_member","args":["il_1"],"args'":["u_1"]},{"fd":"Pr","pred":"list_member","args":["il_1"],"args'":["u_0"]}],"hole":{"name":"Lazy","args":[{"t":"tpv","tp":"IL","n":"il_0"},{"t":"tpv","tp":"IL","n":"il_1"}]},"unknown_fv":[{"t":"tpv","tp":"B","n":"_fv!0"},{"t":"tpv","tp":"B","n":"_fv!1"},{"t":"tpv","tp":"B","n":"_fv!2"},{"t":"tpv","tp":"B","n":"_fv!3"},{"t":"tpv","tp":"B","n":"_fv!4"}],"fvtab":[{"v":"tfftt","l":2},{"v":"ttttf","l":0},{"v":"tftff","l":0},{"v":"tttff","l":2},{"v":"ttftt","l":0},{"v":"ftfff","l":0},{"v":"fftff","l":0},{"v":"tfttf","l":0},{"v":"ttfft","l":0},{"v":"fffff","l":0},{"v":"tffft","l":0},{"v":"ffftf","l":0},{"v":"fffft","l":0},{"v":"tffff","l":0}],"if_maximal":true},{"current":{"additional_dt":{"fd":"Node","a":0,"l":{"fd":"Node","a":1,"l":{"fd":"Node","a":2,"l":{"fd":"Node","a":3,"l":true,"r":false},"r":true},"r":{"fd":"Node","a":3,"l":{"fd":"Node","a":2,"l":true,"r":false},"r":true}},"r":true},"additional_spec":{"treetp":"spec","args":[{"t":"tpv","tp":"IL","n":"il_0"},{"t":"tpv","tp":"IL","n":"il_1"}],"specbody":{"treetp":"ff","qv":[{"t":"tpv","tp":"I","n":"u_0"},{"t":"tpv","tp":"I","n":"u_1"}],"body":{"t":"E","f":"EOr","v":[{"t":"E","f":"ENot","v":[{"t":"E","f":"EAtom","v":[{"t":"S","f":"Op","v":["B","==",[{"t":"S","f":"V","v":["I","u_1"]},{"t":"S","f":"V","v":["I","u_0"]}]]}]}]},{"t":"E","f":"EIte","v":[{"t":"E","f":"EAtom","v":[{"t":"S","f":"Op","v":["B","list_member",[{"t":"S","f":"V","v":["IL","il_0"]},{"t":"S","f":"V","v":["I","u_0"]}]]}]},{"t":"E","f":"EAtom","v":[{"t":"S","f":"Op","v":["B","list_member",[{"t":"S","f":"V","v":["IL","il_1"]},{"t":"S","f":"V","v":["I","u_0"]}]]}]},{"t":"E","f":"ENot","v":[{"t":"E","f":"EAtom","v":[{"t":"S","f":"Op","v":["B","list_member",[{"t":"S","f":"V","v":["IL","il_1"]},{"t":"S","f":"V","v":["I","u_0"]}]]}]}]}]}]}}},"init_dt":{"fd":"Node","a":2,"l":{"fd":"Node","a":4,"l":true,"r":false},"r":{"fd":"Node","a":4,"l":false,"r":true}},"init_spec":{"treetp":"spec","args":[{"t":"tpv","tp":"IL","n":"il_0"},{"t":"tpv","tp":"IL","n":"il_1"}],"specbody":{"treetp":"ff","qv":[{"t":"tpv","tp":"I","n":"u_0"},{"t":"tpv","tp":"I","n":"u_1"}],"body":{"t":"E","f":"EIte","v":[{"t":"E","f":"EAtom","v":[{"t":"S","f":"Op","v":["B","list_member",[{"t":"S","f":"V","v":["IL","il_0"]},{"t":"S","f":"V","v":["I","u_0"]}]]}]},{"t":"E","f":"EAtom","v":[{"t":"S","f":"Op","v":["B","list_member",[{"t":"S","f":"V","v":["IL","il_1"]},{"t":"S","f":"V","v":["I","u_0"]}]]}]},{"t":"E","f":"ENot","v":[{"t":"E","f":"EAtom","v":[{"t":"S","f":"Op","v":["B","list_member",[{"t":"S","f":"V","v":["IL","il_1"]},{"t":"S","f":"V","v":["I","u_0"]}]]}]}]}]}}}},"qv":[{"t":"tpv","tp":"I","n":"u_0"},{"t":"tpv","tp":"I","n":"u_1"}],"fset":[{"fd":"Base","pred":"==","a":"u_1","b":"u_0"},{"fd":"Pr","pred":"list_member","args":["il_0"],"args'":["u_1"]},{"fd":"Pr","pred":"list_member","args":["il_0"],"args'":["u_0"]},{"fd":"Pr","pred":"list_member","args":["il_1"],"args'":["u_1"]},{"fd":"Pr","pred":"list_member","args":["il_1"],"args'":["u_0"]}],"hole":{"name":"Force","args":[{"t":"tpv","tp":"IL","n":"il_0"},{"t":"tpv","tp":"IL","n":"il_1"}]},"unknown_fv":[{"t":"tpv","tp":"B","n":"_fv!0"},{"t":"tpv","tp":"B","n":"_fv!1"},{"t":"tpv","tp":"B","n":"_fv!2"},{"t":"tpv","tp":"B","n":"_fv!3"},{"t":"tpv","tp":"B","n":"_fv!4"}],"fvtab":[{"v":"tfftt","l":2},{"v":"ttttf","l":0},{"v":"tttff","l":2},{"v":"ftfff","l":0},{"v":"fftff","l":0},{"v":"fttff","l":0},{"v":"tfttf","l":0},{"v":"ttfft","l":0},{"v":"fffff","l":0},{"v":"tffft","l":0},{"v":"ffftf","l":0},{"v":"fffft","l":0},{"v":"tffff","l":0}],"if_maximal":true},{"current":{"additional_dt":{"fd":"Node","a":3,"l":{"fd":"Node","a":6,"l":true,"r":{"fd":"Node","a":0,"l":{"fd":"Node","a":4,"l":{"fd":"Node","a":5,"l":true,"r":{"fd":"Node","a":1,"l":{"fd":"Node","a":2,"l":false,"r":true},"r":{"fd":"Node","a":2,"l":true,"r":false}}},"r":true},"r":{"fd":"Node","a":2,"l":{"fd":"Node","a":5,"l":{"fd":"Node","a":4,"l":true,"r":false},"r":true},"r":true}}},"r":{"fd":"Node","a":0,"l":{"fd":"Node","a":5,"l":{"fd":"Node","a":1,"l":true,"r":{"fd":"Node","a":6,"l":false,"r":true}},"r":true},"r":true}},"additional_spec":{"treetp":"spec","args":[{"t":"tpv","tp":"IL","n":"il_0"},{"t":"tpv","tp":"IL","n":"il_1"},{"t":"tpv","tp":"IL","n":"il_2"}],"specbody":{"treetp":"ff","qv":[{"t":"tpv","tp":"I","n":"u_0"},{"t":"tpv","tp":"I","n":"u_1"}],"body":{"t":"E","f":"EIte","v":[{"t":"E","f":"EAtom","v":[{"t":"S","f":"Op","v":["B","list_member",[{"t":"S","f":"V","v":["IL","il_1"]},{"t":"S","f":"V","v":["I","u_1"]}]]}]},{"t":"E","f":"EOr","v":[{"t":"E","f":"EAtom","v":[{"t":"S","f":"Op","v":["B","list_member",[{"t":"S","f":"V","v":["IL","il_2"]},{"t":"S","f":"V","v":["I","u_0"]}]]}]},{"t":"E","f":"EIte","v":[{"t":"E","f":"EAtom","v":[{"t":"S","f":"Op","v":["B","==",[{"t":"S","f":"V","v":["I","u_1"]},{"t":"S","f":"V","v":["I","u_0"]}]]}]},{"t":"E","f":"ENot","v":[{"t":"E","f":"EAtom","v":[{"t":"S","f":"Op","v":["B","list_member",[{"t":"S","f":"V","v":["IL","il_1"]},{"t":"S","f":"V","v":["I","u_0"]}]]}]}]},{"t":"E","f":"EOr","v":[{"t":"E","f":"ENot","v":[{"t":"E","f":"EAtom","v":[{"t":"S","f":"Op","v":["B","list_member",[{"t":"S","f":"V","v":["IL","il_0"]},{"t":"S","f":"V","v":["I","u_0"]}]]}]}]},{"t":"E","f":"EOr","v":[{"t":"E","f":"ENot","v":[{"t":"E","f":"EAtom","v":[{"t":"S","f":"Op","v":["B","list_member",[{"t":"S","f":"V","v":["IL","il_2"]},{"t":"S","f":"V","v":["I","u_1"]}]]}]}]},{"t":"E","f":"EAtom","v":[{"t":"S","f":"Op","v":["B","list_member",[{"t":"S","f":"V","v":["IL","il_1"]},{"t":"S","f":"V","v":["I","u_0"]}]]}]}]}]}]}]},{"t":"E","f":"EOr","v":[{"t":"E","f":"ENot","v":[{"t":"E","f":"EAtom","v":[{"t":"S","f":"Op","v":["B","==",[{"t":"S","f":"V","v":["I","u_1"]},{"t":"S","f":"V","v":["I","u_0"]}]]}]}]},{"t":"E","f":"EOr","v":[{"t":"E","f":"ENot","v":[{"t":"E","f":"EAtom","v":[{"t":"S","f":"Op","v":["B","list_member",[{"t":"S","f":"V","v":["IL","il_2"]},{"t":"S","f":"V","v":["I","u_0"]}]]}]}]},{"t":"E","f":"EAtom","v":[{"t":"S","f":"Op","v":["B","list_member",[{"t":"S","f":"V","v":["IL","il_0"]},{"t":"S","f":"V","v":["I","u_0"]}]]}]}]}]}]}}},"init_dt":{"fd":"Node","a":6,"l":{"fd":"Node","a":2,"l":true,"r":{"fd":"Node","a":4,"l":true,"r":false}},"r":{"fd":"Node","a":2,"l":false,"r":{"fd":"Node","a":4,"l":false,"r":true}}},"init_spec":{"treetp":"spec","args":[{"t":"tpv","tp":"IL","n":"il_0"},{"t":"tpv","tp":"IL","n":"il_1"},{"t":"tpv","tp":"IL","n":"il_2"}],"specbody":{"treetp":"ff","qv":[{"t":"tpv","tp":"I","n":"u_0"},{"t":"tpv","tp":"I","n":"u_1"}],"body":{"t":"E","f":"EIte","v":[{"t":"E","f":"EAtom","v":[{"t":"S","f":"Op","v":["B","list_member",[{"t":"S","f":"V","v":["IL","il_2"]},{"t":"S","f":"V","v":["I","u_0"]}]]}]},{"t":"E","f":"EOr","v":[{"t":"E","f":"EAtom","v":[{"t":"S","f":"Op","v":["B","list_member",[{"t":"S","f":"V","v":["IL","il_0"]},{"t":"S","f":"V","v":["I","u_0"]}]]}]},{"t":"E","f":"EAtom","v":[{"t":"S","f":"Op","v":["B","list_member",[{"t":"S","f":"V","v":["IL","il_1"]},{"t":"S","f":"V","v":["I","u_0"]}]]}]}]},{"t":"E","f":"EAnd","v":[{"t":"E","f":"ENot","v":[{"t":"E","f":"EAtom","v":[{"t":"S","f":"Op","v":["B","list_member",[{"t":"S","f":"V","v":["IL","il_0"]},{"t":"S","f":"V","v":["I","u_0"]}]]}]}]},{"t":"E","f":"ENot","v":[{"t":"E","f":"EAtom","v":[{"t":"S","f":"Op","v":["B","list_member",[{"t":"S","f":"V","v":["IL","il_1"]},{"t":"S","f":"V","v":["I","u_0"]}]]}]}]}]}]}}}},"qv":[{"t":"tpv","tp":"I","n":"u_0"},{"t":"tpv","tp":"I","n":"u_1"}],"fset":[{"fd":"Base","pred":"==","a":"u_1","b":"u_0"},{"fd":"Pr","pred":"list_member","args":["il_0"],"args'":["u_1"]},{"fd":"Pr","pred":"list_member","args":["il_0"],"args'":["u_0"]},{"fd":"Pr","pred":"list_member","args":["il_1"],"args'":["u_1"]},{"fd":"Pr","pred":"list_member","args":["il_1"],"args'":["u_0"]},{"fd":"Pr","pred":"list_member","args":["il_2"],"args'":["u_1"]},{"fd":"Pr","pred":"list_member","args":["il_2"],"args'":["u_0"]}],"hole":{"name":"BankersqConcat","args":[{"t":"tpv","tp":"IL","n":"il_0"},{"t":"tpv","tp":"IL","n":"il_1"},{"t":"tpv","tp":"IL","n":"il_2"}]},"unknown_fv":[{"t":"tpv","tp":"B","n":"_fv!0"},{"t":"tpv","tp":"B","n":"_fv!1"},{"t":"tpv","tp":"B","n":"_fv!2"},{"t":"tpv","tp":"B","n":"_fv!3"},{"t":"tpv","tp":"B","n":"_fv!4"},{"t":"tpv","tp":"B","n":"_fv!5"},{"t":"tpv","tp":"B","n":"_fv!6"}],"fvtab":[{"v":"fftffff","l":0},{"v":"tffttff","l":2},{"v":"ftttftf","l":2},{"v":"ftftftf","l":0},{"v":"fftfttf","l":0},{"v":"ttttttt","l":0},{"v":"ffttfff","l":0},{"v":"fffffff","l":0},{"v":"tfffttf","l":0},{"v":"tftffff","l":0},{"v":"tttfftt","l":0},{"v":"fftfftf","l":0},{"v":"ffttttf","l":0},{"v":"tfftttf","l":0},{"v":"fttftft","l":0},{"v":"ffftfft","l":0},{"v":"ftttfft","l":0},{"v":"fftftft","l":0},{"v":"tttttff","l":2},{"v":"ttfttff","l":0},{"v":"ttttftf","l":0},{"v":"ftfffff","l":0},{"v":"ffftftf","l":0},{"v":"tttffff","l":0},{"v":"ffttftf","l":2},{"v":"tfftfft","l":0},{"v":"tftttff","l":0},{"v":"tffffft","l":0},{"v":"fffftff","l":0},{"v":"ttffftt","l":0},{"v":"fttftff","l":0},{"v":"ttfffft","l":0},{"v":"ffffttf","l":0},{"v":"tftftff","l":0},{"v":"fttfttf","l":0},{"v":"tftfftf","l":0},{"v":"ffffftt","l":0},{"v":"tfttftf","l":0},{"v":"fffffft","l":0},{"v":"ffffftf","l":0},{"v":"tfffftt","l":2},{"v":"fttfftf","l":0},{"v":"ttttfff","l":0},{"v":"tfftttt","l":0},{"v":"ffftfff","l":0},{"v":"fffftft","l":0},{"v":"ftttfff","l":0},{"v":"fttffft","l":0},{"v":"fttffff","l":0},{"v":"tffffff","l":0},{"v":"ftfftft","l":0},{"v":"fffttff","l":0}],"if_maximal":true},{"current":{"additional_dt":{"fd":"Node","a":0,"l":{"fd":"Node","a":1,"l":{"fd":"Node","a":3,"l":true,"r":{"fd":"Node","a":2,"l":false,"r":true}},"r":{"fd":"Node","a":3,"l":{"fd":"Node","a":2,"l":true,"r":false},"r":true}},"r":true},"additional_spec":{"treetp":"spec","args":[{"t":"tpv","tp":"IL","n":"il_0"},{"t":"tpv","tp":"IL","n":"il_1"}],"specbody":{"treetp":"ff","qv":[{"t":"tpv","tp":"I","n":"u_0"},{"t":"tpv","tp":"I","n":"u_1"}],"body":{"t":"E","f":"EOr","v":[{"t":"E","f":"ENot","v":[{"t":"E","f":"EAtom","v":[{"t":"S","f":"Op","v":["B","==",[{"t":"S","f":"V","v":["I","u_1"]},{"t":"S","f":"V","v":["I","u_0"]}]]}]}]},{"t":"E","f":"EIte","v":[{"t":"E","f":"EAtom","v":[{"t":"S","f":"Op","v":["B","list_member",[{"t":"S","f":"V","v":["IL","il_0"]},{"t":"S","f":"V","v":["I","u_0"]}]]}]},{"t":"E","f":"EAtom","v":[{"t":"S","f":"Op","v":["B","list_member",[{"t":"S","f":"V","v":["IL","il_1"]},{"t":"S","f":"V","v":["I","u_0"]}]]}]},{"t":"E","f":"ENot","v":[{"t":"E","f":"EAtom","v":[{"t":"S","f":"Op","v":["B","list_member",[{"t":"S","f":"V","v":["IL","il_1"]},{"t":"S","f":"V","v":["I","u_0"]}]]}]}]}]}]}}},"init_dt":{"fd":"Node","a":2,"l":{"fd":"Node","a":4,"l":true,"r":false},"r":{"fd":"Node","a":4,"l":false,"r":true}},"init_spec":{"treetp":"spec","args":[{"t":"tpv","tp":"IL","n":"il_0"},{"t":"tpv","tp":"IL","n":"il_1"}],"specbody":{"treetp":"ff","qv":[{"t":"tpv","tp":"I","n":"u_0"},{"t":"tpv","tp":"I","n":"u_1"}],"body":{"t":"E","f":"EIte","v":[{"t":"E","f":"EAtom","v":[{"t":"S","f":"Op","v":["B","list_member",[{"t":"S","f":"V","v":["IL","il_0"]},{"t":"S","f":"V","v":["I","u_0"]}]]}]},{"t":"E","f":"EAtom","v":[{"t":"S","f":"Op","v":["B","list_member",[{"t":"S","f":"V","v":["IL","il_1"]},{"t":"S","f":"V","v":["I","u_0"]}]]}]},{"t":"E","f":"ENot","v":[{"t":"E","f":"EAtom","v":[{"t":"S","f":"Op","v":["B","list_member",[{"t":"S","f":"V","v":["IL","il_1"]},{"t":"S","f":"V","v":["I","u_0"]}]]}]}]}]}}}},"qv":[{"t":"tpv","tp":"I","n":"u_0"},{"t":"tpv","tp":"I","n":"u_1"}],"fset":[{"fd":"Base","pred":"==","a":"u_1","b":"u_0"},{"fd":"Pr","pred":"list_member","args":["il_0"],"args'":["u_1"]},{"fd":"Pr","pred":"list_member","args":["il_0"],"args'":["u_0"]},{"fd":"Pr","pred":"list_member","args":["il_1"],"args'":["u_1"]},{"fd":"Pr","pred":"list_member","args":["il_1"],"args'":["u_0"]}],"hole":{"name":"BankersqReverse","args":[{"t":"tpv","tp":"IL","n":"il_0"},{"t":"tpv","tp":"IL","n":"il_1"}]},"unknown_fv":[{"t":"tpv","tp":"B","n":"_fv!0"},{"t":"tpv","tp":"B","n":"_fv!1"},{"t":"tpv","tp":"B","n":"_fv!2"},{"t":"tpv","tp":"B","n":"_fv!3"},{"t":"tpv","tp":"B","n":"_fv!4"}],"fvtab":[{"v":"tfftt","l":2},{"v":"ttttf","l":0},{"v":"ftftf","l":0},{"v":"ttttt","l":0},{"v":"tttff","l":2},{"v":"ffftt","l":0},{"v":"ftfff","l":0},{"v":"fftff","l":0},{"v":"tfttf","l":0},{"v":"ttfft","l":0},{"v":"fffff","l":0},{"v":"tffft","l":0},{"v":"ftftt","l":0},{"v":"ffttt","l":0},{"v":"ffftf","l":0},{"v":"fffft","l":0},{"v":"fftft","l":0},{"v":"tffff","l":0}],"if_maximal":true}]}