{"vc":{"preds":["list_member","tree_member"],"multi_pre":[{"pre_flow":{"t":"A","f":"AAnd","v":[{"t":"A","f":"ASpecApply","v":["e",[{"t":"S","f":"V","v":["IT","nu_e"]}]]},{"t":"A","f":"ASpecApply","v":["equal",[{"t":"S","f":"V","v":["IT","m"]},{"t":"S","f":"V","v":["IT","nu_e"]}]]},{"t":"A","f":"ASpecApply","v":["cons",[{"t":"S","f":"V","v":["I","z"]},{"t":"S","f":"V","v":["IL","i'"]},{"t":"S","f":"V","v":["IL","i"]}]]},{"t":"A","f":"ASpecApply","v":["gt",[{"t":"S","f":"V","v":["I","z"]},{"t":"S","f":"Lit","v":["I",{"t":"Lit","f":"Int","v":0}]},{"t":"S","f":"Lit","v":["B",{"t":"Lit","f":"Bool","v":true}]}]]},{"t":"A","f":"ASpecApply","v":["Ins",[{"t":"S","f":"V","v":["I","default"]},{"t":"S","f":"V","v":["IL","i'"]},{"t":"S","f":"V","v":["I","a"]},{"t":"S","f":"V","v":["IT","nu_e"]},{"t":"S","f":"V","v":["IT","tmp1"]}]]},{"t":"A","f":"ASpecApply","v":["triet",[{"t":"S","f":"V","v":["IT","tmp1"]},{"t":"S","f":"V","v":["I","default"]},{"t":"S","f":"V","v":["IT","nu_e"]},{"t":"S","f":"V","v":["IT","nu"]}]]}]},"applied_args_map":[{"name":"triet","applied_args":[[{"t":"S","f":"V","v":["IT","tmp1"]},{"t":"S","f":"V","v":["I","default"]},{"t":"S","f":"V","v":["IT","nu_e"]},{"t":"S","f":"V","v":["IT","nu"]}]]},{"name":"e","applied_args":[[{"t":"S","f":"V","v":["IT","nu_e"]}]]},{"name":"cons","applied_args":[[{"t":"S","f":"V","v":["I","z"]},{"t":"S","f":"V","v":["IL","i'"]},{"t":"S","f":"V","v":["IL","i"]}]]}]},{"pre_flow":{"t":"A","f":"AAnd","v":[{"t":"A","f":"ASpecApply","v":["e",[{"t":"S","f":"V","v":["IT","nu_e"]}]]},{"t":"A","f":"ASpecApply","v":["equal",[{"t":"S","f":"V","v":["IT","m"]},{"t":"S","f":"V","v":["IT","nu_e"]}]]},{"t":"A","f":"ASpecApply","v":["cons",[{"t":"S","f":"V","v":["I","z"]},{"t":"S","f":"V","v":["IL","i'"]},{"t":"S","f":"V","v":["IL","i"]}]]},{"t":"A","f":"ASpecApply","v":["gt",[{"t":"S","f":"V","v":["I","z"]},{"t":"S","f":"Lit","v":["I",{"t":"Lit","f":"Int","v":0}]},{"t":"S","f":"Lit","v":["B",{"t":"Lit","f":"Bool","v":false}]}]]},{"t":"A","f":"ASpecApply","v":["Ins",[{"t":"S","f":"V","v":["I","default"]},{"t":"S","f":"V","v":["IL","i'"]},{"t":"S","f":"V","v":["I","a"]},{"t":"S","f":"V","v":["IT","nu_e"]},{"t":"S","f":"V","v":["IT","tmp1"]}]]},{"t":"A","f":"ASpecApply","v":["triet",[{"t":"S","f":"V","v":["IT","nu_e"]},{"t":"S","f":"V","v":["I","default"]},{"t":"S","f":"V","v":["IT","tmp1"]},{"t":"S","f":"V","v":["IT","nu"]}]]}]},"applied_args_map":[{"name":"triet","applied_args":[[{"t":"S","f":"V","v":["IT","nu_e"]},{"t":"S","f":"V","v":["I","default"]},{"t":"S","f":"V","v":["IT","tmp1"]},{"t":"S","f":"V","v":["IT","nu"]}]]},{"name":"e","applied_args":[[{"t":"S","f":"V","v":["IT","nu_e"]}]]},{"name":"cons","applied_args":[[{"t":"S","f":"V","v":["I","z"]},{"t":"S","f":"V","v":["IL","i'"]},{"t":"S","f":"V","v":["IL","i"]}]]}]},{"pre_flow":{"t":"A","f":"AAnd","v":[{"t":"A","f":"ASpecApply","v":["e",[{"t":"S","f":"V","v":["IT","nu_e"]}]]},{"t":"A","f":"ASpecApply","v":["equal",[{"t":"S","f":"V","v":["IT","m"]},{"t":"S","f":"V","v":["IT","nu_e"]}]]},{"t":"A","f":"ASpecApply","v":["nil",[{"t":"S","f":"V","v":["IL","nu_nil"]}]]},{"t":"A","f":"ASpecApply","v":["equal",[{"t":"S","f":"V","v":["IL","i"]},{"t":"S","f":"V","v":["IL","nu_nil"]}]]},{"t":"A","f":"ASpecApply","v":["triet",[{"t":"S","f":"V","v":["IT","nu_e"]},{"t":"S","f":"V","v":["I","a"]},{"t":"S","f":"V","v":["IT","nu_e"]},{"t":"S","f":"V","v":["IT","nu"]}]]},{"t":"A","f":"ASpecApply","v":["equal",[{"t":"S","f":"V","v":["IL","nu"]},{"t":"S","f":"V","v":["IT","nu"]}]]}]},"applied_args_map":[{"name":"triet","applied_args":[[{"t":"S","f":"V","v":["IT","nu_e"]},{"t":"S","f":"V","v":["I","a"]},{"t":"S","f":"V","v":["IT","nu_e"]},{"t":"S","f":"V","v":["IT","nu"]}]]},{"name":"nil","applied_args":[[{"t":"S","f":"V","v":["IL","nu_nil"]}]]},{"name":"e","applied_args":[[{"t":"S","f":"V","v":["IT","nu_e"]}]]}]},{"pre_flow":{"t":"A","f":"AAnd","v":[{"t":"A","f":"ASpecApply","v":["triet",[{"t":"S","f":"V","v":["IT","l"]},{"t":"S","f":"V","v":["I","y"]},{"t":"S","f":"V","v":["IT","r"]},{"t":"S","f":"V","v":["IT","m"]}]]},{"t":"A","f":"ASpecApply","v":["cons",[{"t":"S","f":"V","v":["I","z"]},{"t":"S","f":"V","v":["IL","i'"]},{"t":"S","f":"V","v":["IL","i"]}]]},{"t":"A","f":"ASpecApply","v":["gt",[{"t":"S","f":"V","v":["I","z"]},{"t":"S","f":"Lit","v":["I",{"t":"Lit","f":"Int","v":0}]},{"t":"S","f":"Lit","v":["B",{"t":"Lit","f":"Bool","v":true}]}]]},{"t":"A","f":"ASpecApply","v":["Ins",[{"t":"S","f":"V","v":["I","default"]},{"t":"S","f":"V","v":["IL","i'"]},{"t":"S","f":"V","v":["I","a"]},{"t":"S","f":"V","v":["IT","l"]},{"t":"S","f":"V","v":["IT","tmp1"]}]]},{"t":"A","f":"ASpecApply","v":["triet",[{"t":"S","f":"V","v":["IT","tmp1"]},{"t":"S","f":"V","v":["I","y"]},{"t":"S","f":"V","v":["IT","r"]},{"t":"S","f":"V","v":["IT","nu"]}]]}]},"applied_args_map":[{"name":"triet","applied_args":[[{"t":"S","f":"V","v":["IT","tmp1"]},{"t":"S","f":"V","v":["I","y"]},{"t":"S","f":"V","v":["IT","r"]},{"t":"S","f":"V","v":["IT","nu"]}],[{"t":"S","f":"V","v":["IT","l"]},{"t":"S","f":"V","v":["I","y"]},{"t":"S","f":"V","v":["IT","r"]},{"t":"S","f":"V","v":["IT","m"]}]]},{"name":"cons","applied_args":[[{"t":"S","f":"V","v":["I","z"]},{"t":"S","f":"V","v":["IL","i'"]},{"t":"S","f":"V","v":["IL","i"]}]]}]},{"pre_flow":{"t":"A","f":"AAnd","v":[{"t":"A","f":"ASpecApply","v":["triet",[{"t":"S","f":"V","v":["IT","l"]},{"t":"S","f":"V","v":["I","y"]},{"t":"S","f":"V","v":["IT","r"]},{"t":"S","f":"V","v":["IT","m"]}]]},{"t":"A","f":"ASpecApply","v":["cons",[{"t":"S","f":"V","v":["I","z"]},{"t":"S","f":"V","v":["IL","i'"]},{"t":"S","f":"V","v":["IL","i"]}]]},{"t":"A","f":"ASpecApply","v":["gt",[{"t":"S","f":"V","v":["I","z"]},{"t":"S","f":"Lit","v":["I",{"t":"Lit","f":"Int","v":0}]},{"t":"S","f":"Lit","v":["B",{"t":"Lit","f":"Bool","v":false}]}]]},{"t":"A","f":"ASpecApply","v":["Ins",[{"t":"S","f":"V","v":["I","default"]},{"t":"S","f":"V","v":["IL","i'"]},{"t":"S","f":"V","v":["I","a"]},{"t":"S","f":"V","v":["IT","r"]},{"t":"S","f":"V","v":["IT","tmp1"]}]]},{"t":"A","f":"ASpecApply","v":["triet",[{"t":"S","f":"V","v":["IT","l"]},{"t":"S","f":"V","v":["I","y"]},{"t":"S","f":"V","v":["IT","tmp1"]},{"t":"S","f":"V","v":["IT","nu"]}]]}]},"applied_args_map":[{"name":"triet","applied_args":[[{"t":"S","f":"V","v":["IT","l"]},{"t":"S","f":"V","v":["I","y"]},{"t":"S","f":"V","v":["IT","tmp1"]},{"t":"S","f":"V","v":["IT","nu"]}],[{"t":"S","f":"V","v":["IT","l"]},{"t":"S","f":"V","v":["I","y"]},{"t":"S","f":"V","v":["IT","r"]},{"t":"S","f":"V","v":["IT","m"]}]]},{"name":"cons","applied_args":[[{"t":"S","f":"V","v":["I","z"]},{"t":"S","f":"V","v":["IL","i'"]},{"t":"S","f":"V","v":["IL","i"]}]]}]},{"pre_flow":{"t":"A","f":"AAnd","v":[{"t":"A","f":"ASpecApply","v":["triet",[{"t":"S","f":"V","v":["IT","l"]},{"t":"S","f":"V","v":["I","y"]},{"t":"S","f":"V","v":["IT","r"]},{"t":"S","f":"V","v":["IT","m"]}]]},{"t":"A","f":"ASpecApply","v":["nil",[{"t":"S","f":"V","v":["IL","nu_nil"]}]]},{"t":"A","f":"ASpecApply","v":["equal",[{"t":"S","f":"V","v":["IL","i"]},{"t":"S","f":"V","v":["IL","nu_nil"]}]]},{"t":"A","f":"ASpecApply","v":["triet",[{"t":"S","f":"V","v":["IT","l"]},{"t":"S","f":"V","v":["I","a"]},{"t":"S","f":"V","v":["IT","r"]},{"t":"S","f":"V","v":["IT","nu"]}]]},{"t":"A","f":"ASpecApply","v":["equal",[{"t":"S","f":"V","v":["IL","nu"]},{"t":"S","f":"V","v":["IT","nu"]}]]}]},"applied_args_map":[{"name":"triet","applied_args":[[{"t":"S","f":"V","v":["IT","l"]},{"t":"S","f":"V","v":["I","a"]},{"t":"S","f":"V","v":["IT","r"]},{"t":"S","f":"V","v":["IT","nu"]}],[{"t":"S","f":"V","v":["IT","l"]},{"t":"S","f":"V","v":["I","y"]},{"t":"S","f":"V","v":["IT","r"]},{"t":"S","f":"V","v":["IT","m"]}]]},{"name":"nil","applied_args":[[{"t":"S","f":"V","v":["IL","nu_nil"]}]]}]}],"post":{"t":"A","f":"ASpecApply","v":["Ins",[{"t":"S","f":"V","v":["I","default"]},{"t":"S","f":"V","v":["IL","i"]},{"t":"S","f":"V","v":["I","a"]},{"t":"S","f":"V","v":["IT","m"]},{"t":"S","f":"V","v":["IT","nu"]}]]},"spectable":[{"name":"triet","spec":{"treetp":"spec","args":[{"t":"tpv","tp":"IT","n":"it_0"},{"t":"tpv","tp":"I","n":"i_0"},{"t":"tpv","tp":"IT","n":"it_1"},{"t":"tpv","tp":"IT","n":"it_2"}],"specbody":{"treetp":"ff","qv":[{"t":"tpv","tp":"I","n":"u_0"},{"t":"tpv","tp":"I","n":"u_1"}],"body":{"t":"E","f":"EOr","v":[{"t":"E","f":"EIte","v":[{"t":"E","f":"EAtom","v":[{"t":"S","f":"Op","v":["B","tree_member",[{"t":"S","f":"V","v":["IT","it_2"]},{"t":"S","f":"V","v":["I","u_0"]}]]}]},{"t":"E","f":"EOr","v":[{"t":"E","f":"EAtom","v":[{"t":"S","f":"Op","v":["B","==",[{"t":"S","f":"V","v":["I","u_0"]},{"t":"S","f":"V","v":["I","i_0"]}]]}]},{"t":"E","f":"EOr","v":[{"t":"E","f":"EAtom","v":[{"t":"S","f":"Op","v":["B","tree_member",[{"t":"S","f":"V","v":["IT","it_0"]},{"t":"S","f":"V","v":["I","u_0"]}]]}]},{"t":"E","f":"EAtom","v":[{"t":"S","f":"Op","v":["B","tree_member",[{"t":"S","f":"V","v":["IT","it_1"]},{"t":"S","f":"V","v":["I","u_0"]}]]}]}]}]},{"t":"E","f":"EAnd","v":[{"t":"E","f":"ENot","v":[{"t":"E","f":"EAtom","v":[{"t":"S","f":"Op","v":["B","tree_member",[{"t":"S","f":"V","v":["IT","it_0"]},{"t":"S","f":"V","v":["I","u_0"]}]]}]}]},{"t":"E","f":"EAnd","v":[{"t":"E","f":"ENot","v":[{"t":"E","f":"EAtom","v":[{"t":"S","f":"Op","v":["B","==",[{"t":"S","f":"V","v":["I","u_0"]},{"t":"S","f":"V","v":["I","i_0"]}]]}]}]},{"t":"E","f":"ENot","v":[{"t":"E","f":"EAtom","v":[{"t":"S","f":"Op","v":["B","tree_member",[{"t":"S","f":"V","v":["IT","it_1"]},{"t":"S","f":"V","v":["I","u_0"]}]]}]}]}]}]}]},{"t":"E","f":"EIte","v":[{"t":"E","f":"EAtom","v":[{"t":"S","f":"Op","v":["B","==",[{"t":"S","f":"V","v":["I","u_1"]},{"t":"S","f":"V","v":["I","u_0"]}]]}]},{"t":"E","f":"EIte","v":[{"t":"E","f":"EAtom","v":[{"t":"S","f":"Op","v":["B","tree_member",[{"t":"S","f":"V","v":["IT","it_2"]},{"t":"S","f":"V","v":["I","u_0"]}]]}]},{"t":"E","f":"EOr","v":[{"t":"E","f":"EAtom","v":[{"t":"S","f":"Op","v":["B","==",[{"t":"S","f":"V","v":["I","u_0"]},{"t":"S","f":"V","v":["I","i_0"]}]]}]},{"t":"E","f":"EOr","v":[{"t":"E","f":"EAtom","v":[{"t":"S","f":"Op","v":["B","tree_member",[{"t":"S","f":"V","v":["IT","it_0"]},{"t":"S","f":"V","v":["I","u_0"]}]]}]},{"t":"E","f":"EAtom","v":[{"t":"S","f":"Op","v":["B","tree_member",[{"t":"S","f":"V","v":["IT","it_1"]},{"t":"S","f":"V","v":["I","u_0"]}]]}]}]}]},{"t":"E","f":"EIte","v":[{"t":"E","f":"EAtom","v":[{"t":"S","f":"Op","v":["B","tree_member",[{"t":"S","f":"V","v":["IT","it_0"]},{"t":"S","f":"V","v":["I","u_0"]}]]}]},{"t":"E","f":"EIte","v":[{"t":"E","f":"EAtom","v":[{"t":"S","f":"Op","v":["B","tree_member",[{"t":"S","f":"V","v":["IT","it_1"]},{"t":"S","f":"V","v":["I","u_0"]}]]}]},{"t":"E","f":"EAnd","v":[{"t":"E","f":"EAtom","v":[{"t":"S","f":"Op","v":["B","==",[{"t":"S","f":"V","v":["I","u_0"]},{"t":"S","f":"V","v":["I","i_0"]}]]}]},{"t":"E","f":"ENot","v":[{"t":"E","f":"EAtom","v":[{"t":"S","f":"Op","v":["B","==",[{"t":"S","f":"V","v":["I","i_0"]},{"t":"S","f":"V","v":["I","i_0"]}]]}]}]}]},{"t":"E","f":"EAnd","v":[{"t":"E","f":"EAtom","v":[{"t":"S","f":"Op","v":["B","==",[{"t":"S","f":"V","v":["I","u_0"]},{"t":"S","f":"V","v":["I","i_0"]}]]}]},{"t":"E","f":"ENot","v":[{"t":"E","f":"EAtom","v":[{"t":"S","f":"Op","v":["B","==",[{"t":"S","f":"V","v":["I","i_0"]},{"t":"S","f":"V","v":["I","i_0"]}]]}]}]}]}]},{"t":"E","f":"EOr","v":[{"t":"E","f":"ENot","v":[{"t":"E","f":"EAtom","v":[{"t":"S","f":"Op","v":["B","==",[{"t":"S","f":"V","v":["I","u_0"]},{"t":"S","f":"V","v":["I","i_0"]}]]}]}]},{"t":"E","f":"EOr","v":[{"t":"E","f":"ENot","v":[{"t":"E","f":"EAtom","v":[{"t":"S","f":"Op","v":["B","==",[{"t":"S","f":"V","v":["I","i_0"]},{"t":"S","f":"V","v":["I","i_0"]}]]}]}]},{"t":"E","f":"EAtom","v":[{"t":"S","f":"Op","v":["B","tree_member",[{"t":"S","f":"V","v":["IT","it_0"]},{"t":"S","f":"V","v":["I","i_0"]}]]}]}]}]}]}]},{"t":"E","f":"EOr","v":[{"t":"E","f":"ENot","v":[{"t":"E","f":"EAtom","v":[{"t":"S","f":"Op","v":["B","==",[{"t":"S","f":"V","v":["I","u_1"]},{"t":"S","f":"V","v":["I","i_0"]}]]}]}]},{"t":"E","f":"EOr","v":[{"t":"E","f":"ENot","v":[{"t":"E","f":"EAtom","v":[{"t":"S","f":"Op","v":["B","tree_member",[{"t":"S","f":"V","v":["IT","it_1"]},{"t":"S","f":"V","v":["I","u_0"]}]]}]}]},{"t":"E","f":"EOr","v":[{"t":"E","f":"EAtom","v":[{"t":"S","f":"Op","v":["B","tree_member",[{"t":"S","f":"V","v":["IT","it_2"]},{"t":"S","f":"V","v":["I","u_0"]}]]}]},{"t":"E","f":"EOr","v":[{"t":"E","f":"ENot","v":[{"t":"E","f":"EAtom","v":[{"t":"S","f":"Op","v":["B","tree_member",[{"t":"S","f":"V","v":["IT","it_2"]},{"t":"S","f":"V","v":["I","i_0"]}]]}]}]},{"t":"E","f":"EOr","v":[{"t":"E","f":"EAtom","v":[{"t":"S","f":"Op","v":["B","tree_member",[{"t":"S","f":"V","v":["IT","it_0"]},{"t":"S","f":"V","v":["I","u_0"]}]]}]},{"t":"E","f":"EAtom","v":[{"t":"S","f":"Op","v":["B","==",[{"t":"S","f":"V","v":["I","u_0"]},{"t":"S","f":"V","v":["I","i_0"]}]]}]}]}]}]}]}]}]}]}}}},{"name":"nil","spec":{"treetp":"spec","args":[{"t":"tpv","tp":"IL","n":"il_0"}],"specbody":{"treetp":"ff","qv":[{"t":"tpv","tp":"I","n":"u_0"}],"body":{"t":"E","f":"ETrue","v":[]}}}},{"name":"lt","spec":{"treetp":"spec","args":[{"t":"tpv","tp":"I","n":"x"},{"t":"tpv","tp":"I","n":"y"},{"t":"tpv","tp":"B","n":"bool0"}],"specbody":{"treetp":"ff","qv":[],"body":{"t":"E","f":"EAtom","v":[{"t":"S","f":"Op","v":["B","==",[{"t":"S","f":"Op","v":["B","<",[{"t":"S","f":"V","v":["I","x"]},{"t":"S","f":"V","v":["I","y"]}]]},{"t":"S","f":"V","v":["B","bool0"]}]]}]}}}},{"name":"le","spec":{"treetp":"spec","args":[{"t":"tpv","tp":"I","n":"x"},{"t":"tpv","tp":"I","n":"y"},{"t":"tpv","tp":"B","n":"bool0"}],"specbody":{"treetp":"ff","qv":[],"body":{"t":"E","f":"EAtom","v":[{"t":"S","f":"Op","v":["B","==",[{"t":"S","f":"Op","v":["B","<=",[{"t":"S","f":"V","v":["I","x"]},{"t":"S","f":"V","v":["I","y"]}]]},{"t":"S","f":"V","v":["B","bool0"]}]]}]}}}},{"name":"is_true","spec":{"treetp":"spec","args":[{"t":"tpv","tp":"B","n":"x"}],"specbody":{"treetp":"ff","qv":[],"body":{"t":"E","f":"EAtom","v":[{"t":"S","f":"Op","v":["B","==",[{"t":"S","f":"V","v":["I","x"]},{"t":"S","f":"Lit","v":["B",{"t":"Lit","f":"Bool","v":true}]}]]}]}}}},{"name":"is_false","spec":{"treetp":"spec","args":[{"t":"tpv","tp":"B","n":"x"}],"specbody":{"treetp":"ff","qv":[],"body":{"t":"E","f":"EAtom","v":[{"t":"S","f":"Op","v":["B","==",[{"t":"S","f":"V","v":["I","x"]},{"t":"S","f":"Lit","v":["B",{"t":"Lit","f":"Bool","v":false}]}]]}]}}}},{"name":"inteq","spec":{"treetp":"spec","args":[{"t":"tpv","tp":"I","n":"x"},{"t":"tpv","tp":"I","n":"y"},{"t":"tpv","tp":"B","n":"bool0"}],"specbody":{"treetp":"ff","qv":[],"body":{"t":"E","f":"EAtom","v":[{"t":"S","f":"Op","v":["B","==",[{"t":"S","f":"Op","v":["B","==",[{"t":"S","f":"V","v":["I","x"]},{"t":"S","f":"V","v":["I","y"]}]]},{"t":"S","f":"V","v":["B","bool0"]}]]}]}}}},{"name":"intadd","spec":{"treetp":"spec","args":[{"t":"tpv","tp":"I","n":"x"},{"t":"tpv","tp":"I","n":"y"},{"t":"tpv","tp":"I","n":"z"}],"specbody":{"treetp":"ff","qv":[],"body":{"t":"E","f":"EAtom","v":[{"t":"S","f":"Op","v":["B","==",[{"t":"S","f":"Op","v":["B","+",[{"t":"S","f":"V","v":["I","x"]},{"t":"S","f":"V","v":["I","y"]}]]},{"t":"S","f":"V","v":["I","z"]}]]}]}}}},{"name":"gt","spec":{"treetp":"spec","args":[{"t":"tpv","tp":"I","n":"x"},{"t":"tpv","tp":"I","n":"y"},{"t":"tpv","tp":"B","n":"bool0"}],"specbody":{"treetp":"ff","qv":[],"body":{"t":"E","f":"EAtom","v":[{"t":"S","f":"Op","v":["B","==",[{"t":"S","f":"Op","v":["B",">",[{"t":"S","f":"V","v":["I","x"]},{"t":"S","f":"V","v":["I","y"]}]]},{"t":"S","f":"V","v":["B","bool0"]}]]}]}}}},{"name":"equal","spec":{"treetp":"spec","args":[{"t":"tpv","tp":"I","n":"x"},{"t":"tpv","tp":"I","n":"y"}],"specbody":{"treetp":"ff","qv":[],"body":{"t":"E","f":"EAtom","v":[{"t":"S","f":"Op","v":["B","==",[{"t":"S","f":"V","v":["I","x"]},{"t":"S","f":"V","v":["I","y"]}]]}]}}}},{"name":"e","spec":{"treetp":"spec","args":[{"t":"tpv","tp":"IT","n":"it_0"}],"specbody":{"treetp":"ff","qv":[{"t":"tpv","tp":"I","n":"u_0"},{"t":"tpv","tp":"I","n":"u_1"}],"body":{"t":"E","f":"EOr","v":[{"t":"E","f":"ENot","v":[{"t":"E","f":"EAtom","v":[{"t":"S","f":"Op","v":["B","tree_member",[{"t":"S","f":"V","v":["IT","it_0"]},{"t":"S","f":"V","v":["I","u_0"]}]]}]}]},{"t":"E","f":"ETrue","v":[]}]}}}},{"name":"cons","spec":{"treetp":"spec","args":[{"t":"tpv","tp":"I","n":"i_0"},{"t":"tpv","tp":"IL","n":"il_0"},{"t":"tpv","tp":"IL","n":"il_1"}],"specbody":{"treetp":"ff","qv":[{"t":"tpv","tp":"I","n":"u_0"},{"t":"tpv","tp":"I","n":"u_1"}],"body":{"t":"E","f":"EOr","v":[{"t":"E","f":"EOr","v":[{"t":"E","f":"EAtom","v":[{"t":"S","f":"Op","v":["B","list_member",[{"t":"S","f":"V","v":["IL","il_1"]},{"t":"S","f":"V","v":["I","u_0"]}]]}]},{"t":"E","f":"ENot","v":[{"t":"E","f":"EAtom","v":[{"t":"S","f":"Op","v":["B","==",[{"t":"S","f":"V","v":["I","u_0"]},{"t":"S","f":"V","v":["I","i_0"]}]]}]}]}]},{"t":"E","f":"ETrue","v":[]}]}}}},{"name":"Plus","spec":{"treetp":"spec","args":[{"t":"tpv","tp":"I","n":"x"},{"t":"tpv","tp":"I","n":"y"},{"t":"tpv","tp":"I","n":"z"}],"specbody":{"treetp":"ff","qv":[],"body":{"t":"E","f":"EAtom","v":[{"t":"S","f":"Op","v":["B","==",[{"t":"S","f":"Op","v":["I","+",[{"t":"S","f":"V","v":["I","x"]},{"t":"S","f":"V","v":["I","y"]}]]},{"t":"S","f":"V","v":["I","z"]}]]}]}}}},{"name":"Le","spec":{"treetp":"spec","args":[{"t":"tpv","tp":"I","n":"x"},{"t":"tpv","tp":"I","n":"y"}],"specbody":{"treetp":"ff","qv":[],"body":{"t":"E","f":"EAtom","v":[{"t":"S","f":"Op","v":["B","<=",[{"t":"S","f":"V","v":["I","x"]},{"t":"S","f":"V","v":["I","y"]}]]}]}}}},{"name":"Ins","spec":{"treetp":"spec","args":[{"t":"tpv","tp":"I","n":"default"},{"t":"tpv","tp":"IL","n":"i"},{"t":"tpv","tp":"I","n":"a"},{"t":"tpv","tp":"IT","n":"m"},{"t":"tpv","tp":"IT","n":"nu"}],"specbody":{"treetp":"ff","qv":[{"t":"tpv","tp":"I","n":"u"}],"body":{"t":"E","f":"EAnd","v":[{"t":"E","f":"EImplies","v":[{"t":"E","f":"EAtom","v":[{"t":"S","f":"Op","v":["B","tree_member",[{"t":"S","f":"V","v":["IT","nu"]},{"t":"S","f":"V","v":["I","u"]}]]}]},{"t":"E","f":"EOr","v":[{"t":"E","f":"EAtom","v":[{"t":"S","f":"Op","v":["B","tree_member",[{"t":"S","f":"V","v":["IT","m"]},{"t":"S","f":"V","v":["I","u"]}]]}]},{"t":"E","f":"EAtom","v":[{"t":"S","f":"Op","v":["B","==",[{"t":"S","f":"V","v":["I","u"]},{"t":"S","f":"V","v":["I","default"]}]]}]},{"t":"E","f":"EAtom","v":[{"t":"S","f":"Op","v":["B","==",[{"t":"S","f":"V","v":["I","u"]},{"t":"S","f":"V","v":["I","a"]}]]}]}]}]}]}}}}],"vars":[{"t":"tpv","tp":"I","n":"default"},{"t":"tpv","tp":"I","n":"a"},{"t":"tpv","tp":"I","n":"z"},{"t":"tpv","tp":"I","n":"y"}],"inputs":[{"t":"tpv","tp":"I","n":"default"},{"t":"tpv","tp":"IL","n":"i"},{"t":"tpv","tp":"I","n":"a"},{"t":"tpv","tp":"IT","n":"m"}],"outputs":[{"t":"tpv","tp":"IT","n":"nu'"}]},"envs":[{"current":{"additional_dt":false,"additional_spec":{"treetp":"spec","args":[{"t":"tpv","tp":"IL","n":"il_0"}],"specbody":{"treetp":"ff","qv":[{"t":"tpv","tp":"I","n":"u_0"}],"body":{"t":"E","f":"ENot","v":[{"t":"E","f":"ETrue","v":[]}]}}},"init_dt":true,"init_spec":{"treetp":"spec","args":[{"t":"tpv","tp":"IL","n":"il_0"}],"specbody":{"treetp":"ff","qv":[{"t":"tpv","tp":"I","n":"u_0"},{"t":"tpv","tp":"I","n":"u_1"}],"body":{"t":"E","f":"ETrue","v":[]}}}},"qv":[{"t":"tpv","tp":"I","n":"u_0"},{"t":"tpv","tp":"I","n":"u_1"}],"fset":[{"fd":"Base","pred":"==","a":"u_1","b":"u_0"},{"fd":"Pr","pred":"list_member","args":["il_0"],"args'":["u_1"]},{"fd":"Pr","pred":"list_member","args":["il_0"],"args'":["u_0"]}],"hole":{"name":"nil","args":[{"t":"tpv","tp":"IL","n":"il_0"}]},"unknown_fv":[{"t":"tpv","tp":"B","n":"_fv!0"},{"t":"tpv","tp":"B","n":"_fv!1"},{"t":"tpv","tp":"B","n":"_fv!2"}],"fvtab":[],"if_maximal":true},{"current":{"additional_dt":true,"additional_spec":{"treetp":"spec","args":[{"t":"tpv","tp":"I","n":"i_0"},{"t":"tpv","tp":"IL","n":"il_0"},{"t":"tpv","tp":"IL","n":"il_1"}],"specbody":{"treetp":"ff","qv":[{"t":"tpv","tp":"I","n":"u_0"},{"t":"tpv","tp":"I","n":"u_1"}],"body":{"t":"E","f":"ETrue","v":[]}}},"init_dt":{"fd":"Node","a":6,"l":true,"r":{"fd":"Node","a":2,"l":false,"r":true}},"init_spec":{"treetp":"spec","args":[{"t":"tpv","tp":"I","n":"i_0"},{"t":"tpv","tp":"IL","n":"il_0"},{"t":"tpv","tp":"IL","n":"il_1"}],"specbody":{"treetp":"ff","qv":[{"t":"tpv","tp":"I","n":"u_0"},{"t":"tpv","tp":"I","n":"u_1"}],"body":{"t":"E","f":"EOr","v":[{"t":"E","f":"EAtom","v":[{"t":"S","f":"Op","v":["B","list_member",[{"t":"S","f":"V","v":["IL","il_1"]},{"t":"S","f":"V","v":["I","u_0"]}]]}]},{"t":"E","f":"ENot","v":[{"t":"E","f":"EAtom","v":[{"t":"S","f":"Op","v":["B","==",[{"t":"S","f":"V","v":["I","u_0"]},{"t":"S","f":"V","v":["I","i_0"]}]]}]}]}]}}}},"qv":[{"t":"tpv","tp":"I","n":"u_0"},{"t":"tpv","tp":"I","n":"u_1"}],"fset":[{"fd":"Base","pred":"==","a":"u_1","b":"u_0"},{"fd":"Base","pred":"==","a":"u_1","b":"i_0"},{"fd":"Base","pred":"==","a":"u_0","b":"i_0"},{"fd":"Pr","pred":"list_member","args":["il_0"],"args'":["u_1"]},{"fd":"Pr","pred":"list_member","args":["il_0"],"args'":["u_0"]},{"fd":"Pr","pred":"list_member","args":["il_1"],"args'":["u_1"]},{"fd":"Pr","pred":"list_member","args":["il_1"],"args'":["u_0"]}],"hole":{"name":"cons","args":[{"t":"tpv","tp":"I","n":"i_0"},{"t":"tpv","tp":"IL","n":"il_0"},{"t":"tpv","tp":"IL","n":"il_1"}]},"unknown_fv":[{"t":"tpv","tp":"B","n":"_fv!0"},{"t":"tpv","tp":"B","n":"_fv!1"},{"t":"tpv","tp":"B","n":"_fv!2"},{"t":"tpv","tp":"B","n":"_fv!3"},{"t":"tpv","tp":"B","n":"_fv!4"},{"t":"tpv","tp":"B","n":"_fv!5"},{"t":"tpv","tp":"B","n":"_fv!6"}],"fvtab":[{"v":"fftffff","l":0}],"if_maximal":true},{"current":{"additional_dt":true,"additional_spec":{"treetp":"spec","args":[{"t":"tpv","tp":"IT","n":"it_0"}],"specbody":{"treetp":"ff","qv":[{"t":"tpv","tp":"I","n":"u_0"},{"t":"tpv","tp":"I","n":"u_1"}],"body":{"t":"E","f":"ETrue","v":[]}}},"init_dt":{"fd":"Node","a":2,"l":false,"r":true},"init_spec":{"treetp":"spec","args":[{"t":"tpv","tp":"IT","n":"it_0"}],"specbody":{"treetp":"ff","qv":[{"t":"tpv","tp":"I","n":"u_0"},{"t":"tpv","tp":"I","n":"u_1"}],"body":{"t":"E","f":"ENot","v":[{"t":"E","f":"EAtom","v":[{"t":"S","f":"Op","v":["B","tree_member",[{"t":"S","f":"V","v":["IT","it_0"]},{"t":"S","f":"V","v":["I","u_0"]}]]}]}]}}}},"qv":[{"t":"tpv","tp":"I","n":"u_0"},{"t":"tpv","tp":"I","n":"u_1"}],"fset":[{"fd":"Base","pred":"==","a":"u_1","b":"u_0"},{"fd":"Pr","pred":"tree_member","args":["it_0"],"args'":["u_1"]},{"fd":"Pr","pred":"tree_member","args":["it_0"],"args'":["u_0"]}],"hole":{"name":"e","args":[{"t":"tpv","tp":"IT","n":"it_0"}]},"unknown_fv":[{"t":"tpv","tp":"B","n":"_fv!0"},{"t":"tpv","tp":"B","n":"_fv!1"},{"t":"tpv","tp":"B","n":"_fv!2"}],"fvtab":[{"v":"fft","l":0}],"if_maximal":true},{"current":{"additional_dt":{"fd":"Node","a":0,"l":{"fd":"Node","a":7,"l":{"fd":"Node","a":1,"l":true,"r":{"fd":"Node","a":3,"l":true,"r":{"fd":"Node","a":5,"l":true,"r":{"fd":"Node","a":8,"l":false,"r":true}}}},"r":{"fd":"Node","a":3,"l":{"fd":"Node","a":4,"l":{"fd":"Node","a":5,"l":{"fd":"Node","a":6,"l":{"fd":"Node","a":1,"l":{"fd":"Node","a":2,"l":false,"r":true},"r":{"fd":"Node","a":2,"l":true,"r":false}},"r":true},"r":{"fd":"Node","a":6,"l":true,"r":{"fd":"Node","a":1,"l":{"fd":"Node","a":2,"l":false,"r":true},"r":{"fd":"Node","a":2,"l":true,"r":false}}}},"r":true},"r":{"fd":"Node","a":1,"l":{"fd":"Node","a":2,"l":{"fd":"Node","a":4,"l":true,"r":{"fd":"Node","a":5,"l":{"fd":"Node","a":6,"l":false,"r":true},"r":{"fd":"Node","a":6,"l":true,"r":false}}},"r":true},"r":true}}},"r":{"fd":"Node","a":1,"l":{"fd":"Node","a":6,"l":{"fd":"Node","a":8,"l":true,"r":{"fd":"Node","a":7,"l":{"fd":"Node","a":4,"l":true,"r":{"fd":"Node","a":2,"l":true,"r":false}},"r":true}},"r":true},"r":true}},"additional_spec":{"treetp":"spec","args":[{"t":"tpv","tp":"IT","n":"it_0"},{"t":"tpv","tp":"I","n":"i_0"},{"t":"tpv","tp":"IT","n":"it_1"},{"t":"tpv","tp":"IT","n":"it_2"}],"specbody":{"treetp":"ff","qv":[{"t":"tpv","tp":"I","n":"u_0"},{"t":"tpv","tp":"I","n":"u_1"}],"body":{"t":"E","f":"EIte","v":[{"t":"E","f":"EAtom","v":[{"t":"S","f":"Op","v":["B","==",[{"t":"S","f":"V","v":["I","u_1"]},{"t":"S","f":"V","v":["I","u_0"]}]]}]},{"t":"E","f":"EIte","v":[{"t":"E","f":"EAtom","v":[{"t":"S","f":"Op","v":["B","tree_member",[{"t":"S","f":"V","v":["IT","it_2"]},{"t":"S","f":"V","v":["I","u_0"]}]]}]},{"t":"E","f":"EOr","v":[{"t":"E","f":"EAtom","v":[{"t":"S","f":"Op","v":["B","==",[{"t":"S","f":"V","v":["I","u_0"]},{"t":"S","f":"V","v":["I","i_0"]}]]}]},{"t":"E","f":"EOr","v":[{"t":"E","f":"EAtom","v":[{"t":"S","f":"Op","v":["B","tree_member",[{"t":"S","f":"V","v":["IT","it_0"]},{"t":"S","f":"V","v":["I","u_0"]}]]}]},{"t":"E","f":"EAtom","v":[{"t":"S","f":"Op","v":["B","tree_member",[{"t":"S","f":"V","v":["IT","it_1"]},{"t":"S","f":"V","v":["I","u_0"]}]]}]}]}]},{"t":"E","f":"EIte","v":[{"t":"E","f":"EAtom","v":[{"t":"S","f":"Op","v":["B","tree_member",[{"t":"S","f":"V","v":["IT","it_0"]},{"t":"S","f":"V","v":["I","u_0"]}]]}]},{"t":"E","f":"EIte","v":[{"t":"E","f":"EAtom","v":[{"t":"S","f":"Op","v":["B","tree_member",[{"t":"S","f":"V","v":["IT","it_1"]},{"t":"S","f":"V","v":["I","u_0"]}]]}]},{"t":"E","f":"EAnd","v":[{"t":"E","f":"EAtom","v":[{"t":"S","f":"Op","v":["B","==",[{"t":"S","f":"V","v":["I","u_0"]},{"t":"S","f":"V","v":["I","i_0"]}]]}]},{"t":"E","f":"ENot","v":[{"t":"E","f":"EAtom","v":[{"t":"S","f":"Op","v":["B","==",[{"t":"S","f":"V","v":["I","i_0"]},{"t":"S","f":"V","v":["I","i_0"]}]]}]}]}]},{"t":"E","f":"EAnd","v":[{"t":"E","f":"EAtom","v":[{"t":"S","f":"Op","v":["B","==",[{"t":"S","f":"V","v":["I","u_0"]},{"t":"S","f":"V","v":["I","i_0"]}]]}]},{"t":"E","f":"ENot","v":[{"t":"E","f":"EAtom","v":[{"t":"S","f":"Op","v":["B","==",[{"t":"S","f":"V","v":["I","i_0"]},{"t":"S","f":"V","v":["I","i_0"]}]]}]}]}]}]},{"t":"E","f":"EOr","v":[{"t":"E","f":"ENot","v":[{"t":"E","f":"EAtom","v":[{"t":"S","f":"Op","v":["B","==",[{"t":"S","f":"V","v":["I","u_0"]},{"t":"S","f":"V","v":["I","i_0"]}]]}]}]},{"t":"E","f":"EOr","v":[{"t":"E","f":"ENot","v":[{"t":"E","f":"EAtom","v":[{"t":"S","f":"Op","v":["B","==",[{"t":"S","f":"V","v":["I","i_0"]},{"t":"S","f":"V","v":["I","i_0"]}]]}]}]},{"t":"E","f":"EAtom","v":[{"t":"S","f":"Op","v":["B","tree_member",[{"t":"S","f":"V","v":["IT","it_0"]},{"t":"S","f":"V","v":["I","i_0"]}]]}]}]}]}]}]},{"t":"E","f":"EOr","v":[{"t":"E","f":"ENot","v":[{"t":"E","f":"EAtom","v":[{"t":"S","f":"Op","v":["B","==",[{"t":"S","f":"V","v":["I","u_1"]},{"t":"S","f":"V","v":["I","i_0"]}]]}]}]},{"t":"E","f":"EOr","v":[{"t":"E","f":"ENot","v":[{"t":"E","f":"EAtom","v":[{"t":"S","f":"Op","v":["B","tree_member",[{"t":"S","f":"V","v":["IT","it_1"]},{"t":"S","f":"V","v":["I","u_0"]}]]}]}]},{"t":"E","f":"EOr","v":[{"t":"E","f":"EAtom","v":[{"t":"S","f":"Op","v":["B","tree_member",[{"t":"S","f":"V","v":["IT","it_2"]},{"t":"S","f":"V","v":["I","u_0"]}]]}]},{"t":"E","f":"EOr","v":[{"t":"E","f":"ENot","v":[{"t":"E","f":"EAtom","v":[{"t":"S","f":"Op","v":["B","tree_member",[{"t":"S","f":"V","v":["IT","it_2"]},{"t":"S","f":"V","v":["I","i_0"]}]]}]}]},{"t":"E","f":"EOr","v":[{"t":"E","f":"EAtom","v":[{"t":"S","f":"Op","v":["B","tree_member",[{"t":"S","f":"V","v":["IT","it_0"]},{"t":"S","f":"V","v":["I","u_0"]}]]}]},{"t":"E","f":"EAtom","v":[{"t":"S","f":"Op","v":["B","==",[{"t":"S","f":"V","v":["I","u_0"]},{"t":"S","f":"V","v":["I","i_0"]}]]}]}]}]}]}]}]}]}}},"init_dt":{"fd":"Node","a":8,"l":{"fd":"Node","a":2,"l":true,"r":{"fd":"Node","a":4,"l":true,"r":{"fd":"Node","a":6,"l":true,"r":false}}},"r":{"fd":"Node","a":4,"l":false,"r":{"fd":"Node","a":2,"l":false,"r":{"fd":"Node","a":6,"l":false,"r":true}}}},"init_spec":{"treetp":"spec","args":[{"t":"tpv","tp":"IT","n":"it_0"},{"t":"tpv","tp":"I","n":"i_0"},{"t":"tpv","tp":"IT","n":"it_1"},{"t":"tpv","tp":"IT","n":"it_2"}],"specbody":{"treetp":"ff","qv":[{"t":"tpv","tp":"I","n":"u_0"},{"t":"tpv","tp":"I","n":"u_1"}],"body":{"t":"E","f":"EIte","v":[{"t":"E","f":"EAtom","v":[{"t":"S","f":"Op","v":["B","tree_member",[{"t":"S","f":"V","v":["IT","it_2"]},{"t":"S","f":"V","v":["I","u_0"]}]]}]},{"t":"E","f":"EOr","v":[{"t":"E","f":"EAtom","v":[{"t":"S","f":"Op","v":["B","==",[{"t":"S","f":"V","v":["I","u_0"]},{"t":"S","f":"V","v":["I","i_0"]}]]}]},{"t":"E","f":"EOr","v":[{"t":"E","f":"EAtom","v":[{"t":"S","f":"Op","v":["B","tree_member",[{"t":"S","f":"V","v":["IT","it_0"]},{"t":"S","f":"V","v":["I","u_0"]}]]}]},{"t":"E","f":"EAtom","v":[{"t":"S","f":"Op","v":["B","tree_member",[{"t":"S","f":"V","v":["IT","it_1"]},{"t":"S","f":"V","v":["I","u_0"]}]]}]}]}]},{"t":"E","f":"EAnd","v":[{"t":"E","f":"ENot","v":[{"t":"E","f":"EAtom","v":[{"t":"S","f":"Op","v":["B","tree_member",[{"t":"S","f":"V","v":["IT","it_0"]},{"t":"S","f":"V","v":["I","u_0"]}]]}]}]},{"t":"E","f":"EAnd","v":[{"t":"E","f":"ENot","v":[{"t":"E","f":"EAtom","v":[{"t":"S","f":"Op","v":["B","==",[{"t":"S","f":"V","v":["I","u_0"]},{"t":"S","f":"V","v":["I","i_0"]}]]}]}]},{"t":"E","f":"ENot","v":[{"t":"E","f":"EAtom","v":[{"t":"S","f":"Op","v":["B","tree_member",[{"t":"S","f":"V","v":["IT","it_1"]},{"t":"S","f":"V","v":["I","u_0"]}]]}]}]}]}]}]}}}},"qv":[{"t":"tpv","tp":"I","n":"u_0"},{"t":"tpv","tp":"I","n":"u_1"}],"fset":[{"fd":"Base","pred":"==","a":"u_1","b":"u_0"},{"fd":"Base","pred":"==","a":"u_1","b":"i_0"},{"fd":"Base","pred":"==","a":"u_0","b":"i_0"},{"fd":"Pr","pred":"tree_member","args":["it_0"],"args'":["u_1"]},{"fd":"Pr","pred":"tree_member","args":["it_0"],"args'":["u_0"]},{"fd":"Pr","pred":"tree_member","args":["it_1"],"args'":["u_1"]},{"fd":"Pr","pred":"tree_member","args":["it_1"],"args'":["u_0"]},{"fd":"Pr","pred":"tree_member","args":["it_2"],"args'":["u_1"]},{"fd":"Pr","pred":"tree_member","args":["it_2"],"args'":["u_0"]}],"hole":{"name":"triet","args":[{"t":"tpv","tp":"IT","n":"it_0"},{"t":"tpv","tp":"I","n":"i_0"},{"t":"tpv","tp":"IT","n":"it_1"},{"t":"tpv","tp":"IT","n":"it_2"}]},"unknown_fv":[{"t":"tpv","tp":"B","n":"_fv!0"},{"t":"tpv","tp":"B","n":"_fv!1"},{"t":"tpv","tp":"B","n":"_fv!2"},{"t":"tpv","tp":"B","n":"_fv!3"},{"t":"tpv","tp":"B","n":"_fv!4"},{"t":"tpv","tp":"B","n":"_fv!5"},{"t":"tpv","tp":"B","n":"_fv!6"},{"t":"tpv","tp":"B","n":"_fv!7"},{"t":"tpv","tp":"B","n":"_fv!8"}],"fvtab":[{"v":"tttffftff","l":0},{"v":"ftfffttft","l":0},{"v":"ftftftftt","l":0},{"v":"tttftffff","l":0},{"v":"ftfttfftf","l":0},{"v":"fffttftft","l":0},{"v":"ttfftffff","l":0},{"v":"fftfffftf","l":0},{"v":"ftfffttff","l":0},{"v":"ftftfffff","l":0},{"v":"fffftffff","l":0},{"v":"fftttfttt","l":0},{"v":"ttffffftt","l":0},{"v":"tffffffft","l":0},{"v":"tffftffff","l":0},{"v":"fftffffff","l":0},{"v":"tftfffftf","l":0},{"v":"ftffttttt","l":0},{"v":"ttftffttf","l":0},{"v":"fftftftft","l":0},{"v":"tfffttfff","l":0},{"v":"ttfttttff","l":0},{"v":"fffttfftf","l":0},{"v":"ftftffttf","l":2},{"v":"tttttffff","l":2},{"v":"tfffffttf","l":0},{"v":"ffttffttf","l":0},{"v":"ffftttfff","l":0},{"v":"ftftfftff","l":0},{"v":"fffffttft","l":0},{"v":"ftffttftf","l":0},{"v":"fffffffff","l":0},{"v":"tttttftff","l":0},{"v":"ftftffftf","l":0},{"v":"ttfttftff","l":0},{"v":"ffffttttt","l":0},{"v":"ftttffftf","l":0},{"v":"fftfftftt","l":0},{"v":"ffftttftf","l":0},{"v":"fttfftftf","l":0},{"v":"fftttfftf","l":0},{"v":"ffttftttt","l":0},{"v":"ffttftftt","l":0},{"v":"ftfffffff","l":0},{"v":"ffffftftf","l":0},{"v":"tttttfftt","l":0},{"v":"ffftttftt","l":0},{"v":"fffttttff","l":0},{"v":"tttfffftf","l":0},{"v":"ttfttffff","l":0},{"v":"ffttttttf","l":0},{"v":"fftfttftt","l":0},{"v":"ftftffttt","l":0},{"v":"fttfftttf","l":0},{"v":"tfftttfff","l":0},{"v":"ftftffftt","l":0},{"v":"ftftfffft","l":0},{"v":"fftfftttf","l":0},{"v":"fftffffft","l":0},{"v":"tffffffff","l":0},{"v":"tfffftftt","l":0},{"v":"tffttfftt","l":0},{"v":"ffftttttf","l":0},{"v":"ffttftttf","l":0},{"v":"ftfttttft","l":0},{"v":"fftffftff","l":0},{"v":"tffttffff","l":2},{"v":"fftttffff","l":0},{"v":"ttfffftff","l":0},{"v":"tttffttff","l":2},{"v":"tfftfttff","l":0},{"v":"ffftftftf","l":0},{"v":"ttttfffff","l":0},{"v":"ftffffttt","l":0},{"v":"fftfttfft","l":0},{"v":"tffttftff","l":0},{"v":"fftfttttt","l":0},{"v":"fffttffff","l":0},{"v":"tftttftff","l":0},{"v":"fffffffft","l":0},{"v":"tfffttftf","l":0},{"v":"ftftttttf","l":0},{"v":"fftftffff","l":0},{"v":"ftftftttt","l":0},{"v":"tttttfftf","l":0},{"v":"ftfttftft","l":0},{"v":"ftffffftf","l":0},{"v":"fffttfttt","l":0},{"v":"tffffttff","l":0},{"v":"ffffttfff","l":0},{"v":"ffffftttt","l":0},{"v":"ffftftftt","l":0},{"v":"ftftttttt","l":0},{"v":"fftftfttt","l":0},{"v":"ftffftttf","l":2},{"v":"ftffftftt","l":0},{"v":"fttttffff","l":0},{"v":"ftftfftft","l":0},{"v":"ftffffttf","l":2},{"v":"ftftttftt","l":0},{"v":"tffftttff","l":0},{"v":"ftffftfft","l":0},{"v":"tfffffftt","l":2},{"v":"fftfftfft","l":0},{"v":"tttftfftf","l":0},{"v":"tttttttff","l":2},{"v":"fffffftff","l":0},{"v":"ffftftttt","l":0},{"v":"fftttftft","l":0},{"v":"fftttttft","l":0},{"v":"ftfftfftf","l":0},{"v":"ffftttttt","l":0},{"v":"ftftftttf","l":2},{"v":"ftffttttf","l":0},{"v":"ffttffftf","l":0},{"v":"fffffftft","l":0},{"v":"tttfffftt","l":0},{"v":"ftttfttff","l":0},{"v":"fftftttft","l":0},{"v":"ftftftfft","l":0},{"v":"tttfftfff","l":0},{"v":"tfftttttt","l":0},{"v":"tfffftttt","l":0},{"v":"ftftttfff","l":0},{"v":"tttfftttt","l":0},{"v":"fffttttft","l":0},{"v":"ffffftttf","l":0},{"v":"ttttttttt","l":0},{"v":"fftfttfff","l":0},{"v":"tttffffff","l":2},{"v":"fffftftft","l":0},{"v":"ffffftfff","l":0},{"v":"tfftfftff","l":0},{"v":"tffttttff","l":2},{"v":"fffffttff","l":0},{"v":"tffffftff","l":0},{"v":"tfftffftt","l":0},{"v":"tftttffff","l":0},{"v":"fttfffftf","l":0},{"v":"tftffffff","l":0},{"v":"fffttfttf","l":0},{"v":"tffttfftf","l":0},{"v":"ftftfttff","l":0},{"v":"fftfttftf","l":0},{"v":"ffttttfff","l":0},{"v":"ftftftftf","l":0},{"v":"tftftffff","l":0},{"v":"tfftfffft","l":0},{"v":"ftfftttft","l":0},{"v":"ftftttftf","l":0},{"v":"fftffttff","l":0},{"v":"ftfffftff","l":0},{"v":"ftffftfff","l":0},{"v":"fffftfttt","l":0},{"v":"ffftftttf","l":0},{"v":"ffffffftf","l":0},{"v":"fftftffft","l":0},{"v":"ftfftfttt","l":0},{"v":"ttttttfff","l":0},{"v":"ffttttttt","l":0},{"v":"ftfffffft","l":0},{"v":"fffftttft","l":0},{"v":"tftttttff","l":0},{"v":"fftttfttf","l":0},{"v":"ftfttffff","l":0},{"v":"fftftfftf","l":0},{"v":"ffttttftf","l":0}],"if_maximal":true}]}