{"vc":{"preds":["list_member","list_head"],"multi_pre":[{"pre_flow":{"t":"A","f":"AAnd","v":[{"t":"A","f":"ASpecApply","v":["ListCons",[{"t":"S","f":"V","v":["I","x"]},{"t":"S","f":"V","v":["IL","f1"]},{"t":"S","f":"V","v":["IL","f"]}]]},{"t":"A","f":"ASpecApply","v":["ListIsEmpty",[{"t":"S","f":"V","v":["IL","f1"]},{"t":"S","f":"Lit","v":["B",{"t":"Lit","f":"Bool","v":false}]}]]},{"t":"A","f":"ASpecApply","v":["equal",[{"t":"S","f":"V","v":["IL","f1"]},{"t":"S","f":"V","v":["IL","f'"]}]]},{"t":"A","f":"ASpecApply","v":["equal",[{"t":"S","f":"V","v":["IL","r"]},{"t":"S","f":"V","v":["IL","r'"]}]]}]},"applied_args_map":[{"name":"ListIsEmpty","applied_args":[[{"t":"S","f":"V","v":["IL","f1"]},{"t":"S","f":"Lit","v":["B",{"t":"Lit","f":"Bool","v":false}]}]]},{"name":"ListCons","applied_args":[[{"t":"S","f":"V","v":["I","x"]},{"t":"S","f":"V","v":["IL","f1"]},{"t":"S","f":"V","v":["IL","f"]}]]}]},{"pre_flow":{"t":"A","f":"AAnd","v":[{"t":"A","f":"ASpecApply","v":["ListCons",[{"t":"S","f":"V","v":["I","x"]},{"t":"S","f":"V","v":["IL","f1"]},{"t":"S","f":"V","v":["IL","f"]}]]},{"t":"A","f":"ASpecApply","v":["ListIsEmpty",[{"t":"S","f":"V","v":["IL","f1"]},{"t":"S","f":"Lit","v":["B",{"t":"Lit","f":"Bool","v":true}]}]]},{"t":"A","f":"ASpecApply","v":["ListRev",[{"t":"S","f":"V","v":["IL","r"]},{"t":"S","f":"V","v":["IL","f'"]}]]},{"t":"A","f":"ASpecApply","v":["equal",[{"t":"S","f":"V","v":["IL","f1"]},{"t":"S","f":"V","v":["IL","r'"]}]]}]},"applied_args_map":[{"name":"ListRev","applied_args":[[{"t":"S","f":"V","v":["IL","r"]},{"t":"S","f":"V","v":["IL","f'"]}]]},{"name":"ListIsEmpty","applied_args":[[{"t":"S","f":"V","v":["IL","f1"]},{"t":"S","f":"Lit","v":["B",{"t":"Lit","f":"Bool","v":true}]}]]},{"name":"ListCons","applied_args":[[{"t":"S","f":"V","v":["I","x"]},{"t":"S","f":"V","v":["IL","f1"]},{"t":"S","f":"V","v":["IL","f"]}]]}]}],"post":{"t":"A","f":"ASpecApply","v":["Tail",[{"t":"S","f":"V","v":["IL","f"]},{"t":"S","f":"V","v":["IL","r"]},{"t":"S","f":"V","v":["IL","f'"]},{"t":"S","f":"V","v":["IL","r'"]}]]},"spectable":[{"name":"lt","spec":{"treetp":"spec","args":[{"t":"tpv","tp":"I","n":"x"},{"t":"tpv","tp":"I","n":"y"},{"t":"tpv","tp":"B","n":"bool0"}],"specbody":{"treetp":"ff","qv":[],"body":{"t":"E","f":"EAtom","v":[{"t":"S","f":"Op","v":["B","==",[{"t":"S","f":"Op","v":["B","<",[{"t":"S","f":"V","v":["I","x"]},{"t":"S","f":"V","v":["I","y"]}]]},{"t":"S","f":"V","v":["B","bool0"]}]]}]}}}},{"name":"le","spec":{"treetp":"spec","args":[{"t":"tpv","tp":"I","n":"x"},{"t":"tpv","tp":"I","n":"y"},{"t":"tpv","tp":"B","n":"bool0"}],"specbody":{"treetp":"ff","qv":[],"body":{"t":"E","f":"EAtom","v":[{"t":"S","f":"Op","v":["B","==",[{"t":"S","f":"Op","v":["B","<=",[{"t":"S","f":"V","v":["I","x"]},{"t":"S","f":"V","v":["I","y"]}]]},{"t":"S","f":"V","v":["B","bool0"]}]]}]}}}},{"name":"is_true","spec":{"treetp":"spec","args":[{"t":"tpv","tp":"B","n":"x"}],"specbody":{"treetp":"ff","qv":[],"body":{"t":"E","f":"EAtom","v":[{"t":"S","f":"Op","v":["B","==",[{"t":"S","f":"V","v":["I","x"]},{"t":"S","f":"Lit","v":["B",{"t":"Lit","f":"Bool","v":true}]}]]}]}}}},{"name":"is_false","spec":{"treetp":"spec","args":[{"t":"tpv","tp":"B","n":"x"}],"specbody":{"treetp":"ff","qv":[],"body":{"t":"E","f":"EAtom","v":[{"t":"S","f":"Op","v":["B","==",[{"t":"S","f":"V","v":["I","x"]},{"t":"S","f":"Lit","v":["B",{"t":"Lit","f":"Bool","v":false}]}]]}]}}}},{"name":"inteq","spec":{"treetp":"spec","args":[{"t":"tpv","tp":"I","n":"x"},{"t":"tpv","tp":"I","n":"y"},{"t":"tpv","tp":"B","n":"bool0"}],"specbody":{"treetp":"ff","qv":[],"body":{"t":"E","f":"EAtom","v":[{"t":"S","f":"Op","v":["B","==",[{"t":"S","f":"Op","v":["B","==",[{"t":"S","f":"V","v":["I","x"]},{"t":"S","f":"V","v":["I","y"]}]]},{"t":"S","f":"V","v":["B","bool0"]}]]}]}}}},{"name":"intadd","spec":{"treetp":"spec","args":[{"t":"tpv","tp":"I","n":"x"},{"t":"tpv","tp":"I","n":"y"},{"t":"tpv","tp":"I","n":"z"}],"specbody":{"treetp":"ff","qv":[],"body":{"t":"E","f":"EAtom","v":[{"t":"S","f":"Op","v":["B","==",[{"t":"S","f":"Op","v":["B","+",[{"t":"S","f":"V","v":["I","x"]},{"t":"S","f":"V","v":["I","y"]}]]},{"t":"S","f":"V","v":["I","z"]}]]}]}}}},{"name":"gt","spec":{"treetp":"spec","args":[{"t":"tpv","tp":"I","n":"x"},{"t":"tpv","tp":"I","n":"y"},{"t":"tpv","tp":"B","n":"bool0"}],"specbody":{"treetp":"ff","qv":[],"body":{"t":"E","f":"EAtom","v":[{"t":"S","f":"Op","v":["B","==",[{"t":"S","f":"Op","v":["B",">",[{"t":"S","f":"V","v":["I","x"]},{"t":"S","f":"V","v":["I","y"]}]]},{"t":"S","f":"V","v":["B","bool0"]}]]}]}}}},{"name":"equal","spec":{"treetp":"spec","args":[{"t":"tpv","tp":"I","n":"x"},{"t":"tpv","tp":"I","n":"y"}],"specbody":{"treetp":"ff","qv":[],"body":{"t":"E","f":"EAtom","v":[{"t":"S","f":"Op","v":["B","==",[{"t":"S","f":"V","v":["I","x"]},{"t":"S","f":"V","v":["I","y"]}]]}]}}}},{"name":"Tail","spec":{"treetp":"spec","args":[{"t":"tpv","tp":"IL","n":"l1"},{"t":"tpv","tp":"IL","n":"l2"},{"t":"tpv","tp":"IL","n":"l3"},{"t":"tpv","tp":"IL","n":"l4"}],"specbody":{"treetp":"ff","qv":[{"t":"tpv","tp":"I","n":"u"}],"body":{"t":"E","f":"EAnd","v":[{"t":"E","f":"EIff","v":[{"t":"E","f":"EOr","v":[{"t":"E","f":"EAtom","v":[{"t":"S","f":"Op","v":["B","list_member",[{"t":"S","f":"V","v":["IL","l3"]},{"t":"S","f":"V","v":["I","u"]}]]}]},{"t":"E","f":"EAtom","v":[{"t":"S","f":"Op","v":["B","list_head",[{"t":"S","f":"V","v":["IL","l1"]},{"t":"S","f":"V","v":["I","u"]}]]}]},{"t":"E","f":"EAtom","v":[{"t":"S","f":"Op","v":["B","list_member",[{"t":"S","f":"V","v":["IL","l4"]},{"t":"S","f":"V","v":["I","u"]}]]}]}]},{"t":"E","f":"EOr","v":[{"t":"E","f":"EAtom","v":[{"t":"S","f":"Op","v":["B","list_member",[{"t":"S","f":"V","v":["IL","l1"]},{"t":"S","f":"V","v":["I","u"]}]]}]},{"t":"E","f":"EAtom","v":[{"t":"S","f":"Op","v":["B","list_member",[{"t":"S","f":"V","v":["IL","l2"]},{"t":"S","f":"V","v":["I","u"]}]]}]}]}]}]}}}},{"name":"Plus","spec":{"treetp":"spec","args":[{"t":"tpv","tp":"I","n":"x"},{"t":"tpv","tp":"I","n":"y"},{"t":"tpv","tp":"I","n":"z"}],"specbody":{"treetp":"ff","qv":[],"body":{"t":"E","f":"EAtom","v":[{"t":"S","f":"Op","v":["B","==",[{"t":"S","f":"Op","v":["I","+",[{"t":"S","f":"V","v":["I","x"]},{"t":"S","f":"V","v":["I","y"]}]]},{"t":"S","f":"V","v":["I","z"]}]]}]}}}},{"name":"ListRev","spec":{"treetp":"spec","args":[{"t":"tpv","tp":"IL","n":"il_0"},{"t":"tpv","tp":"IL","n":"il_1"}],"specbody":{"treetp":"ff","qv":[{"t":"tpv","tp":"I","n":"u_0"},{"t":"tpv","tp":"I","n":"u_1"}],"body":{"t":"E","f":"EOr","v":[{"t":"E","f":"EIte","v":[{"t":"E","f":"EAtom","v":[{"t":"S","f":"Op","v":["B","list_member",[{"t":"S","f":"V","v":["IL","il_0"]},{"t":"S","f":"V","v":["I","u_0"]}]]}]},{"t":"E","f":"EAtom","v":[{"t":"S","f":"Op","v":["B","list_member",[{"t":"S","f":"V","v":["IL","il_1"]},{"t":"S","f":"V","v":["I","u_0"]}]]}]},{"t":"E","f":"EAnd","v":[{"t":"E","f":"ENot","v":[{"t":"E","f":"EAtom","v":[{"t":"S","f":"Op","v":["B","list_member",[{"t":"S","f":"V","v":["IL","il_1"]},{"t":"S","f":"V","v":["I","u_0"]}]]}]}]},{"t":"E","f":"ENot","v":[{"t":"E","f":"EAtom","v":[{"t":"S","f":"Op","v":["B","list_head",[{"t":"S","f":"V","v":["IL","il_0"]},{"t":"S","f":"V","v":["I","u_0"]}]]}]}]}]}]},{"t":"E","f":"EOr","v":[{"t":"E","f":"ENot","v":[{"t":"E","f":"EAtom","v":[{"t":"S","f":"Op","v":["B","==",[{"t":"S","f":"V","v":["I","u_1"]},{"t":"S","f":"V","v":["I","u_0"]}]]}]}]},{"t":"E","f":"EIte","v":[{"t":"E","f":"EAtom","v":[{"t":"S","f":"Op","v":["B","list_head",[{"t":"S","f":"V","v":["IL","il_0"]},{"t":"S","f":"V","v":["I","u_0"]}]]}]},{"t":"E","f":"EIte","v":[{"t":"E","f":"EAtom","v":[{"t":"S","f":"Op","v":["B","list_member",[{"t":"S","f":"V","v":["IL","il_1"]},{"t":"S","f":"V","v":["I","u_0"]}]]}]},{"t":"E","f":"EAtom","v":[{"t":"S","f":"Op","v":["B","list_member",[{"t":"S","f":"V","v":["IL","il_0"]},{"t":"S","f":"V","v":["I","u_0"]}]]}]},{"t":"E","f":"ENot","v":[{"t":"E","f":"EAtom","v":[{"t":"S","f":"Op","v":["B","list_member",[{"t":"S","f":"V","v":["IL","il_0"]},{"t":"S","f":"V","v":["I","u_0"]}]]}]}]}]},{"t":"E","f":"EIte","v":[{"t":"E","f":"EAtom","v":[{"t":"S","f":"Op","v":["B","list_member",[{"t":"S","f":"V","v":["IL","il_0"]},{"t":"S","f":"V","v":["I","u_0"]}]]}]},{"t":"E","f":"EAtom","v":[{"t":"S","f":"Op","v":["B","list_member",[{"t":"S","f":"V","v":["IL","il_1"]},{"t":"S","f":"V","v":["I","u_0"]}]]}]},{"t":"E","f":"ENot","v":[{"t":"E","f":"EAtom","v":[{"t":"S","f":"Op","v":["B","list_member",[{"t":"S","f":"V","v":["IL","il_1"]},{"t":"S","f":"V","v":["I","u_0"]}]]}]}]}]}]}]}]}}}},{"name":"ListNil","spec":{"treetp":"spec","args":[{"t":"tpv","tp":"IL","n":"il_0"}],"specbody":{"treetp":"ff","qv":[{"t":"tpv","tp":"I","n":"u_0"}],"body":{"t":"E","f":"ETrue","v":[]}}}},{"name":"ListIsEmpty","spec":{"treetp":"spec","args":[{"t":"tpv","tp":"IL","n":"il_0"},{"t":"tpv","tp":"B","n":"b_0"}],"specbody":{"treetp":"ff","qv":[{"t":"tpv","tp":"I","n":"u_0"},{"t":"tpv","tp":"I","n":"u_1"}],"body":{"t":"E","f":"EOr","v":[{"t":"E","f":"EIte","v":[{"t":"E","f":"EAtom","v":[{"t":"S","f":"V","v":["B","b_0"]}]},{"t":"E","f":"EAnd","v":[{"t":"E","f":"ENot","v":[{"t":"E","f":"EAtom","v":[{"t":"S","f":"Op","v":["B","list_member",[{"t":"S","f":"V","v":["IL","il_0"]},{"t":"S","f":"V","v":["I","u_0"]}]]}]}]},{"t":"E","f":"ENot","v":[{"t":"E","f":"EAtom","v":[{"t":"S","f":"Op","v":["B","list_head",[{"t":"S","f":"V","v":["IL","il_0"]},{"t":"S","f":"V","v":["I","u_0"]}]]}]}]}]},{"t":"E","f":"EOr","v":[{"t":"E","f":"EAtom","v":[{"t":"S","f":"Op","v":["B","list_member",[{"t":"S","f":"V","v":["IL","il_0"]},{"t":"S","f":"V","v":["I","u_0"]}]]}]},{"t":"E","f":"ENot","v":[{"t":"E","f":"EAtom","v":[{"t":"S","f":"Op","v":["B","list_head",[{"t":"S","f":"V","v":["IL","il_0"]},{"t":"S","f":"V","v":["I","u_0"]}]]}]}]}]}]},{"t":"E","f":"ETrue","v":[]}]}}}},{"name":"ListCons","spec":{"treetp":"spec","args":[{"t":"tpv","tp":"I","n":"i_0"},{"t":"tpv","tp":"IL","n":"il_0"},{"t":"tpv","tp":"IL","n":"il_1"}],"specbody":{"treetp":"ff","qv":[{"t":"tpv","tp":"I","n":"u_0"},{"t":"tpv","tp":"I","n":"u_1"}],"body":{"t":"E","f":"EOr","v":[{"t":"E","f":"EIte","v":[{"t":"E","f":"EAtom","v":[{"t":"S","f":"Op","v":["B","list_member",[{"t":"S","f":"V","v":["IL","il_1"]},{"t":"S","f":"V","v":["I","u_0"]}]]}]},{"t":"E","f":"EOr","v":[{"t":"E","f":"EAtom","v":[{"t":"S","f":"Op","v":["B","list_member",[{"t":"S","f":"V","v":["IL","il_0"]},{"t":"S","f":"V","v":["I","u_0"]}]]}]},{"t":"E","f":"EAtom","v":[{"t":"S","f":"Op","v":["B","list_head",[{"t":"S","f":"V","v":["IL","il_1"]},{"t":"S","f":"V","v":["I","u_0"]}]]}]}]},{"t":"E","f":"EAnd","v":[{"t":"E","f":"ENot","v":[{"t":"E","f":"EAtom","v":[{"t":"S","f":"Op","v":["B","==",[{"t":"S","f":"V","v":["I","u_0"]},{"t":"S","f":"V","v":["I","i_0"]}]]}]}]},{"t":"E","f":"EAnd","v":[{"t":"E","f":"ENot","v":[{"t":"E","f":"EAtom","v":[{"t":"S","f":"Op","v":["B","list_head",[{"t":"S","f":"V","v":["IL","il_1"]},{"t":"S","f":"V","v":["I","u_0"]}]]}]}]},{"t":"E","f":"ENot","v":[{"t":"E","f":"EAtom","v":[{"t":"S","f":"Op","v":["B","list_member",[{"t":"S","f":"V","v":["IL","il_0"]},{"t":"S","f":"V","v":["I","u_0"]}]]}]}]}]}]}]},{"t":"E","f":"EOr","v":[{"t":"E","f":"ENot","v":[{"t":"E","f":"EAtom","v":[{"t":"S","f":"Op","v":["B","==",[{"t":"S","f":"V","v":["I","u_1"]},{"t":"S","f":"V","v":["I","u_0"]}]]}]}]},{"t":"E","f":"EIte","v":[{"t":"E","f":"EAtom","v":[{"t":"S","f":"Op","v":["B","list_member",[{"t":"S","f":"V","v":["IL","il_0"]},{"t":"S","f":"V","v":["I","u_0"]}]]}]},{"t":"E","f":"EOr","v":[{"t":"E","f":"EAtom","v":[{"t":"S","f":"Op","v":["B","list_member",[{"t":"S","f":"V","v":["IL","il_1"]},{"t":"S","f":"V","v":["I","u_0"]}]]}]},{"t":"E","f":"EIte","v":[{"t":"E","f":"EAtom","v":[{"t":"S","f":"Op","v":["B","list_head",[{"t":"S","f":"V","v":["IL","il_0"]},{"t":"S","f":"V","v":["I","u_0"]}]]}]},{"t":"E","f":"EAnd","v":[{"t":"E","f":"EAtom","v":[{"t":"S","f":"Op","v":["B","==",[{"t":"S","f":"V","v":["I","u_0"]},{"t":"S","f":"V","v":["I","i_0"]}]]}]},{"t":"E","f":"ENot","v":[{"t":"E","f":"EAtom","v":[{"t":"S","f":"Op","v":["B","==",[{"t":"S","f":"V","v":["I","i_0"]},{"t":"S","f":"V","v":["I","i_0"]}]]}]}]}]},{"t":"E","f":"EIte","v":[{"t":"E","f":"EAtom","v":[{"t":"S","f":"Op","v":["B","list_head",[{"t":"S","f":"V","v":["IL","il_1"]},{"t":"S","f":"V","v":["I","u_0"]}]]}]},{"t":"E","f":"EAnd","v":[{"t":"E","f":"EAtom","v":[{"t":"S","f":"Op","v":["B","==",[{"t":"S","f":"V","v":["I","u_0"]},{"t":"S","f":"V","v":["I","i_0"]}]]}]},{"t":"E","f":"ENot","v":[{"t":"E","f":"EAtom","v":[{"t":"S","f":"Op","v":["B","==",[{"t":"S","f":"V","v":["I","i_0"]},{"t":"S","f":"V","v":["I","i_0"]}]]}]}]}]},{"t":"E","f":"EAnd","v":[{"t":"E","f":"EAtom","v":[{"t":"S","f":"Op","v":["B","==",[{"t":"S","f":"V","v":["I","u_0"]},{"t":"S","f":"V","v":["I","i_0"]}]]}]},{"t":"E","f":"ENot","v":[{"t":"E","f":"EAtom","v":[{"t":"S","f":"Op","v":["B","==",[{"t":"S","f":"V","v":["I","i_0"]},{"t":"S","f":"V","v":["I","i_0"]}]]}]}]}]}]}]}]},{"t":"E","f":"EIte","v":[{"t":"E","f":"EAtom","v":[{"t":"S","f":"Op","v":["B","list_member",[{"t":"S","f":"V","v":["IL","il_1"]},{"t":"S","f":"V","v":["I","u_0"]}]]}]},{"t":"E","f":"EOr","v":[{"t":"E","f":"EAtom","v":[{"t":"S","f":"Op","v":["B","list_head",[{"t":"S","f":"V","v":["IL","il_1"]},{"t":"S","f":"V","v":["I","u_0"]}]]}]},{"t":"E","f":"EAnd","v":[{"t":"E","f":"EAtom","v":[{"t":"S","f":"Op","v":["B","==",[{"t":"S","f":"V","v":["I","u_0"]},{"t":"S","f":"V","v":["I","i_0"]}]]}]},{"t":"E","f":"ENot","v":[{"t":"E","f":"EAtom","v":[{"t":"S","f":"Op","v":["B","==",[{"t":"S","f":"V","v":["I","i_0"]},{"t":"S","f":"V","v":["I","i_0"]}]]}]}]}]}]},{"t":"E","f":"EOr","v":[{"t":"E","f":"ENot","v":[{"t":"E","f":"EAtom","v":[{"t":"S","f":"Op","v":["B","list_head",[{"t":"S","f":"V","v":["IL","il_1"]},{"t":"S","f":"V","v":["I","u_0"]}]]}]}]},{"t":"E","f":"EAnd","v":[{"t":"E","f":"EAtom","v":[{"t":"S","f":"Op","v":["B","==",[{"t":"S","f":"V","v":["I","u_0"]},{"t":"S","f":"V","v":["I","i_0"]}]]}]},{"t":"E","f":"ENot","v":[{"t":"E","f":"EAtom","v":[{"t":"S","f":"Op","v":["B","==",[{"t":"S","f":"V","v":["I","i_0"]},{"t":"S","f":"V","v":["I","i_0"]}]]}]}]}]}]}]}]}]}]}}}},{"name":"Le","spec":{"treetp":"spec","args":[{"t":"tpv","tp":"I","n":"x"},{"t":"tpv","tp":"I","n":"y"}],"specbody":{"treetp":"ff","qv":[],"body":{"t":"E","f":"EAtom","v":[{"t":"S","f":"Op","v":["B","<=",[{"t":"S","f":"V","v":["I","x"]},{"t":"S","f":"V","v":["I","y"]}]]}]}}}}],"vars":[],"inputs":[{"t":"tpv","tp":"IL","n":"f"},{"t":"tpv","tp":"IL","n":"r"}],"outputs":[{"t":"tpv","tp":"IL","n":"f'"},{"t":"tpv","tp":"IL","n":"r'"}]},"envs":[{"current":{"additional_dt":true,"additional_spec":{"treetp":"spec","args":[{"t":"tpv","tp":"IL","n":"il_0"},{"t":"tpv","tp":"B","n":"b_0"}],"specbody":{"treetp":"ff","qv":[{"t":"tpv","tp":"I","n":"u_0"},{"t":"tpv","tp":"I","n":"u_1"}],"body":{"t":"E","f":"ETrue","v":[]}}},"init_dt":{"fd":"Node","a":1,"l":{"fd":"Node","a":3,"l":false,"r":{"fd":"Node","a":5,"l":false,"r":true}},"r":{"fd":"Node","a":3,"l":true,"r":{"fd":"Node","a":5,"l":false,"r":true}}},"init_spec":{"treetp":"spec","args":[{"t":"tpv","tp":"IL","n":"il_0"},{"t":"tpv","tp":"B","n":"b_0"}],"specbody":{"treetp":"ff","qv":[{"t":"tpv","tp":"I","n":"u_0"},{"t":"tpv","tp":"I","n":"u_1"}],"body":{"t":"E","f":"EIte","v":[{"t":"E","f":"EAtom","v":[{"t":"S","f":"V","v":["B","b_0"]}]},{"t":"E","f":"EAnd","v":[{"t":"E","f":"ENot","v":[{"t":"E","f":"EAtom","v":[{"t":"S","f":"Op","v":["B","list_member",[{"t":"S","f":"V","v":["IL","il_0"]},{"t":"S","f":"V","v":["I","u_0"]}]]}]}]},{"t":"E","f":"ENot","v":[{"t":"E","f":"EAtom","v":[{"t":"S","f":"Op","v":["B","list_head",[{"t":"S","f":"V","v":["IL","il_0"]},{"t":"S","f":"V","v":["I","u_0"]}]]}]}]}]},{"t":"E","f":"EOr","v":[{"t":"E","f":"EAtom","v":[{"t":"S","f":"Op","v":["B","list_member",[{"t":"S","f":"V","v":["IL","il_0"]},{"t":"S","f":"V","v":["I","u_0"]}]]}]},{"t":"E","f":"ENot","v":[{"t":"E","f":"EAtom","v":[{"t":"S","f":"Op","v":["B","list_head",[{"t":"S","f":"V","v":["IL","il_0"]},{"t":"S","f":"V","v":["I","u_0"]}]]}]}]}]}]}}}},"qv":[{"t":"tpv","tp":"I","n":"u_0"},{"t":"tpv","tp":"I","n":"u_1"}],"fset":[{"fd":"Base","pred":"==","a":"u_1","b":"u_0"},{"fd":"Bo","a":"b_0"},{"fd":"Pr","pred":"list_member","args":["il_0"],"args'":["u_1"]},{"fd":"Pr","pred":"list_member","args":["il_0"],"args'":["u_0"]},{"fd":"Pr","pred":"list_head","args":["il_0"],"args'":["u_1"]},{"fd":"Pr","pred":"list_head","args":["il_0"],"args'":["u_0"]}],"hole":{"name":"ListIsEmpty","args":[{"t":"tpv","tp":"IL","n":"il_0"},{"t":"tpv","tp":"B","n":"b_0"}]},"unknown_fv":[{"t":"tpv","tp":"B","n":"_fv!0"},{"t":"tpv","tp":"B","n":"_fv!1"},{"t":"tpv","tp":"B","n":"_fv!2"},{"t":"tpv","tp":"B","n":"_fv!3"},{"t":"tpv","tp":"B","n":"_fv!4"},{"t":"tpv","tp":"B","n":"_fv!5"}],"fvtab":[{"v":"ffffft","l":0}],"if_maximal":true},{"current":{"additional_dt":{"fd":"Node","a":0,"l":{"fd":"Node","a":4,"l":{"fd":"Node","a":3,"l":{"fd":"Node","a":7,"l":true,"r":{"fd":"Node","a":6,"l":{"fd":"Node","a":5,"l":{"fd":"Node","a":1,"l":{"fd":"Node","a":2,"l":{"fd":"Node","a":8,"l":false,"r":{"fd":"Node","a":9,"l":{"fd":"Node","a":10,"l":false,"r":true},"r":{"fd":"Node","a":10,"l":true,"r":false}}},"r":true},"r":{"fd":"Node","a":2,"l":true,"r":{"fd":"Node","a":8,"l":false,"r":{"fd":"Node","a":9,"l":{"fd":"Node","a":10,"l":false,"r":true},"r":{"fd":"Node","a":10,"l":true,"r":false}}}}},"r":true},"r":{"fd":"Node","a":5,"l":true,"r":{"fd":"Node","a":9,"l":{"fd":"Node","a":10,"l":{"fd":"Node","a":1,"l":{"fd":"Node","a":2,"l":false,"r":true},"r":{"fd":"Node","a":2,"l":true,"r":false}},"r":true},"r":{"fd":"Node","a":10,"l":true,"r":{"fd":"Node","a":1,"l":{"fd":"Node","a":2,"l":false,"r":true},"r":{"fd":"Node","a":2,"l":true,"r":false}}}}}}},"r":true},"r":{"fd":"Node","a":3,"l":true,"r":{"fd":"Node","a":7,"l":{"fd":"Node","a":8,"l":{"fd":"Node","a":9,"l":true,"r":{"fd":"Node","a":1,"l":{"fd":"Node","a":2,"l":{"fd":"Node","a":5,"l":{"fd":"Node","a":6,"l":false,"r":true},"r":{"fd":"Node","a":6,"l":true,"r":false}},"r":true},"r":{"fd":"Node","a":2,"l":true,"r":{"fd":"Node","a":5,"l":{"fd":"Node","a":6,"l":false,"r":true},"r":{"fd":"Node","a":6,"l":true,"r":false}}}}},"r":true},"r":{"fd":"Node","a":10,"l":{"fd":"Node","a":9,"l":{"fd":"Node","a":1,"l":{"fd":"Node","a":2,"l":{"fd":"Node","a":5,"l":{"fd":"Node","a":6,"l":false,"r":true},"r":{"fd":"Node","a":6,"l":true,"r":false}},"r":true},"r":{"fd":"Node","a":2,"l":true,"r":{"fd":"Node","a":5,"l":{"fd":"Node","a":6,"l":false,"r":true},"r":{"fd":"Node","a":6,"l":true,"r":false}}}},"r":true},"r":true}}}},"r":true},"additional_spec":{"treetp":"spec","args":[{"t":"tpv","tp":"I","n":"i_0"},{"t":"tpv","tp":"IL","n":"il_0"},{"t":"tpv","tp":"IL","n":"il_1"}],"specbody":{"treetp":"ff","qv":[{"t":"tpv","tp":"I","n":"u_0"},{"t":"tpv","tp":"I","n":"u_1"}],"body":{"t":"E","f":"EOr","v":[{"t":"E","f":"ENot","v":[{"t":"E","f":"EAtom","v":[{"t":"S","f":"Op","v":["B","==",[{"t":"S","f":"V","v":["I","u_1"]},{"t":"S","f":"V","v":["I","u_0"]}]]}]}]},{"t":"E","f":"EIte","v":[{"t":"E","f":"EAtom","v":[{"t":"S","f":"Op","v":["B","list_member",[{"t":"S","f":"V","v":["IL","il_0"]},{"t":"S","f":"V","v":["I","u_0"]}]]}]},{"t":"E","f":"EOr","v":[{"t":"E","f":"EAtom","v":[{"t":"S","f":"Op","v":["B","list_member",[{"t":"S","f":"V","v":["IL","il_1"]},{"t":"S","f":"V","v":["I","u_0"]}]]}]},{"t":"E","f":"EIte","v":[{"t":"E","f":"EAtom","v":[{"t":"S","f":"Op","v":["B","list_head",[{"t":"S","f":"V","v":["IL","il_0"]},{"t":"S","f":"V","v":["I","u_0"]}]]}]},{"t":"E","f":"EAnd","v":[{"t":"E","f":"EAtom","v":[{"t":"S","f":"Op","v":["B","==",[{"t":"S","f":"V","v":["I","u_0"]},{"t":"S","f":"V","v":["I","i_0"]}]]}]},{"t":"E","f":"ENot","v":[{"t":"E","f":"EAtom","v":[{"t":"S","f":"Op","v":["B","==",[{"t":"S","f":"V","v":["I","i_0"]},{"t":"S","f":"V","v":["I","i_0"]}]]}]}]}]},{"t":"E","f":"EIte","v":[{"t":"E","f":"EAtom","v":[{"t":"S","f":"Op","v":["B","list_head",[{"t":"S","f":"V","v":["IL","il_1"]},{"t":"S","f":"V","v":["I","u_0"]}]]}]},{"t":"E","f":"EAnd","v":[{"t":"E","f":"EAtom","v":[{"t":"S","f":"Op","v":["B","==",[{"t":"S","f":"V","v":["I","u_0"]},{"t":"S","f":"V","v":["I","i_0"]}]]}]},{"t":"E","f":"ENot","v":[{"t":"E","f":"EAtom","v":[{"t":"S","f":"Op","v":["B","==",[{"t":"S","f":"V","v":["I","i_0"]},{"t":"S","f":"V","v":["I","i_0"]}]]}]}]}]},{"t":"E","f":"EAnd","v":[{"t":"E","f":"EAtom","v":[{"t":"S","f":"Op","v":["B","==",[{"t":"S","f":"V","v":["I","u_0"]},{"t":"S","f":"V","v":["I","i_0"]}]]}]},{"t":"E","f":"ENot","v":[{"t":"E","f":"EAtom","v":[{"t":"S","f":"Op","v":["B","==",[{"t":"S","f":"V","v":["I","i_0"]},{"t":"S","f":"V","v":["I","i_0"]}]]}]}]}]}]}]}]},{"t":"E","f":"EIte","v":[{"t":"E","f":"EAtom","v":[{"t":"S","f":"Op","v":["B","list_member",[{"t":"S","f":"V","v":["IL","il_1"]},{"t":"S","f":"V","v":["I","u_0"]}]]}]},{"t":"E","f":"EOr","v":[{"t":"E","f":"EAtom","v":[{"t":"S","f":"Op","v":["B","list_head",[{"t":"S","f":"V","v":["IL","il_1"]},{"t":"S","f":"V","v":["I","u_0"]}]]}]},{"t":"E","f":"EAnd","v":[{"t":"E","f":"EAtom","v":[{"t":"S","f":"Op","v":["B","==",[{"t":"S","f":"V","v":["I","u_0"]},{"t":"S","f":"V","v":["I","i_0"]}]]}]},{"t":"E","f":"ENot","v":[{"t":"E","f":"EAtom","v":[{"t":"S","f":"Op","v":["B","==",[{"t":"S","f":"V","v":["I","i_0"]},{"t":"S","f":"V","v":["I","i_0"]}]]}]}]}]}]},{"t":"E","f":"EOr","v":[{"t":"E","f":"ENot","v":[{"t":"E","f":"EAtom","v":[{"t":"S","f":"Op","v":["B","list_head",[{"t":"S","f":"V","v":["IL","il_1"]},{"t":"S","f":"V","v":["I","u_0"]}]]}]}]},{"t":"E","f":"EAnd","v":[{"t":"E","f":"EAtom","v":[{"t":"S","f":"Op","v":["B","==",[{"t":"S","f":"V","v":["I","u_0"]},{"t":"S","f":"V","v":["I","i_0"]}]]}]},{"t":"E","f":"ENot","v":[{"t":"E","f":"EAtom","v":[{"t":"S","f":"Op","v":["B","==",[{"t":"S","f":"V","v":["I","i_0"]},{"t":"S","f":"V","v":["I","i_0"]}]]}]}]}]}]}]}]}]}}},"init_dt":{"fd":"Node","a":8,"l":{"fd":"Node","a":4,"l":true,"r":{"fd":"Node","a":10,"l":true,"r":false}},"r":{"fd":"Node","a":2,"l":false,"r":{"fd":"Node","a":10,"l":false,"r":{"fd":"Node","a":4,"l":false,"r":true}}}},"init_spec":{"treetp":"spec","args":[{"t":"tpv","tp":"I","n":"i_0"},{"t":"tpv","tp":"IL","n":"il_0"},{"t":"tpv","tp":"IL","n":"il_1"}],"specbody":{"treetp":"ff","qv":[{"t":"tpv","tp":"I","n":"u_0"},{"t":"tpv","tp":"I","n":"u_1"}],"body":{"t":"E","f":"EIte","v":[{"t":"E","f":"EAtom","v":[{"t":"S","f":"Op","v":["B","list_member",[{"t":"S","f":"V","v":["IL","il_1"]},{"t":"S","f":"V","v":["I","u_0"]}]]}]},{"t":"E","f":"EOr","v":[{"t":"E","f":"EAtom","v":[{"t":"S","f":"Op","v":["B","list_member",[{"t":"S","f":"V","v":["IL","il_0"]},{"t":"S","f":"V","v":["I","u_0"]}]]}]},{"t":"E","f":"EAtom","v":[{"t":"S","f":"Op","v":["B","list_head",[{"t":"S","f":"V","v":["IL","il_1"]},{"t":"S","f":"V","v":["I","u_0"]}]]}]}]},{"t":"E","f":"EAnd","v":[{"t":"E","f":"ENot","v":[{"t":"E","f":"EAtom","v":[{"t":"S","f":"Op","v":["B","==",[{"t":"S","f":"V","v":["I","u_0"]},{"t":"S","f":"V","v":["I","i_0"]}]]}]}]},{"t":"E","f":"EAnd","v":[{"t":"E","f":"ENot","v":[{"t":"E","f":"EAtom","v":[{"t":"S","f":"Op","v":["B","list_head",[{"t":"S","f":"V","v":["IL","il_1"]},{"t":"S","f":"V","v":["I","u_0"]}]]}]}]},{"t":"E","f":"ENot","v":[{"t":"E","f":"EAtom","v":[{"t":"S","f":"Op","v":["B","list_member",[{"t":"S","f":"V","v":["IL","il_0"]},{"t":"S","f":"V","v":["I","u_0"]}]]}]}]}]}]}]}}}},"qv":[{"t":"tpv","tp":"I","n":"u_0"},{"t":"tpv","tp":"I","n":"u_1"}],"fset":[{"fd":"Base","pred":"==","a":"u_1","b":"u_0"},{"fd":"Base","pred":"==","a":"u_1","b":"i_0"},{"fd":"Base","pred":"==","a":"u_0","b":"i_0"},{"fd":"Pr","pred":"list_member","args":["il_0"],"args'":["u_1"]},{"fd":"Pr","pred":"list_member","args":["il_0"],"args'":["u_0"]},{"fd":"Pr","pred":"list_head","args":["il_0"],"args'":["u_1"]},{"fd":"Pr","pred":"list_head","args":["il_0"],"args'":["u_0"]},{"fd":"Pr","pred":"list_member","args":["il_1"],"args'":["u_1"]},{"fd":"Pr","pred":"list_member","args":["il_1"],"args'":["u_0"]},{"fd":"Pr","pred":"list_head","args":["il_1"],"args'":["u_1"]},{"fd":"Pr","pred":"list_head","args":["il_1"],"args'":["u_0"]}],"hole":{"name":"ListCons","args":[{"t":"tpv","tp":"I","n":"i_0"},{"t":"tpv","tp":"IL","n":"il_0"},{"t":"tpv","tp":"IL","n":"il_1"}]},"unknown_fv":[{"t":"tpv","tp":"B","n":"_fv!0"},{"t":"tpv","tp":"B","n":"_fv!1"},{"t":"tpv","tp":"B","n":"_fv!2"},{"t":"tpv","tp":"B","n":"_fv!3"},{"t":"tpv","tp":"B","n":"_fv!4"},{"t":"tpv","tp":"B","n":"_fv!5"},{"t":"tpv","tp":"B","n":"_fv!6"},{"t":"tpv","tp":"B","n":"_fv!7"},{"t":"tpv","tp":"B","n":"_fv!8"},{"t":"tpv","tp":"B","n":"_fv!9"},{"t":"tpv","tp":"B","n":"_fv!10"}],"fvtab":[{"v":"tftttttfftt","l":0},{"v":"ffftffffftf","l":0},{"v":"fftffftfftf","l":0},{"v":"ffttffttftf","l":0},{"v":"tfffftttftt","l":0},{"v":"ttttfffttff","l":0},{"v":"fftfffffttf","l":0},{"v":"tffttftfftt","l":0},{"v":"tttffffttff","l":2},{"v":"ftftfffffff","l":0},{"v":"ffftttfffft","l":0},{"v":"fffffftffff","l":0},{"v":"fffffftffft","l":0},{"v":"tftffttfftt","l":0},{"v":"tttffftffff","l":0},{"v":"ffffttfftff","l":0},{"v":"fftttfffftf","l":0},{"v":"ttfffttttff","l":0},{"v":"fftfftftftf","l":0},{"v":"fftfftftftt","l":0},{"v":"tffttfffftt","l":2},{"v":"tffttfffftf","l":0},{"v":"tttfffttfff","l":0},{"v":"tttffffftff","l":0},{"v":"tfffffftfft","l":0},{"v":"tfftfttffft","l":0},{"v":"ffffffttfft","l":0},{"v":"tfftftffftt","l":0},{"v":"tttttttffff","l":2},{"v":"tttttttffft","l":0},{"v":"fffttfffftt","l":0},{"v":"ffftffttfff","l":0},{"v":"ftffttfffft","l":0},{"v":"ftffttfffff","l":0},{"v":"tffftttffff","l":0},{"v":"tffttttffff","l":2},{"v":"tffttttffft","l":0},{"v":"ftfftffffff","l":0},{"v":"ftfftffffft","l":0},{"v":"ttfttfffftf","l":0},{"v":"ttfttfffftt","l":0},{"v":"tttfftfffff","l":0},{"v":"tttfftfffft","l":0},{"v":"tttttffffff","l":2},{"v":"tttttffffft","l":0},{"v":"fftffffftff","l":0},{"v":"tttttftfftt","l":0},{"v":"fffffttffff","l":0},{"v":"fffffftftff","l":0},{"v":"ttttffffftt","l":0},{"v":"ftfttfttfff","l":0},{"v":"tfftttttttt","l":0},{"v":"ffftfttffff","l":0},{"v":"tttffftttff","l":0},{"v":"ftffttffftf","l":0},{"v":"fffffffttff","l":0},{"v":"tfffffftttt","l":0},{"v":"tfffffftttf","l":0},{"v":"tttffttttff","l":2},{"v":"tttfffffttf","l":0},{"v":"ttftttfffff","l":0},{"v":"fftftftffft","l":0},{"v":"fftftftffff","l":0},{"v":"tttffffffff","l":0},{"v":"tttffffffft","l":0},{"v":"ttfffffttff","l":0},{"v":"tfftfffttff","l":0},{"v":"tffffttftff","l":0},{"v":"tffffttffff","l":0},{"v":"tffffttffft","l":0},{"v":"tffttttttff","l":0},{"v":"tfftfttftff","l":0},{"v":"tffffffftff","l":0},{"v":"fffftftffff","l":0},{"v":"fffftftffft","l":0},{"v":"tfftffffftt","l":0},{"v":"fftfffftfff","l":0},{"v":"fttfffffftf","l":0},{"v":"fffftfttfft","l":0},{"v":"ffftttttfft","l":0},{"v":"ffftttttfff","l":0},{"v":"ttfftffffft","l":0},{"v":"tffffffffff","l":0},{"v":"tffffffffft","l":0},{"v":"ttffffffftt","l":0},{"v":"tffttftffff","l":0},{"v":"ffttftftftf","l":0},{"v":"ffttftftftt","l":0},{"v":"ffffftftfff","l":0},{"v":"ffftfffffff","l":0},{"v":"ffftfffffft","l":0},{"v":"tftfffffftf","l":0},{"v":"tftfffffftt","l":0},{"v":"tfftttfffff","l":0},{"v":"tffttffttff","l":0},{"v":"fftfffftftt","l":0},{"v":"fftfffftftf","l":0},{"v":"ttfffffftff","l":0},{"v":"ffffttfffff","l":0},{"v":"ffffttfffft","l":0},{"v":"fftfffffftf","l":0},{"v":"ttfftfffftt","l":0},{"v":"tttttfffftf","l":0},{"v":"tttttfffftt","l":2},{"v":"tttfftfttff","l":0},{"v":"ffffftfffff","l":0},{"v":"ffttffftftf","l":0},{"v":"ffttffftftt","l":0},{"v":"ffttftttfft","l":0},{"v":"ffttfftftff","l":0},{"v":"tttfftffftf","l":0},{"v":"tttfftffftt","l":0},{"v":"ffffffffftf","l":0},{"v":"fffffttttff","l":0},{"v":"ffftfftfftf","l":0},{"v":"ttfffttfftt","l":0},{"v":"tttfffffftt","l":2},{"v":"tttfffffftf","l":0},{"v":"tftttffffff","l":0},{"v":"tfffftttttf","l":0},{"v":"ftfffttffff","l":0},{"v":"ffftftffftf","l":0},{"v":"tfftfttfftt","l":0},{"v":"tttftfffftt","l":0},{"v":"ttttttfffff","l":0},{"v":"tttftffffff","l":0},{"v":"fttffftfftf","l":0},{"v":"fffftttffff","l":0},{"v":"tffftfffftt","l":0},{"v":"tttttftffff","l":0},{"v":"fffttffffff","l":0},{"v":"fffttffffft","l":0},{"v":"ffttftttftt","l":0},{"v":"ffttftttftf","l":0},{"v":"fffftftftff","l":0},{"v":"fftfftfffft","l":0},{"v":"tttffttfftt","l":2},{"v":"tttffttfftf","l":0},{"v":"tffftfftfff","l":0},{"v":"ffttfffftff","l":0},{"v":"ffttfftffff","l":0},{"v":"ffftftftfff","l":0},{"v":"ffftftftfft","l":0},{"v":"tttfffftfff","l":0},{"v":"tffttffffff","l":2},{"v":"tffttffffft","l":0},{"v":"fftfftftfft","l":0},{"v":"fftffftftff","l":0},{"v":"tttffftftff","l":0},{"v":"ftfttfffftf","l":0},{"v":"ffftttttttt","l":0},{"v":"ffffttftfff","l":0},{"v":"fffffffftff","l":0},{"v":"fffffffftft","l":0},{"v":"ftfftttfttt","l":0},{"v":"tftttfffftf","l":0},{"v":"tftttfffftt","l":0},{"v":"fftffttffff","l":0},{"v":"fffttttfttf","l":0},{"v":"tffttttfftt","l":2},{"v":"tffttttfftf","l":0},{"v":"ffffffftfff","l":0},{"v":"fftffffffff","l":0},{"v":"fftffffffft","l":0},{"v":"fttffffffft","l":0},{"v":"tffffftfftt","l":0},{"v":"ftffftfffft","l":0},{"v":"tffffttfftt","l":2},{"v":"fftfffttftf","l":0},{"v":"fftfffttftt","l":0},{"v":"ffttfftfftf","l":0},{"v":"ffttfftfftt","l":0},{"v":"tfftttffftt","l":0},{"v":"ftffffffftf","l":0},{"v":"fttffffftff","l":0},{"v":"ffttfttfftf","l":0},{"v":"fftffftffff","l":0},{"v":"fffftffffff","l":0},{"v":"fffftffffft","l":0},{"v":"ftffffffttt","l":0},{"v":"tfffftfttff","l":0},{"v":"ftftftffftf","l":0},{"v":"ftfffffffft","l":0},{"v":"ftfffffffff","l":0},{"v":"ftftffffftf","l":0},{"v":"fftttffffff","l":0},{"v":"fffftfffftf","l":0},{"v":"fffftfffftt","l":0},{"v":"tffffftttff","l":0},{"v":"fftftffffff","l":0},{"v":"fftftffffft","l":0},{"v":"ffffftttfff","l":0},{"v":"ffffftttfft","l":0},{"v":"tfffffffttf","l":0},{"v":"ttttfttfftf","l":0},{"v":"ttfttttffff","l":0},{"v":"tfffftttfft","l":0},{"v":"ftftftfffff","l":0},{"v":"ttttttffftt","l":0},{"v":"fffttfttftt","l":0},{"v":"ffftttfftff","l":0},{"v":"tffffttttff","l":2},{"v":"ftffftftfff","l":0},{"v":"tffffffttff","l":2},{"v":"fffttttffff","l":0},{"v":"ffftftttfft","l":0},{"v":"tttttttfftt","l":2},{"v":"tttttttfftf","l":0},{"v":"tftttttffff","l":0},{"v":"fftfftttftf","l":0},{"v":"fftfftttftt","l":0},{"v":"tfffftffftt","l":0},{"v":"ffffftffftf","l":0},{"v":"tftfffftfff","l":0},{"v":"tttffttffff","l":0},{"v":"tttffttffft","l":0},{"v":"tfffffftftt","l":0},{"v":"tffftttfftf","l":0},{"v":"fffttftffft","l":0},{"v":"ftffffftfff","l":0},{"v":"ttfttffffff","l":0},{"v":"tfttfffftff","l":0},{"v":"fffffttftff","l":0},{"v":"ffffffftftf","l":0},{"v":"tffftffffff","l":0},{"v":"fffffffffff","l":0},{"v":"fffffffffft","l":0},{"v":"fffttfttfff","l":0},{"v":"fffttfttfft","l":0},{"v":"fttfffftfff","l":0},{"v":"ttttfffffff","l":0},{"v":"ttttfffffft","l":0},{"v":"tttffftfftt","l":0},{"v":"tftffffttff","l":0},{"v":"tfffffffftt","l":2}],"if_maximal":true},{"current":{"additional_dt":{"fd":"Node","a":0,"l":{"fd":"Node","a":3,"l":{"fd":"Node","a":5,"l":{"fd":"Node","a":6,"l":{"fd":"Node","a":1,"l":true,"r":{"fd":"Node","a":4,"l":{"fd":"Node","a":2,"l":false,"r":{"fd":"Node","a":7,"l":{"fd":"Node","a":8,"l":false,"r":true},"r":{"fd":"Node","a":8,"l":true,"r":false}}},"r":true}},"r":true},"r":{"fd":"Node","a":1,"l":{"fd":"Node","a":2,"l":{"fd":"Node","a":4,"l":{"fd":"Node","a":6,"l":false,"r":{"fd":"Node","a":7,"l":{"fd":"Node","a":8,"l":false,"r":true},"r":{"fd":"Node","a":8,"l":true,"r":false}}},"r":true},"r":true},"r":true}},"r":{"fd":"Node","a":4,"l":true,"r":{"fd":"Node","a":1,"l":{"fd":"Node","a":2,"l":{"fd":"Node","a":5,"l":true,"r":{"fd":"Node","a":6,"l":false,"r":{"fd":"Node","a":7,"l":{"fd":"Node","a":8,"l":false,"r":true},"r":{"fd":"Node","a":8,"l":true,"r":false}}}},"r":true},"r":{"fd":"Node","a":5,"l":{"fd":"Node","a":2,"l":true,"r":{"fd":"Node","a":6,"l":{"fd":"Node","a":7,"l":{"fd":"Node","a":8,"l":false,"r":true},"r":{"fd":"Node","a":8,"l":true,"r":false}},"r":false}},"r":true}}}},"r":true},"additional_spec":{"treetp":"spec","args":[{"t":"tpv","tp":"IL","n":"il_0"},{"t":"tpv","tp":"IL","n":"il_1"}],"specbody":{"treetp":"ff","qv":[{"t":"tpv","tp":"I","n":"u_0"},{"t":"tpv","tp":"I","n":"u_1"}],"body":{"t":"E","f":"EOr","v":[{"t":"E","f":"ENot","v":[{"t":"E","f":"EAtom","v":[{"t":"S","f":"Op","v":["B","==",[{"t":"S","f":"V","v":["I","u_1"]},{"t":"S","f":"V","v":["I","u_0"]}]]}]}]},{"t":"E","f":"EIte","v":[{"t":"E","f":"EAtom","v":[{"t":"S","f":"Op","v":["B","list_head",[{"t":"S","f":"V","v":["IL","il_0"]},{"t":"S","f":"V","v":["I","u_0"]}]]}]},{"t":"E","f":"EIte","v":[{"t":"E","f":"EAtom","v":[{"t":"S","f":"Op","v":["B","list_member",[{"t":"S","f":"V","v":["IL","il_1"]},{"t":"S","f":"V","v":["I","u_0"]}]]}]},{"t":"E","f":"EAtom","v":[{"t":"S","f":"Op","v":["B","list_member",[{"t":"S","f":"V","v":["IL","il_0"]},{"t":"S","f":"V","v":["I","u_0"]}]]}]},{"t":"E","f":"ENot","v":[{"t":"E","f":"EAtom","v":[{"t":"S","f":"Op","v":["B","list_member",[{"t":"S","f":"V","v":["IL","il_0"]},{"t":"S","f":"V","v":["I","u_0"]}]]}]}]}]},{"t":"E","f":"EIte","v":[{"t":"E","f":"EAtom","v":[{"t":"S","f":"Op","v":["B","list_member",[{"t":"S","f":"V","v":["IL","il_0"]},{"t":"S","f":"V","v":["I","u_0"]}]]}]},{"t":"E","f":"EAtom","v":[{"t":"S","f":"Op","v":["B","list_member",[{"t":"S","f":"V","v":["IL","il_1"]},{"t":"S","f":"V","v":["I","u_0"]}]]}]},{"t":"E","f":"ENot","v":[{"t":"E","f":"EAtom","v":[{"t":"S","f":"Op","v":["B","list_member",[{"t":"S","f":"V","v":["IL","il_1"]},{"t":"S","f":"V","v":["I","u_0"]}]]}]}]}]}]}]}}},"init_dt":{"fd":"Node","a":2,"l":{"fd":"Node","a":6,"l":true,"r":false},"r":{"fd":"Node","a":6,"l":false,"r":{"fd":"Node","a":4,"l":false,"r":true}}},"init_spec":{"treetp":"spec","args":[{"t":"tpv","tp":"IL","n":"il_0"},{"t":"tpv","tp":"IL","n":"il_1"}],"specbody":{"treetp":"ff","qv":[{"t":"tpv","tp":"I","n":"u_0"},{"t":"tpv","tp":"I","n":"u_1"}],"body":{"t":"E","f":"EIte","v":[{"t":"E","f":"EAtom","v":[{"t":"S","f":"Op","v":["B","list_member",[{"t":"S","f":"V","v":["IL","il_0"]},{"t":"S","f":"V","v":["I","u_0"]}]]}]},{"t":"E","f":"EAtom","v":[{"t":"S","f":"Op","v":["B","list_member",[{"t":"S","f":"V","v":["IL","il_1"]},{"t":"S","f":"V","v":["I","u_0"]}]]}]},{"t":"E","f":"EAnd","v":[{"t":"E","f":"ENot","v":[{"t":"E","f":"EAtom","v":[{"t":"S","f":"Op","v":["B","list_member",[{"t":"S","f":"V","v":["IL","il_1"]},{"t":"S","f":"V","v":["I","u_0"]}]]}]}]},{"t":"E","f":"ENot","v":[{"t":"E","f":"EAtom","v":[{"t":"S","f":"Op","v":["B","list_head",[{"t":"S","f":"V","v":["IL","il_0"]},{"t":"S","f":"V","v":["I","u_0"]}]]}]}]}]}]}}}},"qv":[{"t":"tpv","tp":"I","n":"u_0"},{"t":"tpv","tp":"I","n":"u_1"}],"fset":[{"fd":"Base","pred":"==","a":"u_1","b":"u_0"},{"fd":"Pr","pred":"list_member","args":["il_0"],"args'":["u_1"]},{"fd":"Pr","pred":"list_member","args":["il_0"],"args'":["u_0"]},{"fd":"Pr","pred":"list_head","args":["il_0"],"args'":["u_1"]},{"fd":"Pr","pred":"list_head","args":["il_0"],"args'":["u_0"]},{"fd":"Pr","pred":"list_member","args":["il_1"],"args'":["u_1"]},{"fd":"Pr","pred":"list_member","args":["il_1"],"args'":["u_0"]},{"fd":"Pr","pred":"list_head","args":["il_1"],"args'":["u_1"]},{"fd":"Pr","pred":"list_head","args":["il_1"],"args'":["u_0"]}],"hole":{"name":"ListRev","args":[{"t":"tpv","tp":"IL","n":"il_0"},{"t":"tpv","tp":"IL","n":"il_1"}]},"unknown_fv":[{"t":"tpv","tp":"B","n":"_fv!0"},{"t":"tpv","tp":"B","n":"_fv!1"},{"t":"tpv","tp":"B","n":"_fv!2"},{"t":"tpv","tp":"B","n":"_fv!3"},{"t":"tpv","tp":"B","n":"_fv!4"},{"t":"tpv","tp":"B","n":"_fv!5"},{"t":"tpv","tp":"B","n":"_fv!6"},{"t":"tpv","tp":"B","n":"_fv!7"},{"t":"tpv","tp":"B","n":"_fv!8"}],"fvtab":[{"v":"tttftffff","l":0},{"v":"fffttfftt","l":0},{"v":"tffttttft","l":0},{"v":"ftfttfftf","l":0},{"v":"tfftttttf","l":0},{"v":"ftftfffff","l":0},{"v":"fffftffff","l":0},{"v":"fftffffff","l":0},{"v":"tfffttfff","l":0},{"v":"ttfttttff","l":0},{"v":"fffttfftf","l":0},{"v":"tttttffff","l":2},{"v":"ffftttfff","l":0},{"v":"fffftfttf","l":0},{"v":"ffffttfft","l":0},{"v":"fffffffff","l":0},{"v":"ftftffftf","l":0},{"v":"tfffftttf","l":0},{"v":"ffftftfff","l":0},{"v":"ffffffftt","l":0},{"v":"ffftttftf","l":0},{"v":"tttttffft","l":0},{"v":"fttffffff","l":0},{"v":"ffftffftt","l":0},{"v":"ftfffffff","l":0},{"v":"ffffftftf","l":0},{"v":"tttttfftt","l":2},{"v":"ffftttftt","l":0},{"v":"fffttttff","l":0},{"v":"tttfffftf","l":0},{"v":"ttfttffff","l":0},{"v":"fffttffft","l":0},{"v":"tfftttfff","l":0},{"v":"fftftfftt","l":0},{"v":"fftffffft","l":0},{"v":"tffffffff","l":0},{"v":"ffffffttt","l":0},{"v":"tffttfftt","l":0},{"v":"tffttffff","l":0},{"v":"fftttffff","l":0},{"v":"ttfffftff","l":0},{"v":"tfftfttff","l":0},{"v":"ttttfffff","l":0},{"v":"tffttftff","l":0},{"v":"fftftffff","l":0},{"v":"tttttfftf","l":0},{"v":"ftffffftf","l":0},{"v":"fffttfttt","l":0},{"v":"tffffttff","l":2},{"v":"ffftftftt","l":0},{"v":"fttttffff","l":0},{"v":"tffttffft","l":0},{"v":"tffftttff","l":0},{"v":"fffftfftt","l":0},{"v":"tfffffftt","l":0},{"v":"fffffftff","l":0},{"v":"ffftttttt","l":0},{"v":"fffffftft","l":0},{"v":"tttfffftt","l":2},{"v":"tttfftfff","l":0},{"v":"tfftttttt","l":2},{"v":"tfffftttt","l":2},{"v":"tftttfftt","l":0},{"v":"ffffttftt","l":0},{"v":"tttffffff","l":2},{"v":"tttffffft","l":0},{"v":"fffftftft","l":0},{"v":"ffffftfff","l":0},{"v":"ffftttfft","l":0},{"v":"tffttttff","l":2},{"v":"fffffttff","l":0},{"v":"tffffftff","l":0},{"v":"fffftftff","l":0},{"v":"tftttffff","l":0},{"v":"tftffffff","l":0},{"v":"tffttfftf","l":0},{"v":"tffffttft","l":0},{"v":"ffttttfff","l":0},{"v":"tfftttftt","l":0},{"v":"tftfftfff","l":0},{"v":"tttftfftt","l":0},{"v":"fffftfttt","l":0},{"v":"fftftffft","l":0},{"v":"ttttttfff","l":0},{"v":"fftftfftf","l":0},{"v":"tffttfttt","l":0}],"if_maximal":true},{"current":{"additional_dt":false,"additional_spec":{"treetp":"spec","args":[{"t":"tpv","tp":"IL","n":"il_0"}],"specbody":{"treetp":"ff","qv":[{"t":"tpv","tp":"I","n":"u_0"}],"body":{"t":"E","f":"ENot","v":[{"t":"E","f":"ETrue","v":[]}]}}},"init_dt":true,"init_spec":{"treetp":"spec","args":[{"t":"tpv","tp":"IL","n":"il_0"}],"specbody":{"treetp":"ff","qv":[{"t":"tpv","tp":"I","n":"u_0"},{"t":"tpv","tp":"I","n":"u_1"}],"body":{"t":"E","f":"ETrue","v":[]}}}},"qv":[{"t":"tpv","tp":"I","n":"u_0"},{"t":"tpv","tp":"I","n":"u_1"}],"fset":[{"fd":"Base","pred":"==","a":"u_1","b":"u_0"},{"fd":"Pr","pred":"list_member","args":["il_0"],"args'":["u_1"]},{"fd":"Pr","pred":"list_member","args":["il_0"],"args'":["u_0"]},{"fd":"Pr","pred":"list_head","args":["il_0"],"args'":["u_1"]},{"fd":"Pr","pred":"list_head","args":["il_0"],"args'":["u_0"]}],"hole":{"name":"ListNil","args":[{"t":"tpv","tp":"IL","n":"il_0"}]},"unknown_fv":[{"t":"tpv","tp":"B","n":"_fv!0"},{"t":"tpv","tp":"B","n":"_fv!1"},{"t":"tpv","tp":"B","n":"_fv!2"},{"t":"tpv","tp":"B","n":"_fv!3"},{"t":"tpv","tp":"B","n":"_fv!4"}],"fvtab":[],"if_maximal":true}]}