{"preds": ["list_member", "list_head", "list_order"], "spectable": [{"name": "Customstk.top", "spec": {"treetp": "spec", "args": [{"t": "tpv", "tp": "IL", "n": "il_0"}, {"t": "tpv", "tp": "I", "n": "i_0"}], "specbody": {"treetp": "ff", "qv": [{"t": "tpv", "tp": "I", "n": "u_0"}, {"t": "tpv", "tp": "I", "n": "u_1"}], "body": {"t": "E", "f": "EIte", "v": [{"t": "E", "f": "EAtom", "v": [{"t": "S", "f": "Op", "v": ["B", "list_member", [{"t": "S", "f": "V", "v": ["IL", "il_0"]}, {"t": "S", "f": "V", "v": ["I", "u_1"]}]]}]}, {"t": "E", "f": "EIte", "v": [{"t": "E", "f": "EAtom", "v": [{"t": "S", "f": "Op", "v": ["B", "==", [{"t": "S", "f": "V", "v": ["I", "u_1"]}, {"t": "S", "f": "V", "v": ["I", "u_0"]}]]}]}, {"t": "E", "f": "EIte", "v": [{"t": "E", "f": "EAtom", "v": [{"t": "S", "f": "Op", "v": ["B", "==", [{"t": "S", "f": "V", "v": ["I", "u_0"]}, {"t": "S", "f": "V", "v": ["I", "i_0"]}]]}]}, {"t": "E", "f": "EAtom", "v": [{"t": "S", "f": "Op", "v": ["B", "list_head", [{"t": "S", "f": "V", "v": ["IL", "il_0"]}, {"t": "S", "f": "V", "v": ["I", "i_0"]}]]}]}, {"t": "E", "f": "ENot", "v": [{"t": "E", "f": "EAtom", "v": [{"t": "S", "f": "Op", "v": ["B", "list_head", [{"t": "S", "f": "V", "v": ["IL", "il_0"]}, {"t": "S", "f": "V", "v": ["I", "u_0"]}]]}]}]}]}, {"t": "E", "f": "EIte", "v": [{"t": "E", "f": "EAtom", "v": [{"t": "S", "f": "Op", "v": ["B", "==", [{"t": "S", "f": "V", "v": ["I", "u_1"]}, {"t": "S", "f": "V", "v": ["I", "i_0"]}]]}]}, {"t": "E", "f": "EAnd", "v": [{"t": "E", "f": "EAtom", "v": [{"t": "S", "f": "Op", "v": ["B", "list_head", [{"t": "S", "f": "V", "v": ["IL", "il_0"]}, {"t": "S", "f": "V", "v": ["I", "i_0"]}]]}]}, {"t": "E", "f": "EAnd", "v": [{"t": "E", "f": "ENot", "v": [{"t": "E", "f": "EAtom", "v": [{"t": "S", "f": "Op", "v": ["B", "list_head", [{"t": "S", "f": "V", "v": ["IL", "il_0"]}, {"t": "S", "f": "V", "v": ["I", "u_0"]}]]}]}]}, {"t": "E", "f": "EIte", "v": [{"t": "E", "f": "EAtom", "v": [{"t": "S", "f": "Op", "v": ["B", "list_member", [{"t": "S", "f": "V", "v": ["IL", "il_0"]}, {"t": "S", "f": "V", "v": ["I", "u_0"]}]]}]}, {"t": "E", "f": "EAtom", "v": [{"t": "S", "f": "Op", "v": ["B", "list_order", [{"t": "S", "f": "V", "v": ["IL", "il_0"]}, {"t": "S", "f": "V", "v": ["I", "i_0"]}, {"t": "S", "f": "V", "v": ["I", "u_0"]}]]}]}, {"t": "E", "f": "EAnd", "v": [{"t": "E", "f": "ENot", "v": [{"t": "E", "f": "EAtom", "v": [{"t": "S", "f": "Op", "v": ["B", "list_order", [{"t": "S", "f": "V", "v": ["IL", "il_0"]}, {"t": "S", "f": "V", "v": ["I", "i_0"]}, {"t": "S", "f": "V", "v": ["I", "u_0"]}]]}]}]}, {"t": "E", "f": "ENot", "v": [{"t": "E", "f": "EAtom", "v": [{"t": "S", "f": "Op", "v": ["B", "list_order", [{"t": "S", "f": "V", "v": ["IL", "il_0"]}, {"t": "S", "f": "V", "v": ["I", "u_0"]}, {"t": "S", "f": "V", "v": ["I", "i_0"]}]]}]}]}]}]}]}]}, {"t": "E", "f": "EAnd", "v": [{"t": "E", "f": "ENot", "v": [{"t": "E", "f": "EAtom", "v": [{"t": "S", "f": "Op", "v": ["B", "list_head", [{"t": "S", "f": "V", "v": ["IL", "il_0"]}, {"t": "S", "f": "V", "v": ["I", "u_1"]}]]}]}]}, {"t": "E", "f": "EOr", "v": [{"t": "E", "f": "ENot", "v": [{"t": "E", "f": "EAtom", "v": [{"t": "S", "f": "Op", "v": ["B", "list_member", [{"t": "S", "f": "V", "v": ["IL", "il_0"]}, {"t": "S", "f": "V", "v": ["I", "u_0"]}]]}]}]}, {"t": "E", "f": "EIte", "v": [{"t": "E", "f": "EAtom", "v": [{"t": "S", "f": "Op", "v": ["B", "==", [{"t": "S", "f": "V", "v": ["I", "u_0"]}, {"t": "S", "f": "V", "v": ["I", "i_0"]}]]}]}, {"t": "E", "f": "EAnd", "v": [{"t": "E", "f": "EAtom", "v": [{"t": "S", "f": "Op", "v": ["B", "list_head", [{"t": "S", "f": "V", "v": ["IL", "il_0"]}, {"t": "S", "f": "V", "v": ["I", "i_0"]}]]}]}, {"t": "E", "f": "EAtom", "v": [{"t": "S", "f": "Op", "v": ["B", "list_order", [{"t": "S", "f": "V", "v": ["IL", "il_0"]}, {"t": "S", "f": "V", "v": ["I", "i_0"]}, {"t": "S", "f": "V", "v": ["I", "u_1"]}]]}]}]}, {"t": "E", "f": "ENot", "v": [{"t": "E", "f": "EAtom", "v": [{"t": "S", "f": "Op", "v": ["B", "list_head", [{"t": "S", "f": "V", "v": ["IL", "il_0"]}, {"t": "S", "f": "V", "v": ["I", "u_0"]}]]}]}]}]}]}]}]}]}, {"t": "E", "f": "EAnd", "v": [{"t": "E", "f": "ENot", "v": [{"t": "E", "f": "EAtom", "v": [{"t": "S", "f": "Op", "v": ["B", "==", [{"t": "S", "f": "V", "v": ["I", "u_1"]}, {"t": "S", "f": "V", "v": ["I", "i_0"]}]]}]}]}, {"t": "E", "f": "EAnd", "v": [{"t": "E", "f": "ENot", "v": [{"t": "E", "f": "EAtom", "v": [{"t": "S", "f": "Op", "v": ["B", "list_order", [{"t": "S", "f": "V", "v": ["IL", "il_0"]}, {"t": "S", "f": "V", "v": ["I", "u_1"]}, {"t": "S", "f": "V", "v": ["I", "u_0"]}]]}]}]}, {"t": "E", "f": "EOr", "v": [{"t": "E", "f": "ENot", "v": [{"t": "E", "f": "EAtom", "v": [{"t": "S", "f": "Op", "v": ["B", "==", [{"t": "S", "f": "V", "v": ["I", "u_0"]}, {"t": "S", "f": "V", "v": ["I", "i_0"]}]]}]}]}, {"t": "E", "f": "EAnd", "v": [{"t": "E", "f": "EAtom", "v": [{"t": "S", "f": "Op", "v": ["B", "list_member", [{"t": "S", "f": "V", "v": ["IL", "il_0"]}, {"t": "S", "f": "V", "v": ["I", "i_0"]}]]}]}, {"t": "E", "f": "EAnd", "v": [{"t": "E", "f": "EAtom", "v": [{"t": "S", "f": "Op", "v": ["B", "list_head", [{"t": "S", "f": "V", "v": ["IL", "il_0"]}, {"t": "S", "f": "V", "v": ["I", "i_0"]}]]}]}, {"t": "E", "f": "ENot", "v": [{"t": "E", "f": "EAtom", "v": [{"t": "S", "f": "Op", "v": ["B", "list_order", [{"t": "S", "f": "V", "v": ["IL", "il_0"]}, {"t": "S", "f": "V", "v": ["I", "i_0"]}, {"t": "S", "f": "V", "v": ["I", "u_1"]}]]}]}]}]}]}]}]}]}]}}}}, {"name": "Customstk.tail", "spec": {"treetp": "spec", "args": [{"t": "tpv", "tp": "IL", "n": "il_0"}, {"t": "tpv", "tp": "IL", "n": "il_1"}], "specbody": {"treetp": "ff", "qv": [{"t": "tpv", "tp": "I", "n": "u_0"}, {"t": "tpv", "tp": "I", "n": "u_1"}], "body": {"t": "E", "f": "EIte", "v": [{"t": "E", "f": "EAtom", "v": [{"t": "S", "f": "Op", "v": ["B", "list_member", [{"t": "S", "f": "V", "v": ["IL", "il_1"]}, {"t": "S", "f": "V", "v": ["I", "u_1"]}]]}]}, {"t": "E", "f": "EAnd", "v": [{"t": "E", "f": "EAtom", "v": [{"t": "S", "f": "Op", "v": ["B", "list_member", [{"t": "S", "f": "V", "v": ["IL", "il_0"]}, {"t": "S", "f": "V", "v": ["I", "u_1"]}]]}]}, {"t": "E", "f": "EIte", "v": [{"t": "E", "f": "EAtom", "v": [{"t": "S", "f": "Op", "v": ["B", "list_order", [{"t": "S", "f": "V", "v": ["IL", "il_0"]}, {"t": "S", "f": "V", "v": ["I", "u_1"]}, {"t": "S", "f": "V", "v": ["I", "u_0"]}]]}]}, {"t": "E", "f": "EOr", "v": [{"t": "E", "f": "ENot", "v": [{"t": "E", "f": "EAtom", "v": [{"t": "S", "f": "Op", "v": ["B", "list_order", [{"t": "S", "f": "V", "v": ["IL", "il_0"]}, {"t": "S", "f": "V", "v": ["I", "u_0"]}, {"t": "S", "f": "V", "v": ["I", "u_1"]}]]}]}]}, {"t": "E", "f": "EIte", "v": [{"t": "E", "f": "EAtom", "v": [{"t": "S", "f": "Op", "v": ["B", "list_order", [{"t": "S", "f": "V", "v": ["IL", "il_1"]}, {"t": "S", "f": "V", "v": ["I", "u_1"]}, {"t": "S", "f": "V", "v": ["I", "u_0"]}]]}]}, {"t": "E", "f": "EOr", "v": [{"t": "E", "f": "EAtom", "v": [{"t": "S", "f": "Op", "v": ["B", "list_head", [{"t": "S", "f": "V", "v": ["IL", "il_0"]}, {"t": "S", "f": "V", "v": ["I", "u_0"]}]]}]}, {"t": "E", "f": "EOr", "v": [{"t": "E", "f": "EAtom", "v": [{"t": "S", "f": "Op", "v": ["B", "list_head", [{"t": "S", "f": "V", "v": ["IL", "il_1"]}, {"t": "S", "f": "V", "v": ["I", "u_0"]}]]}]}, {"t": "E", "f": "EAnd", "v": [{"t": "E", "f": "EAtom", "v": [{"t": "S", "f": "Op", "v": ["B", "list_order", [{"t": "S", "f": "V", "v": ["IL", "il_1"]}, {"t": "S", "f": "V", "v": ["I", "u_0"]}, {"t": "S", "f": "V", "v": ["I", "u_1"]}]]}]}, {"t": "E", "f": "EOr", "v": [{"t": "E", "f": "EAtom", "v": [{"t": "S", "f": "Op", "v": ["B", "==", [{"t": "S", "f": "V", "v": ["I", "u_1"]}, {"t": "S", "f": "V", "v": ["I", "u_0"]}]]}]}, {"t": "E", "f": "EAtom", "v": [{"t": "S", "f": "Op", "v": ["B", "list_head", [{"t": "S", "f": "V", "v": ["IL", "il_1"]}, {"t": "S", "f": "V", "v": ["I", "u_1"]}]]}]}]}]}]}]}, {"t": "E", "f": "EAnd", "v": [{"t": "E", "f": "EAtom", "v": [{"t": "S", "f": "Op", "v": ["B", "list_head", [{"t": "S", "f": "V", "v": ["IL", "il_0"]}, {"t": "S", "f": "V", "v": ["I", "u_1"]}]]}]}, {"t": "E", "f": "EAtom", "v": [{"t": "S", "f": "Op", "v": ["B", "list_member", [{"t": "S", "f": "V", "v": ["IL", "il_1"]}, {"t": "S", "f": "V", "v": ["I", "u_0"]}]]}]}]}]}]}, {"t": "E", "f": "EAnd", "v": [{"t": "E", "f": "ENot", "v": [{"t": "E", "f": "EAtom", "v": [{"t": "S", "f": "Op", "v": ["B", "list_order", [{"t": "S", "f": "V", "v": ["IL", "il_1"]}, {"t": "S", "f": "V", "v": ["I", "u_1"]}, {"t": "S", "f": "V", "v": ["I", "u_0"]}]]}]}]}, {"t": "E", "f": "EOr", "v": [{"t": "E", "f": "EAtom", "v": [{"t": "S", "f": "Op", "v": ["B", "list_order", [{"t": "S", "f": "V", "v": ["IL", "il_1"]}, {"t": "S", "f": "V", "v": ["I", "u_0"]}, {"t": "S", "f": "V", "v": ["I", "u_1"]}]]}]}, {"t": "E", "f": "EIte", "v": [{"t": "E", "f": "EAtom", "v": [{"t": "S", "f": "Op", "v": ["B", "list_head", [{"t": "S", "f": "V", "v": ["IL", "il_0"]}, {"t": "S", "f": "V", "v": ["I", "u_1"]}]]}]}, {"t": "E", "f": "EAnd", "v": [{"t": "E", "f": "ENot", "v": [{"t": "E", "f": "EAtom", "v": [{"t": "S", "f": "Op", "v": ["B", "list_member", [{"t": "S", "f": "V", "v": ["IL", "il_0"]}, {"t": "S", "f": "V", "v": ["I", "u_0"]}]]}]}]}, {"t": "E", "f": "ENot", "v": [{"t": "E", "f": "EAtom", "v": [{"t": "S", "f": "Op", "v": ["B", "list_order", [{"t": "S", "f": "V", "v": ["IL", "il_0"]}, {"t": "S", "f": "V", "v": ["I", "u_0"]}, {"t": "S", "f": "V", "v": ["I", "u_1"]}]]}]}]}]}, {"t": "E", "f": "EOr", "v": [{"t": "E", "f": "ENot", "v": [{"t": "E", "f": "EAtom", "v": [{"t": "S", "f": "Op", "v": ["B", "list_member", [{"t": "S", "f": "V", "v": ["IL", "il_1"]}, {"t": "S", "f": "V", "v": ["I", "u_0"]}]]}]}]}, {"t": "E", "f": "EAtom", "v": [{"t": "S", "f": "Op", "v": ["B", "==", [{"t": "S", "f": "V", "v": ["I", "u_1"]}, {"t": "S", "f": "V", "v": ["I", "u_0"]}]]}]}]}]}]}]}]}]}, {"t": "E", "f": "EAnd", "v": [{"t": "E", "f": "ENot", "v": [{"t": "E", "f": "EAtom", "v": [{"t": "S", "f": "Op", "v": ["B", "list_order", [{"t": "S", "f": "V", "v": ["IL", "il_1"]}, {"t": "S", "f": "V", "v": ["I", "u_1"]}, {"t": "S", "f": "V", "v": ["I", "u_0"]}]]}]}]}, {"t": "E", "f": "EAnd", "v": [{"t": "E", "f": "ENot", "v": [{"t": "E", "f": "EAtom", "v": [{"t": "S", "f": "Op", "v": ["B", "list_order", [{"t": "S", "f": "V", "v": ["IL", "il_0"]}, {"t": "S", "f": "V", "v": ["I", "u_0"]}, {"t": "S", "f": "V", "v": ["I", "u_1"]}]]}]}]}, {"t": "E", "f": "EAnd", "v": [{"t": "E", "f": "ENot", "v": [{"t": "E", "f": "EAtom", "v": [{"t": "S", "f": "Op", "v": ["B", "list_head", [{"t": "S", "f": "V", "v": ["IL", "il_1"]}, {"t": "S", "f": "V", "v": ["I", "u_1"]}]]}]}]}, {"t": "E", "f": "EIte", "v": [{"t": "E", "f": "EAtom", "v": [{"t": "S", "f": "Op", "v": ["B", "list_member", [{"t": "S", "f": "V", "v": ["IL", "il_0"]}, {"t": "S", "f": "V", "v": ["I", "u_0"]}]]}]}, {"t": "E", "f": "EOr", "v": [{"t": "E", "f": "EAtom", "v": [{"t": "S", "f": "Op", "v": ["B", "list_head", [{"t": "S", "f": "V", "v": ["IL", "il_0"]}, {"t": "S", "f": "V", "v": ["I", "u_1"]}]]}]}, {"t": "E", "f": "EAnd", "v": [{"t": "E", "f": "ENot", "v": [{"t": "E", "f": "EAtom", "v": [{"t": "S", "f": "Op", "v": ["B", "==", [{"t": "S", "f": "V", "v": ["I", "u_1"]}, {"t": "S", "f": "V", "v": ["I", "u_0"]}]]}]}]}, {"t": "E", "f": "EAnd", "v": [{"t": "E", "f": "ENot", "v": [{"t": "E", "f": "EAtom", "v": [{"t": "S", "f": "Op", "v": ["B", "list_order", [{"t": "S", "f": "V", "v": ["IL", "il_0"]}, {"t": "S", "f": "V", "v": ["I", "u_1"]}, {"t": "S", "f": "V", "v": ["I", "u_0"]}]]}]}]}, {"t": "E", "f": "EOr", "v": [{"t": "E", "f": "EAtom", "v": [{"t": "S", "f": "Op", "v": ["B", "list_member", [{"t": "S", "f": "V", "v": ["IL", "il_1"]}, {"t": "S", "f": "V", "v": ["I", "u_0"]}]]}]}, {"t": "E", "f": "EAtom", "v": [{"t": "S", "f": "Op", "v": ["B", "list_head", [{"t": "S", "f": "V", "v": ["IL", "il_0"]}, {"t": "S", "f": "V", "v": ["I", "u_0"]}]]}]}]}]}]}]}, {"t": "E", "f": "EAnd", "v": [{"t": "E", "f": "ENot", "v": [{"t": "E", "f": "EAtom", "v": [{"t": "S", "f": "Op", "v": ["B", "list_head", [{"t": "S", "f": "V", "v": ["IL", "il_0"]}, {"t": "S", "f": "V", "v": ["I", "u_0"]}]]}]}]}, {"t": "E", "f": "EOr", "v": [{"t": "E", "f": "EAtom", "v": [{"t": "S", "f": "Op", "v": ["B", "==", [{"t": "S", "f": "V", "v": ["I", "u_1"]}, {"t": "S", "f": "V", "v": ["I", "u_0"]}]]}]}, {"t": "E", "f": "EAnd", "v": [{"t": "E", "f": "ENot", "v": [{"t": "E", "f": "EAtom", "v": [{"t": "S", "f": "Op", "v": ["B", "list_order", [{"t": "S", "f": "V", "v": ["IL", "il_0"]}, {"t": "S", "f": "V", "v": ["I", "u_1"]}, {"t": "S", "f": "V", "v": ["I", "u_0"]}]]}]}]}, {"t": "E", "f": "EIte", "v": [{"t": "E", "f": "EAtom", "v": [{"t": "S", "f": "Op", "v": ["B", "list_member", [{"t": "S", "f": "V", "v": ["IL", "il_0"]}, {"t": "S", "f": "V", "v": ["I", "u_1"]}]]}]}, {"t": "E", "f": "EAtom", "v": [{"t": "S", "f": "Op", "v": ["B", "list_head", [{"t": "S", "f": "V", "v": ["IL", "il_0"]}, {"t": "S", "f": "V", "v": ["I", "u_1"]}]]}]}, {"t": "E", "f": "ENot", "v": [{"t": "E", "f": "EAtom", "v": [{"t": "S", "f": "Op", "v": ["B", "list_head", [{"t": "S", "f": "V", "v": ["IL", "il_0"]}, {"t": "S", "f": "V", "v": ["I", "u_1"]}]]}]}]}]}]}]}]}]}]}]}]}]}}}}, {"name": "Customstk.push", "spec": {"treetp": "spec", "args": [{"t": "tpv", "tp": "I", "n": "i_0"}, {"t": "tpv", "tp": "IL", "n": "il_0"}, {"t": "tpv", "tp": "IL", "n": "il_1"}], "specbody": {"treetp": "ff", "qv": [{"t": "tpv", "tp": "I", "n": "u_0"}, {"t": "tpv", "tp": "I", "n": "u_1"}], "body": {"t": "E", "f": "EIte", "v": [{"t": "E", "f": "EAtom", "v": [{"t": "S", "f": "Op", "v": ["B", "list_member", [{"t": "S", "f": "V", "v": ["IL", "il_1"]}, {"t": "S", "f": "V", "v": ["I", "u_1"]}]]}]}, {"t": "E", "f": "EIte", "v": [{"t": "E", "f": "EAtom", "v": [{"t": "S", "f": "Op", "v": ["B", "list_order", [{"t": "S", "f": "V", "v": ["IL", "il_1"]}, {"t": "S", "f": "V", "v": ["I", "u_1"]}, {"t": "S", "f": "V", "v": ["I", "u_0"]}]]}]}, {"t": "E", "f": "EAnd", "v": [{"t": "E", "f": "EAtom", "v": [{"t": "S", "f": "Op", "v": ["B", "list_member", [{"t": "S", "f": "V", "v": ["IL", "il_1"]}, {"t": "S", "f": "V", "v": ["I", "u_0"]}]]}]}, {"t": "E", "f": "EAnd", "v": [{"t": "E", "f": "EAtom", "v": [{"t": "S", "f": "Op", "v": ["B", "list_member", [{"t": "S", "f": "V", "v": ["IL", "il_0"]}, {"t": "S", "f": "V", "v": ["I", "u_0"]}]]}]}, {"t": "E", "f": "EOr", "v": [{"t": "E", "f": "EAtom", "v": [{"t": "S", "f": "Op", "v": ["B", "list_head", [{"t": "S", "f": "V", "v": ["IL", "il_1"]}, {"t": "S", "f": "V", "v": ["I", "u_0"]}]]}]}, {"t": "E", "f": "EAnd", "v": [{"t": "E", "f": "ENot", "v": [{"t": "E", "f": "EAtom", "v": [{"t": "S", "f": "Op", "v": ["B", "==", [{"t": "S", "f": "V", "v": ["I", "u_0"]}, {"t": "S", "f": "V", "v": ["I", "i_0"]}]]}]}]}, {"t": "E", "f": "EIte", "v": [{"t": "E", "f": "EAtom", "v": [{"t": "S", "f": "Op", "v": ["B", "list_order", [{"t": "S", "f": "V", "v": ["IL", "il_1"]}, {"t": "S", "f": "V", "v": ["I", "u_0"]}, {"t": "S", "f": "V", "v": ["I", "u_1"]}]]}]}, {"t": "E", "f": "EOr", "v": [{"t": "E", "f": "EAtom", "v": [{"t": "S", "f": "Op", "v": ["B", "list_head", [{"t": "S", "f": "V", "v": ["IL", "il_1"]}, {"t": "S", "f": "V", "v": ["I", "u_1"]}]]}]}, {"t": "E", "f": "EAnd", "v": [{"t": "E", "f": "ENot", "v": [{"t": "E", "f": "EAtom", "v": [{"t": "S", "f": "Op", "v": ["B", "==", [{"t": "S", "f": "V", "v": ["I", "u_1"]}, {"t": "S", "f": "V", "v": ["I", "i_0"]}]]}]}]}, {"t": "E", "f": "EAnd", "v": [{"t": "E", "f": "EAtom", "v": [{"t": "S", "f": "Op", "v": ["B", "list_order", [{"t": "S", "f": "V", "v": ["IL", "il_0"]}, {"t": "S", "f": "V", "v": ["I", "u_1"]}, {"t": "S", "f": "V", "v": ["I", "u_0"]}]]}]}, {"t": "E", "f": "EOr", "v": [{"t": "E", "f": "ENot", "v": [{"t": "E", "f": "EAtom", "v": [{"t": "S", "f": "Op", "v": ["B", "list_head", [{"t": "S", "f": "V", "v": ["IL", "il_0"]}, {"t": "S", "f": "V", "v": ["I", "u_1"]}]]}]}]}, {"t": "E", "f": "EOr", "v": [{"t": "E", "f": "EAtom", "v": [{"t": "S", "f": "Op", "v": ["B", "==", [{"t": "S", "f": "V", "v": ["I", "u_1"]}, {"t": "S", "f": "V", "v": ["I", "u_0"]}]]}]}, {"t": "E", "f": "ENot", "v": [{"t": "E", "f": "EAtom", "v": [{"t": "S", "f": "Op", "v": ["B", "list_head", [{"t": "S", "f": "V", "v": ["IL", "il_0"]}, {"t": "S", "f": "V", "v": ["I", "u_0"]}]]}]}]}]}]}]}]}]}, {"t": "E", "f": "EIte", "v": [{"t": "E", "f": "EAtom", "v": [{"t": "S", "f": "Op", "v": ["B", "list_head", [{"t": "S", "f": "V", "v": ["IL", "il_0"]}, {"t": "S", "f": "V", "v": ["I", "u_0"]}]]}]}, {"t": "E", "f": "ENot", "v": [{"t": "E", "f": "EAtom", "v": [{"t": "S", "f": "Op", "v": ["B", "list_member", [{"t": "S", "f": "V", "v": ["IL", "il_0"]}, {"t": "S", "f": "V", "v": ["I", "u_1"]}]]}]}]}, {"t": "E", "f": "EOr", "v": [{"t": "E", "f": "ENot", "v": [{"t": "E", "f": "EAtom", "v": [{"t": "S", "f": "Op", "v": ["B", "==", [{"t": "S", "f": "V", "v": ["I", "u_1"]}, {"t": "S", "f": "V", "v": ["I", "i_0"]}]]}]}]}, {"t": "E", "f": "EOr", "v": [{"t": "E", "f": "EAtom", "v": [{"t": "S", "f": "Op", "v": ["B", "list_head", [{"t": "S", "f": "V", "v": ["IL", "il_0"]}, {"t": "S", "f": "V", "v": ["I", "i_0"]}]]}]}, {"t": "E", "f": "EAnd", "v": [{"t": "E", "f": "ENot", "v": [{"t": "E", "f": "EAtom", "v": [{"t": "S", "f": "Op", "v": ["B", "==", [{"t": "S", "f": "V", "v": ["I", "i_0"]}, {"t": "S", "f": "V", "v": ["I", "u_0"]}]]}]}]}, {"t": "E", "f": "EIte", "v": [{"t": "E", "f": "EAtom", "v": [{"t": "S", "f": "Op", "v": ["B", "list_member", [{"t": "S", "f": "V", "v": ["IL", "il_0"]}, {"t": "S", "f": "V", "v": ["I", "i_0"]}]]}]}, {"t": "E", "f": "EAtom", "v": [{"t": "S", "f": "Op", "v": ["B", "list_order", [{"t": "S", "f": "V", "v": ["IL", "il_0"]}, {"t": "S", "f": "V", "v": ["I", "i_0"]}, {"t": "S", "f": "V", "v": ["I", "u_0"]}]]}]}, {"t": "E", "f": "ENot", "v": [{"t": "E", "f": "EAtom", "v": [{"t": "S", "f": "Op", "v": ["B", "list_order", [{"t": "S", "f": "V", "v": ["IL", "il_0"]}, {"t": "S", "f": "V", "v": ["I", "i_0"]}, {"t": "S", "f": "V", "v": ["I", "u_0"]}]]}]}]}]}]}]}]}]}]}]}]}]}]}, {"t": "E", "f": "EAnd", "v": [{"t": "E", "f": "ENot", "v": [{"t": "E", "f": "EAtom", "v": [{"t": "S", "f": "Op", "v": ["B", "list_order", [{"t": "S", "f": "V", "v": ["IL", "il_0"]}, {"t": "S", "f": "V", "v": ["I", "u_1"]}, {"t": "S", "f": "V", "v": ["I", "u_0"]}]]}]}]}, {"t": "E", "f": "EIte", "v": [{"t": "E", "f": "EAtom", "v": [{"t": "S", "f": "Op", "v": ["B", "list_member", [{"t": "S", "f": "V", "v": ["IL", "il_0"]}, {"t": "S", "f": "V", "v": ["I", "u_1"]}]]}]}, {"t": "E", "f": "EIte", "v": [{"t": "E", "f": "EAtom", "v": [{"t": "S", "f": "Op", "v": ["B", "==", [{"t": "S", "f": "V", "v": ["I", "u_1"]}, {"t": "S", "f": "V", "v": ["I", "i_0"]}]]}]}, {"t": "E", "f": "EAnd", "v": [{"t": "E", "f": "ENot", "v": [{"t": "E", "f": "EAtom", "v": [{"t": "S", "f": "Op", "v": ["B", "list_member", [{"t": "S", "f": "V", "v": ["IL", "il_1"]}, {"t": "S", "f": "V", "v": ["I", "u_0"]}]]}]}]}, {"t": "E", "f": "EAnd", "v": [{"t": "E", "f": "EAtom", "v": [{"t": "S", "f": "Op", "v": ["B", "list_head", [{"t": "S", "f": "V", "v": ["IL", "il_1"]}, {"t": "S", "f": "V", "v": ["I", "i_0"]}]]}]}, {"t": "E", "f": "ENot", "v": [{"t": "E", "f": "EAtom", "v": [{"t": "S", "f": "Op", "v": ["B", "list_head", [{"t": "S", "f": "V", "v": ["IL", "il_0"]}, {"t": "S", "f": "V", "v": ["I", "u_0"]}]]}]}]}]}]}, {"t": "E", "f": "EAnd", "v": [{"t": "E", "f": "ENot", "v": [{"t": "E", "f": "EAtom", "v": [{"t": "S", "f": "Op", "v": ["B", "list_head", [{"t": "S", "f": "V", "v": ["IL", "il_1"]}, {"t": "S", "f": "V", "v": ["I", "u_1"]}]]}]}]}, {"t": "E", "f": "EOr", "v": [{"t": "E", "f": "EAtom", "v": [{"t": "S", "f": "Op", "v": ["B", "==", [{"t": "S", "f": "V", "v": ["I", "u_1"]}, {"t": "S", "f": "V", "v": ["I", "u_0"]}]]}]}, {"t": "E", "f": "EIte", "v": [{"t": "E", "f": "EAtom", "v": [{"t": "S", "f": "Op", "v": ["B", "list_order", [{"t": "S", "f": "V", "v": ["IL", "il_1"]}, {"t": "S", "f": "V", "v": ["I", "u_0"]}, {"t": "S", "f": "V", "v": ["I", "u_1"]}]]}]}, {"t": "E", "f": "EIte", "v": [{"t": "E", "f": "EAtom", "v": [{"t": "S", "f": "Op", "v": ["B", "list_head", [{"t": "S", "f": "V", "v": ["IL", "il_0"]}, {"t": "S", "f": "V", "v": ["I", "u_1"]}]]}]}, {"t": "E", "f": "ENot", "v": [{"t": "E", "f": "EAtom", "v": [{"t": "S", "f": "Op", "v": ["B", "list_member", [{"t": "S", "f": "V", "v": ["IL", "il_0"]}, {"t": "S", "f": "V", "v": ["I", "u_0"]}]]}]}]}, {"t": "E", "f": "EOr", "v": [{"t": "E", "f": "ENot", "v": [{"t": "E", "f": "EAtom", "v": [{"t": "S", "f": "Op", "v": ["B", "==", [{"t": "S", "f": "V", "v": ["I", "u_0"]}, {"t": "S", "f": "V", "v": ["I", "i_0"]}]]}]}]}, {"t": "E", "f": "EOr", "v": [{"t": "E", "f": "EAtom", "v": [{"t": "S", "f": "Op", "v": ["B", "list_head", [{"t": "S", "f": "V", "v": ["IL", "il_0"]}, {"t": "S", "f": "V", "v": ["I", "i_0"]}]]}]}, {"t": "E", "f": "EIte", "v": [{"t": "E", "f": "EAtom", "v": [{"t": "S", "f": "Op", "v": ["B", "list_member", [{"t": "S", "f": "V", "v": ["IL", "il_0"]}, {"t": "S", "f": "V", "v": ["I", "i_0"]}]]}]}, {"t": "E", "f": "EAtom", "v": [{"t": "S", "f": "Op", "v": ["B", "list_order", [{"t": "S", "f": "V", "v": ["IL", "il_0"]}, {"t": "S", "f": "V", "v": ["I", "i_0"]}, {"t": "S", "f": "V", "v": ["I", "u_1"]}]]}]}, {"t": "E", "f": "ENot", "v": [{"t": "E", "f": "EAtom", "v": [{"t": "S", "f": "Op", "v": ["B", "list_order", [{"t": "S", "f": "V", "v": ["IL", "il_0"]}, {"t": "S", "f": "V", "v": ["I", "i_0"]}, {"t": "S", "f": "V", "v": ["I", "u_1"]}]]}]}]}]}]}]}]}, {"t": "E", "f": "EAnd", "v": [{"t": "E", "f": "ENot", "v": [{"t": "E", "f": "EAtom", "v": [{"t": "S", "f": "Op", "v": ["B", "==", [{"t": "S", "f": "V", "v": ["I", "u_0"]}, {"t": "S", "f": "V", "v": ["I", "i_0"]}]]}]}]}, {"t": "E", "f": "EOr", "v": [{"t": "E", "f": "EAtom", "v": [{"t": "S", "f": "Op", "v": ["B", "list_head", [{"t": "S", "f": "V", "v": ["IL", "il_0"]}, {"t": "S", "f": "V", "v": ["I", "u_1"]}]]}]}, {"t": "E", "f": "EAnd", "v": [{"t": "E", "f": "ENot", "v": [{"t": "E", "f": "EAtom", "v": [{"t": "S", "f": "Op", "v": ["B", "list_member", [{"t": "S", "f": "V", "v": ["IL", "il_0"]}, {"t": "S", "f": "V", "v": ["I", "u_0"]}]]}]}]}, {"t": "E", "f": "ENot", "v": [{"t": "E", "f": "EAtom", "v": [{"t": "S", "f": "Op", "v": ["B", "list_order", [{"t": "S", "f": "V", "v": ["IL", "il_0"]}, {"t": "S", "f": "V", "v": ["I", "u_0"]}, {"t": "S", "f": "V", "v": ["I", "u_1"]}]]}]}]}]}]}]}]}]}]}]}, {"t": "E", "f": "EAnd", "v": [{"t": "E", "f": "EAtom", "v": [{"t": "S", "f": "Op", "v": ["B", "==", [{"t": "S", "f": "V", "v": ["I", "u_1"]}, {"t": "S", "f": "V", "v": ["I", "i_0"]}]]}]}, {"t": "E", "f": "EAnd", "v": [{"t": "E", "f": "ENot", "v": [{"t": "E", "f": "EAtom", "v": [{"t": "S", "f": "Op", "v": ["B", "list_member", [{"t": "S", "f": "V", "v": ["IL", "il_0"]}, {"t": "S", "f": "V", "v": ["I", "u_0"]}]]}]}]}, {"t": "E", "f": "EAnd", "v": [{"t": "E", "f": "EAtom", "v": [{"t": "S", "f": "Op", "v": ["B", "list_head", [{"t": "S", "f": "V", "v": ["IL", "il_1"]}, {"t": "S", "f": "V", "v": ["I", "i_0"]}]]}]}, {"t": "E", "f": "ENot", "v": [{"t": "E", "f": "EAtom", "v": [{"t": "S", "f": "Op", "v": ["B", "list_head", [{"t": "S", "f": "V", "v": ["IL", "il_0"]}, {"t": "S", "f": "V", "v": ["I", "i_0"]}]]}]}]}]}]}]}]}]}]}, {"t": "E", "f": "EAnd", "v": [{"t": "E", "f": "ENot", "v": [{"t": "E", "f": "EAtom", "v": [{"t": "S", "f": "Op", "v": ["B", "list_order", [{"t": "S", "f": "V", "v": ["IL", "il_0"]}, {"t": "S", "f": "V", "v": ["I", "u_1"]}, {"t": "S", "f": "V", "v": ["I", "u_0"]}]]}]}]}, {"t": "E", "f": "EAnd", "v": [{"t": "E", "f": "ENot", "v": [{"t": "E", "f": "EAtom", "v": [{"t": "S", "f": "Op", "v": ["B", "list_head", [{"t": "S", "f": "V", "v": ["IL", "il_1"]}, {"t": "S", "f": "V", "v": ["I", "u_1"]}]]}]}]}, {"t": "E", "f": "EAnd", "v": [{"t": "E", "f": "ENot", "v": [{"t": "E", "f": "EAtom", "v": [{"t": "S", "f": "Op", "v": ["B", "list_order", [{"t": "S", "f": "V", "v": ["IL", "il_0"]}, {"t": "S", "f": "V", "v": ["I", "u_0"]}, {"t": "S", "f": "V", "v": ["I", "u_1"]}]]}]}]}, {"t": "E", "f": "EAnd", "v": [{"t": "E", "f": "ENot", "v": [{"t": "E", "f": "EAtom", "v": [{"t": "S", "f": "Op", "v": ["B", "list_member", [{"t": "S", "f": "V", "v": ["IL", "il_0"]}, {"t": "S", "f": "V", "v": ["I", "u_1"]}]]}]}]}, {"t": "E", "f": "EAnd", "v": [{"t": "E", "f": "ENot", "v": [{"t": "E", "f": "EAtom", "v": [{"t": "S", "f": "Op", "v": ["B", "list_order", [{"t": "S", "f": "V", "v": ["IL", "il_1"]}, {"t": "S", "f": "V", "v": ["I", "u_1"]}, {"t": "S", "f": "V", "v": ["I", "u_0"]}]]}]}]}, {"t": "E", "f": "EAnd", "v": [{"t": "E", "f": "ENot", "v": [{"t": "E", "f": "EAtom", "v": [{"t": "S", "f": "Op", "v": ["B", "==", [{"t": "S", "f": "V", "v": ["I", "u_1"]}, {"t": "S", "f": "V", "v": ["I", "i_0"]}]]}]}]}, {"t": "E", "f": "EAnd", "v": [{"t": "E", "f": "ENot", "v": [{"t": "E", "f": "EAtom", "v": [{"t": "S", "f": "Op", "v": ["B", "list_head", [{"t": "S", "f": "V", "v": ["IL", "il_0"]}, {"t": "S", "f": "V", "v": ["I", "u_1"]}]]}]}]}, {"t": "E", "f": "EOr", "v": [{"t": "E", "f": "EAtom", "v": [{"t": "S", "f": "Op", "v": ["B", "==", [{"t": "S", "f": "V", "v": ["I", "u_1"]}, {"t": "S", "f": "V", "v": ["I", "u_0"]}]]}]}, {"t": "E", "f": "EIte", "v": [{"t": "E", "f": "EAtom", "v": [{"t": "S", "f": "Op", "v": ["B", "list_member", [{"t": "S", "f": "V", "v": ["IL", "il_0"]}, {"t": "S", "f": "V", "v": ["I", "u_0"]}]]}]}, {"t": "E", "f": "EOr", "v": [{"t": "E", "f": "EAtom", "v": [{"t": "S", "f": "Op", "v": ["B", "list_head", [{"t": "S", "f": "V", "v": ["IL", "il_1"]}, {"t": "S", "f": "V", "v": ["I", "u_0"]}]]}]}, {"t": "E", "f": "EAnd", "v": [{"t": "E", "f": "ENot", "v": [{"t": "E", "f": "EAtom", "v": [{"t": "S", "f": "Op", "v": ["B", "==", [{"t": "S", "f": "V", "v": ["I", "u_0"]}, {"t": "S", "f": "V", "v": ["I", "i_0"]}]]}]}]}, {"t": "E", "f": "EAtom", "v": [{"t": "S", "f": "Op", "v": ["B", "list_member", [{"t": "S", "f": "V", "v": ["IL", "il_1"]}, {"t": "S", "f": "V", "v": ["I", "u_0"]}]]}]}]}]}, {"t": "E", "f": "EIte", "v": [{"t": "E", "f": "EAtom", "v": [{"t": "S", "f": "Op", "v": ["B", "==", [{"t": "S", "f": "V", "v": ["I", "u_0"]}, {"t": "S", "f": "V", "v": ["I", "i_0"]}]]}]}, {"t": "E", "f": "EAnd", "v": [{"t": "E", "f": "EAtom", "v": [{"t": "S", "f": "Op", "v": ["B", "list_member", [{"t": "S", "f": "V", "v": ["IL", "il_1"]}, {"t": "S", "f": "V", "v": ["I", "i_0"]}]]}]}, {"t": "E", "f": "EAtom", "v": [{"t": "S", "f": "Op", "v": ["B", "list_head", [{"t": "S", "f": "V", "v": ["IL", "il_1"]}, {"t": "S", "f": "V", "v": ["I", "i_0"]}]]}]}]}, {"t": "E", "f": "EAnd", "v": [{"t": "E", "f": "ENot", "v": [{"t": "E", "f": "EAtom", "v": [{"t": "S", "f": "Op", "v": ["B", "list_member", [{"t": "S", "f": "V", "v": ["IL", "il_1"]}, {"t": "S", "f": "V", "v": ["I", "u_0"]}]]}]}]}, {"t": "E", "f": "ENot", "v": [{"t": "E", "f": "EAtom", "v": [{"t": "S", "f": "Op", "v": ["B", "list_head", [{"t": "S", "f": "V", "v": ["IL", "il_1"]}, {"t": "S", "f": "V", "v": ["I", "u_0"]}]]}]}]}]}]}]}]}]}]}]}]}]}]}]}]}}}}, {"name": "Customstk.is_empty", "spec": {"treetp": "spec", "args": [{"t": "tpv", "tp": "IL", "n": "il_0"}, {"t": "tpv", "tp": "B", "n": "b_0"}], "specbody": {"treetp": "ff", "qv": [{"t": "tpv", "tp": "I", "n": "u_0"}, {"t": "tpv", "tp": "I", "n": "u_1"}], "body": {"t": "E", "f": "EIte", "v": [{"t": "E", "f": "EAtom", "v": [{"t": "S", "f": "V", "v": ["B", "b_0"]}]}, {"t": "E", "f": "EAnd", "v": [{"t": "E", "f": "ENot", "v": [{"t": "E", "f": "EAtom", "v": [{"t": "S", "f": "Op", "v": ["B", "list_member", [{"t": "S", "f": "V", "v": ["IL", "il_0"]}, {"t": "S", "f": "V", "v": ["I", "u_1"]}]]}]}]}, {"t": "E", "f": "EAnd", "v": [{"t": "E", "f": "ENot", "v": [{"t": "E", "f": "EAtom", "v": [{"t": "S", "f": "Op", "v": ["B", "list_order", [{"t": "S", "f": "V", "v": ["IL", "il_0"]}, {"t": "S", "f": "V", "v": ["I", "u_1"]}, {"t": "S", "f": "V", "v": ["I", "u_0"]}]]}]}]}, {"t": "E", "f": "ENot", "v": [{"t": "E", "f": "EAtom", "v": [{"t": "S", "f": "Op", "v": ["B", "list_member", [{"t": "S", "f": "V", "v": ["IL", "il_0"]}, {"t": "S", "f": "V", "v": ["I", "u_0"]}]]}]}]}]}]}, {"t": "E", "f": "EIte", "v": [{"t": "E", "f": "EAtom", "v": [{"t": "S", "f": "Op", "v": ["B", "list_member", [{"t": "S", "f": "V", "v": ["IL", "il_0"]}, {"t": "S", "f": "V", "v": ["I", "u_1"]}]]}]}, {"t": "E", "f": "EOr", "v": [{"t": "E", "f": "EAtom", "v": [{"t": "S", "f": "Op", "v": ["B", "==", [{"t": "S", "f": "V", "v": ["I", "u_1"]}, {"t": "S", "f": "V", "v": ["I", "u_0"]}]]}]}, {"t": "E", "f": "EIte", "v": [{"t": "E", "f": "EAtom", "v": [{"t": "S", "f": "Op", "v": ["B", "list_head", [{"t": "S", "f": "V", "v": ["IL", "il_0"]}, {"t": "S", "f": "V", "v": ["I", "u_1"]}]]}]}, {"t": "E", "f": "EAnd", "v": [{"t": "E", "f": "ENot", "v": [{"t": "E", "f": "EAtom", "v": [{"t": "S", "f": "Op", "v": ["B", "list_head", [{"t": "S", "f": "V", "v": ["IL", "il_0"]}, {"t": "S", "f": "V", "v": ["I", "u_0"]}]]}]}]}, {"t": "E", "f": "EIte", "v": [{"t": "E", "f": "EAtom", "v": [{"t": "S", "f": "Op", "v": ["B", "list_member", [{"t": "S", "f": "V", "v": ["IL", "il_0"]}, {"t": "S", "f": "V", "v": ["I", "u_0"]}]]}]}, {"t": "E", "f": "EAtom", "v": [{"t": "S", "f": "Op", "v": ["B", "list_order", [{"t": "S", "f": "V", "v": ["IL", "il_0"]}, {"t": "S", "f": "V", "v": ["I", "u_1"]}, {"t": "S", "f": "V", "v": ["I", "u_0"]}]]}]}, {"t": "E", "f": "EAnd", "v": [{"t": "E", "f": "ENot", "v": [{"t": "E", "f": "EAtom", "v": [{"t": "S", "f": "Op", "v": ["B", "list_order", [{"t": "S", "f": "V", "v": ["IL", "il_0"]}, {"t": "S", "f": "V", "v": ["I", "u_1"]}, {"t": "S", "f": "V", "v": ["I", "u_0"]}]]}]}]}, {"t": "E", "f": "ENot", "v": [{"t": "E", "f": "EAtom", "v": [{"t": "S", "f": "Op", "v": ["B", "list_order", [{"t": "S", "f": "V", "v": ["IL", "il_0"]}, {"t": "S", "f": "V", "v": ["I", "u_0"]}, {"t": "S", "f": "V", "v": ["I", "u_1"]}]]}]}]}]}]}]}, {"t": "E", "f": "EOr", "v": [{"t": "E", "f": "EAtom", "v": [{"t": "S", "f": "Op", "v": ["B", "list_order", [{"t": "S", "f": "V", "v": ["IL", "il_0"]}, {"t": "S", "f": "V", "v": ["I", "u_0"]}, {"t": "S", "f": "V", "v": ["I", "u_1"]}]]}]}, {"t": "E", "f": "EOr", "v": [{"t": "E", "f": "ENot", "v": [{"t": "E", "f": "EAtom", "v": [{"t": "S", "f": "Op", "v": ["B", "list_member", [{"t": "S", "f": "V", "v": ["IL", "il_0"]}, {"t": "S", "f": "V", "v": ["I", "u_0"]}]]}]}]}, {"t": "E", "f": "EAnd", "v": [{"t": "E", "f": "ENot", "v": [{"t": "E", "f": "EAtom", "v": [{"t": "S", "f": "Op", "v": ["B", "list_head", [{"t": "S", "f": "V", "v": ["IL", "il_0"]}, {"t": "S", "f": "V", "v": ["I", "u_0"]}]]}]}]}, {"t": "E", "f": "EAtom", "v": [{"t": "S", "f": "Op", "v": ["B", "list_order", [{"t": "S", "f": "V", "v": ["IL", "il_0"]}, {"t": "S", "f": "V", "v": ["I", "u_1"]}, {"t": "S", "f": "V", "v": ["I", "u_0"]}]]}]}]}]}]}]}]}, {"t": "E", "f": "EAnd", "v": [{"t": "E", "f": "ENot", "v": [{"t": "E", "f": "EAtom", "v": [{"t": "S", "f": "Op", "v": ["B", "list_order", [{"t": "S", "f": "V", "v": ["IL", "il_0"]}, {"t": "S", "f": "V", "v": ["I", "u_1"]}, {"t": "S", "f": "V", "v": ["I", "u_0"]}]]}]}]}, {"t": "E", "f": "EAnd", "v": [{"t": "E", "f": "ENot", "v": [{"t": "E", "f": "EAtom", "v": [{"t": "S", "f": "Op", "v": ["B", "list_head", [{"t": "S", "f": "V", "v": ["IL", "il_0"]}, {"t": "S", "f": "V", "v": ["I", "u_1"]}]]}]}]}, {"t": "E", "f": "EOr", "v": [{"t": "E", "f": "ENot", "v": [{"t": "E", "f": "EAtom", "v": [{"t": "S", "f": "Op", "v": ["B", "list_head", [{"t": "S", "f": "V", "v": ["IL", "il_0"]}, {"t": "S", "f": "V", "v": ["I", "u_0"]}]]}]}]}, {"t": "E", "f": "EAnd", "v": [{"t": "E", "f": "EAtom", "v": [{"t": "S", "f": "Op", "v": ["B", "list_member", [{"t": "S", "f": "V", "v": ["IL", "il_0"]}, {"t": "S", "f": "V", "v": ["I", "u_0"]}]]}]}, {"t": "E", "f": "ENot", "v": [{"t": "E", "f": "EAtom", "v": [{"t": "S", "f": "Op", "v": ["B", "list_order", [{"t": "S", "f": "V", "v": ["IL", "il_0"]}, {"t": "S", "f": "V", "v": ["I", "u_0"]}, {"t": "S", "f": "V", "v": ["I", "u_1"]}]]}]}]}]}]}]}]}]}]}}}}]}