{"preds":["treei_member"],"spectable":[{"name":"t","spec":{"treetp":"spec","args":[{"t":"tpv","tp":"I","n":"i_0"},{"t":"tpv","tp":"I","n":"i_1"},{"t":"tpv","tp":"ITI","n":"iti_0"},{"t":"tpv","tp":"ITI","n":"iti_1"},{"t":"tpv","tp":"ITI","n":"iti_2"}],"specbody":{"treetp":"ff","qv":[{"t":"tpv","tp":"I","n":"u_0"},{"t":"tpv","tp":"I","n":"u_1"}],"body":{"t":"E","f":"EIte","v":[{"t":"E","f":"EAtom","v":[{"t":"S","f":"Op","v":["B","==",[{"t":"S","f":"V","v":["I","u_1"]},{"t":"S","f":"V","v":["I","i_0"]}]]}]},{"t":"E","f":"EIte","v":[{"t":"E","f":"EAtom","v":[{"t":"S","f":"Op","v":["B","==",[{"t":"S","f":"V","v":["I","u_1"]},{"t":"S","f":"V","v":["I","u_0"]}]]}]},{"t":"E","f":"EIte","v":[{"t":"E","f":"EAtom","v":[{"t":"S","f":"Op","v":["B","treei_member",[{"t":"S","f":"V","v":["ITI","iti_2"]},{"t":"S","f":"V","v":["I","u_1"]}]]}]},{"t":"E","f":"EIte","v":[{"t":"E","f":"EAtom","v":[{"t":"S","f":"Op","v":["B","==",[{"t":"S","f":"V","v":["I","u_1"]},{"t":"S","f":"V","v":["I","i_1"]}]]}]},{"t":"E","f":"ETrue","v":[]},{"t":"E","f":"EIte","v":[{"t":"E","f":"EAtom","v":[{"t":"S","f":"Op","v":["B","treei_member",[{"t":"S","f":"V","v":["ITI","iti_0"]},{"t":"S","f":"V","v":["I","u_1"]}]]}]},{"t":"E","f":"ETrue","v":[]},{"t":"E","f":"EIte","v":[{"t":"E","f":"EAtom","v":[{"t":"S","f":"Op","v":["B","treei_member",[{"t":"S","f":"V","v":["ITI","iti_1"]},{"t":"S","f":"V","v":["I","u_1"]}]]}]},{"t":"E","f":"ETrue","v":[]},{"t":"E","f":"ENot","v":[{"t":"E","f":"ETrue","v":[]}]}]}]}]},{"t":"E","f":"EIte","v":[{"t":"E","f":"EAtom","v":[{"t":"S","f":"Op","v":["B","==",[{"t":"S","f":"V","v":["I","u_1"]},{"t":"S","f":"V","v":["I","i_1"]}]]}]},{"t":"E","f":"ENot","v":[{"t":"E","f":"ETrue","v":[]}]},{"t":"E","f":"EIte","v":[{"t":"E","f":"EAtom","v":[{"t":"S","f":"Op","v":["B","treei_member",[{"t":"S","f":"V","v":["ITI","iti_0"]},{"t":"S","f":"V","v":["I","u_1"]}]]}]},{"t":"E","f":"ENot","v":[{"t":"E","f":"ETrue","v":[]}]},{"t":"E","f":"EIte","v":[{"t":"E","f":"EAtom","v":[{"t":"S","f":"Op","v":["B","treei_member",[{"t":"S","f":"V","v":["ITI","iti_1"]},{"t":"S","f":"V","v":["I","u_1"]}]]}]},{"t":"E","f":"ENot","v":[{"t":"E","f":"ETrue","v":[]}]},{"t":"E","f":"ETrue","v":[]}]}]}]}]},{"t":"E","f":"EIte","v":[{"t":"E","f":"EAtom","v":[{"t":"S","f":"Op","v":["B","treei_member",[{"t":"S","f":"V","v":["ITI","iti_1"]},{"t":"S","f":"V","v":["I","u_0"]}]]}]},{"t":"E","f":"EIte","v":[{"t":"E","f":"EAtom","v":[{"t":"S","f":"Op","v":["B","treei_member",[{"t":"S","f":"V","v":["ITI","iti_0"]},{"t":"S","f":"V","v":["I","u_0"]}]]}]},{"t":"E","f":"EIte","v":[{"t":"E","f":"EAtom","v":[{"t":"S","f":"Op","v":["B","==",[{"t":"S","f":"V","v":["I","u_1"]},{"t":"S","f":"V","v":["I","i_1"]}]]}]},{"t":"E","f":"EIte","v":[{"t":"E","f":"EAtom","v":[{"t":"S","f":"Op","v":["B","treei_member",[{"t":"S","f":"V","v":["ITI","iti_2"]},{"t":"S","f":"V","v":["I","u_0"]}]]}]},{"t":"E","f":"ETrue","v":[]},{"t":"E","f":"EIte","v":[{"t":"E","f":"EAtom","v":[{"t":"S","f":"Op","v":["B","treei_member",[{"t":"S","f":"V","v":["ITI","iti_2"]},{"t":"S","f":"V","v":["I","u_1"]}]]}]},{"t":"E","f":"ENot","v":[{"t":"E","f":"ETrue","v":[]}]},{"t":"E","f":"ETrue","v":[]}]}]},{"t":"E","f":"ETrue","v":[]}]},{"t":"E","f":"ETrue","v":[]}]},{"t":"E","f":"ETrue","v":[]}]}]},{"t":"E","f":"EIte","v":[{"t":"E","f":"EAtom","v":[{"t":"S","f":"Op","v":["B","==",[{"t":"S","f":"V","v":["I","u_0"]},{"t":"S","f":"V","v":["I","i_0"]}]]}]},{"t":"E","f":"ETrue","v":[]},{"t":"E","f":"EIte","v":[{"t":"E","f":"EAtom","v":[{"t":"S","f":"Op","v":["B","==",[{"t":"S","f":"V","v":["I","u_0"]},{"t":"S","f":"V","v":["I","i_1"]}]]}]},{"t":"E","f":"EIte","v":[{"t":"E","f":"EAtom","v":[{"t":"S","f":"Op","v":["B","treei_member",[{"t":"S","f":"V","v":["ITI","iti_2"]},{"t":"S","f":"V","v":["I","u_0"]}]]}]},{"t":"E","f":"ETrue","v":[]},{"t":"E","f":"EIte","v":[{"t":"E","f":"EAtom","v":[{"t":"S","f":"Op","v":["B","==",[{"t":"S","f":"V","v":["I","u_1"]},{"t":"S","f":"V","v":["I","u_0"]}]]}]},{"t":"E","f":"EIte","v":[{"t":"E","f":"EAtom","v":[{"t":"S","f":"Op","v":["B","treei_member",[{"t":"S","f":"V","v":["ITI","iti_0"]},{"t":"S","f":"V","v":["I","u_1"]}]]}]},{"t":"E","f":"EIte","v":[{"t":"E","f":"EAtom","v":[{"t":"S","f":"Op","v":["B","treei_member",[{"t":"S","f":"V","v":["ITI","iti_1"]},{"t":"S","f":"V","v":["I","u_1"]}]]}]},{"t":"E","f":"ENot","v":[{"t":"E","f":"ETrue","v":[]}]},{"t":"E","f":"ETrue","v":[]}]},{"t":"E","f":"ENot","v":[{"t":"E","f":"ETrue","v":[]}]}]},{"t":"E","f":"EIte","v":[{"t":"E","f":"EAtom","v":[{"t":"S","f":"Op","v":["B","treei_member",[{"t":"S","f":"V","v":["ITI","iti_0"]},{"t":"S","f":"V","v":["I","u_0"]}]]}]},{"t":"E","f":"EIte","v":[{"t":"E","f":"EAtom","v":[{"t":"S","f":"Op","v":["B","treei_member",[{"t":"S","f":"V","v":["ITI","iti_1"]},{"t":"S","f":"V","v":["I","u_0"]}]]}]},{"t":"E","f":"ETrue","v":[]},{"t":"E","f":"EIte","v":[{"t":"E","f":"EAtom","v":[{"t":"S","f":"Op","v":["B","treei_member",[{"t":"S","f":"V","v":["ITI","iti_2"]},{"t":"S","f":"V","v":["I","u_1"]}]]}]},{"t":"E","f":"EIte","v":[{"t":"E","f":"EAtom","v":[{"t":"S","f":"Op","v":["B","treei_member",[{"t":"S","f":"V","v":["ITI","iti_0"]},{"t":"S","f":"V","v":["I","u_1"]}]]}]},{"t":"E","f":"ENot","v":[{"t":"E","f":"ETrue","v":[]}]},{"t":"E","f":"EIte","v":[{"t":"E","f":"EAtom","v":[{"t":"S","f":"Op","v":["B","treei_member",[{"t":"S","f":"V","v":["ITI","iti_1"]},{"t":"S","f":"V","v":["I","u_1"]}]]}]},{"t":"E","f":"ENot","v":[{"t":"E","f":"ETrue","v":[]}]},{"t":"E","f":"ETrue","v":[]}]}]},{"t":"E","f":"EIte","v":[{"t":"E","f":"EAtom","v":[{"t":"S","f":"Op","v":["B","treei_member",[{"t":"S","f":"V","v":["ITI","iti_0"]},{"t":"S","f":"V","v":["I","u_1"]}]]}]},{"t":"E","f":"ETrue","v":[]},{"t":"E","f":"EIte","v":[{"t":"E","f":"EAtom","v":[{"t":"S","f":"Op","v":["B","treei_member",[{"t":"S","f":"V","v":["ITI","iti_1"]},{"t":"S","f":"V","v":["I","u_1"]}]]}]},{"t":"E","f":"ETrue","v":[]},{"t":"E","f":"ENot","v":[{"t":"E","f":"ETrue","v":[]}]}]}]}]}]},{"t":"E","f":"ETrue","v":[]}]}]}]},{"t":"E","f":"EIte","v":[{"t":"E","f":"EAtom","v":[{"t":"S","f":"Op","v":["B","==",[{"t":"S","f":"V","v":["I","u_1"]},{"t":"S","f":"V","v":["I","u_0"]}]]}]},{"t":"E","f":"EIte","v":[{"t":"E","f":"EAtom","v":[{"t":"S","f":"Op","v":["B","treei_member",[{"t":"S","f":"V","v":["ITI","iti_2"]},{"t":"S","f":"V","v":["I","u_1"]}]]}]},{"t":"E","f":"EIte","v":[{"t":"E","f":"EAtom","v":[{"t":"S","f":"Op","v":["B","treei_member",[{"t":"S","f":"V","v":["ITI","iti_1"]},{"t":"S","f":"V","v":["I","u_1"]}]]}]},{"t":"E","f":"ETrue","v":[]},{"t":"E","f":"EIte","v":[{"t":"E","f":"EAtom","v":[{"t":"S","f":"Op","v":["B","treei_member",[{"t":"S","f":"V","v":["ITI","iti_0"]},{"t":"S","f":"V","v":["I","u_1"]}]]}]},{"t":"E","f":"ETrue","v":[]},{"t":"E","f":"ENot","v":[{"t":"E","f":"ETrue","v":[]}]}]}]},{"t":"E","f":"EIte","v":[{"t":"E","f":"EAtom","v":[{"t":"S","f":"Op","v":["B","==",[{"t":"S","f":"V","v":["I","i_1"]},{"t":"S","f":"V","v":["I","i_0"]}]]}]},{"t":"E","f":"EIte","v":[{"t":"E","f":"EAtom","v":[{"t":"S","f":"Op","v":["B","==",[{"t":"S","f":"V","v":["I","u_1"]},{"t":"S","f":"V","v":["I","i_1"]}]]}]},{"t":"E","f":"ENot","v":[{"t":"E","f":"ETrue","v":[]}]},{"t":"E","f":"EIte","v":[{"t":"E","f":"EAtom","v":[{"t":"S","f":"Op","v":["B","treei_member",[{"t":"S","f":"V","v":["ITI","iti_0"]},{"t":"S","f":"V","v":["I","u_1"]}]]}]},{"t":"E","f":"EIte","v":[{"t":"E","f":"EAtom","v":[{"t":"S","f":"Op","v":["B","treei_member",[{"t":"S","f":"V","v":["ITI","iti_1"]},{"t":"S","f":"V","v":["I","u_1"]}]]}]},{"t":"E","f":"ETrue","v":[]},{"t":"E","f":"ENot","v":[{"t":"E","f":"ETrue","v":[]}]}]},{"t":"E","f":"EIte","v":[{"t":"E","f":"EAtom","v":[{"t":"S","f":"Op","v":["B","treei_member",[{"t":"S","f":"V","v":["ITI","iti_1"]},{"t":"S","f":"V","v":["I","u_1"]}]]}]},{"t":"E","f":"ENot","v":[{"t":"E","f":"ETrue","v":[]}]},{"t":"E","f":"ETrue","v":[]}]}]}]},{"t":"E","f":"EIte","v":[{"t":"E","f":"EAtom","v":[{"t":"S","f":"Op","v":["B","treei_member",[{"t":"S","f":"V","v":["ITI","iti_0"]},{"t":"S","f":"V","v":["I","u_1"]}]]}]},{"t":"E","f":"ENot","v":[{"t":"E","f":"ETrue","v":[]}]},{"t":"E","f":"EIte","v":[{"t":"E","f":"EAtom","v":[{"t":"S","f":"Op","v":["B","treei_member",[{"t":"S","f":"V","v":["ITI","iti_1"]},{"t":"S","f":"V","v":["I","u_1"]}]]}]},{"t":"E","f":"ENot","v":[{"t":"E","f":"ETrue","v":[]}]},{"t":"E","f":"ETrue","v":[]}]}]}]}]},{"t":"E","f":"ETrue","v":[]}]}]}]}]}}}},{"name":"maket","spec":{"treetp":"spec","args":[{"t":"tpv","tp":"I","n":"i_0"},{"t":"tpv","tp":"ITI","n":"iti_0"},{"t":"tpv","tp":"ITI","n":"iti_1"},{"t":"tpv","tp":"ITI","n":"iti_2"}],"specbody":{"treetp":"ff","qv":[{"t":"tpv","tp":"I","n":"u_0"},{"t":"tpv","tp":"I","n":"u_1"}],"body":{"t":"E","f":"EIte","v":[{"t":"E","f":"EAtom","v":[{"t":"S","f":"Op","v":["B","==",[{"t":"S","f":"V","v":["I","u_0"]},{"t":"S","f":"V","v":["I","i_0"]}]]}]},{"t":"E","f":"EIte","v":[{"t":"E","f":"EAtom","v":[{"t":"S","f":"Op","v":["B","==",[{"t":"S","f":"V","v":["I","u_1"]},{"t":"S","f":"V","v":["I","u_0"]}]]}]},{"t":"E","f":"EIte","v":[{"t":"E","f":"EAtom","v":[{"t":"S","f":"Op","v":["B","treei_member",[{"t":"S","f":"V","v":["ITI","iti_2"]},{"t":"S","f":"V","v":["I","u_1"]}]]}]},{"t":"E","f":"ETrue","v":[]},{"t":"E","f":"ENot","v":[{"t":"E","f":"ETrue","v":[]}]}]},{"t":"E","f":"ETrue","v":[]}]},{"t":"E","f":"EIte","v":[{"t":"E","f":"EAtom","v":[{"t":"S","f":"Op","v":["B","treei_member",[{"t":"S","f":"V","v":["ITI","iti_2"]},{"t":"S","f":"V","v":["I","u_0"]}]]}]},{"t":"E","f":"EIte","v":[{"t":"E","f":"EAtom","v":[{"t":"S","f":"Op","v":["B","treei_member",[{"t":"S","f":"V","v":["ITI","iti_0"]},{"t":"S","f":"V","v":["I","u_0"]}]]}]},{"t":"E","f":"ETrue","v":[]},{"t":"E","f":"EIte","v":[{"t":"E","f":"EAtom","v":[{"t":"S","f":"Op","v":["B","==",[{"t":"S","f":"V","v":["I","u_1"]},{"t":"S","f":"V","v":["I","u_0"]}]]}]},{"t":"E","f":"EIte","v":[{"t":"E","f":"EAtom","v":[{"t":"S","f":"Op","v":["B","treei_member",[{"t":"S","f":"V","v":["ITI","iti_1"]},{"t":"S","f":"V","v":["I","u_1"]}]]}]},{"t":"E","f":"ETrue","v":[]},{"t":"E","f":"ENot","v":[{"t":"E","f":"ETrue","v":[]}]}]},{"t":"E","f":"ETrue","v":[]}]}]},{"t":"E","f":"EIte","v":[{"t":"E","f":"EAtom","v":[{"t":"S","f":"Op","v":["B","treei_member",[{"t":"S","f":"V","v":["ITI","iti_1"]},{"t":"S","f":"V","v":["I","u_1"]}]]}]},{"t":"E","f":"EIte","v":[{"t":"E","f":"EAtom","v":[{"t":"S","f":"Op","v":["B","==",[{"t":"S","f":"V","v":["I","u_1"]},{"t":"S","f":"V","v":["I","u_0"]}]]}]},{"t":"E","f":"ENot","v":[{"t":"E","f":"ETrue","v":[]}]},{"t":"E","f":"EIte","v":[{"t":"E","f":"EAtom","v":[{"t":"S","f":"Op","v":["B","treei_member",[{"t":"S","f":"V","v":["ITI","iti_2"]},{"t":"S","f":"V","v":["I","u_1"]}]]}]},{"t":"E","f":"EIte","v":[{"t":"E","f":"EAtom","v":[{"t":"S","f":"Op","v":["B","treei_member",[{"t":"S","f":"V","v":["ITI","iti_1"]},{"t":"S","f":"V","v":["I","u_0"]}]]}]},{"t":"E","f":"ETrue","v":[]},{"t":"E","f":"EIte","v":[{"t":"E","f":"EAtom","v":[{"t":"S","f":"Op","v":["B","treei_member",[{"t":"S","f":"V","v":["ITI","iti_0"]},{"t":"S","f":"V","v":["I","u_0"]}]]}]},{"t":"E","f":"ENot","v":[{"t":"E","f":"ETrue","v":[]}]},{"t":"E","f":"ETrue","v":[]}]}]},{"t":"E","f":"ETrue","v":[]}]}]},{"t":"E","f":"ETrue","v":[]}]}]}]}}}},{"name":"e","spec":{"treetp":"spec","args":[{"t":"tpv","tp":"ITI","n":"iti_0"}],"specbody":{"treetp":"ff","qv":[{"t":"tpv","tp":"I","n":"u_0"},{"t":"tpv","tp":"I","n":"u_1"}],"body":{"t":"E","f":"EIte","v":[{"t":"E","f":"EAtom","v":[{"t":"S","f":"Op","v":["B","==",[{"t":"S","f":"V","v":["I","u_1"]},{"t":"S","f":"V","v":["I","u_0"]}]]}]},{"t":"E","f":"EIte","v":[{"t":"E","f":"EAtom","v":[{"t":"S","f":"Op","v":["B","treei_member",[{"t":"S","f":"V","v":["ITI","iti_0"]},{"t":"S","f":"V","v":["I","u_1"]}]]}]},{"t":"E","f":"ENot","v":[{"t":"E","f":"ETrue","v":[]}]},{"t":"E","f":"ETrue","v":[]}]},{"t":"E","f":"ETrue","v":[]}]}}}}]}