{"vc":{"preds":["treei_member"],"multi_pre":[{"pre_flow":{"t":"A","f":"AAnd","v":[{"t":"A","f":"ASpecApply","v":["t",[{"t":"S","f":"V","v":["I","rank1"]},{"t":"S","f":"V","v":["I","x"]},{"t":"S","f":"V","v":["ITI","a1"]},{"t":"S","f":"V","v":["ITI","b1"]},{"t":"S","f":"V","v":["ITI","tree1"]}]]},{"t":"A","f":"ASpecApply","v":["t",[{"t":"S","f":"V","v":["I","rank1"]},{"t":"S","f":"V","v":["I","y"]},{"t":"S","f":"V","v":["ITI","a2"]},{"t":"S","f":"V","v":["ITI","b2"]},{"t":"S","f":"V","v":["ITI","tree2"]}]]},{"t":"A","f":"ASpecApply","v":["le",[{"t":"S","f":"V","v":["I","x"]},{"t":"S","f":"V","v":["I","y"]},{"t":"S","f":"Lit","v":["B",{"t":"Lit","f":"Bool","v":false}]}]]},{"t":"A","f":"AImplies","v":[{"t":"A","f":"ASpecApply","v":["MergePre",[{"t":"S","f":"V","v":["ITI","tree1"]},{"t":"S","f":"V","v":["ITI","b2"]},{"t":"S","f":"V","v":["IT","tmp1"]}]]},{"t":"A","f":"ASpecApply","v":["MergePost",[{"t":"S","f":"V","v":["ITI","tree1"]},{"t":"S","f":"V","v":["ITI","b2"]},{"t":"S","f":"V","v":["IT","tmp1"]}]]}]},{"t":"A","f":"ASpecApply","v":["maket",[{"t":"S","f":"V","v":["I","y"]},{"t":"S","f":"V","v":["ITI","a2"]},{"t":"S","f":"V","v":["IT","tmp1"]},{"t":"S","f":"V","v":["ITI","tree3"]}]]}]},"applied_args_map":[{"name":"t","applied_args":[[{"t":"S","f":"V","v":["I","rank1"]},{"t":"S","f":"V","v":["I","y"]},{"t":"S","f":"V","v":["ITI","a2"]},{"t":"S","f":"V","v":["ITI","b2"]},{"t":"S","f":"V","v":["ITI","tree2"]}],[{"t":"S","f":"V","v":["I","rank1"]},{"t":"S","f":"V","v":["I","x"]},{"t":"S","f":"V","v":["ITI","a1"]},{"t":"S","f":"V","v":["ITI","b1"]},{"t":"S","f":"V","v":["ITI","tree1"]}]]},{"name":"maket","applied_args":[[{"t":"S","f":"V","v":["I","y"]},{"t":"S","f":"V","v":["ITI","a2"]},{"t":"S","f":"V","v":["IT","tmp1"]},{"t":"S","f":"V","v":["ITI","tree3"]}]]}]},{"pre_flow":{"t":"A","f":"AAnd","v":[{"t":"A","f":"ASpecApply","v":["t",[{"t":"S","f":"V","v":["I","rank1"]},{"t":"S","f":"V","v":["I","x"]},{"t":"S","f":"V","v":["ITI","a1"]},{"t":"S","f":"V","v":["ITI","b1"]},{"t":"S","f":"V","v":["ITI","tree1"]}]]},{"t":"A","f":"ASpecApply","v":["t",[{"t":"S","f":"V","v":["I","rank1"]},{"t":"S","f":"V","v":["I","y"]},{"t":"S","f":"V","v":["ITI","a2"]},{"t":"S","f":"V","v":["ITI","b2"]},{"t":"S","f":"V","v":["ITI","tree2"]}]]},{"t":"A","f":"ASpecApply","v":["le",[{"t":"S","f":"V","v":["I","x"]},{"t":"S","f":"V","v":["I","y"]},{"t":"S","f":"Lit","v":["B",{"t":"Lit","f":"Bool","v":true}]}]]},{"t":"A","f":"AImplies","v":[{"t":"A","f":"ASpecApply","v":["MergePre",[{"t":"S","f":"V","v":["ITI","b1"]},{"t":"S","f":"V","v":["ITI","tree2"]},{"t":"S","f":"V","v":["IT","tmp1"]}]]},{"t":"A","f":"ASpecApply","v":["MergePost",[{"t":"S","f":"V","v":["ITI","b1"]},{"t":"S","f":"V","v":["ITI","tree2"]},{"t":"S","f":"V","v":["IT","tmp1"]}]]}]},{"t":"A","f":"ASpecApply","v":["maket",[{"t":"S","f":"V","v":["I","x"]},{"t":"S","f":"V","v":["ITI","a1"]},{"t":"S","f":"V","v":["IT","tmp1"]},{"t":"S","f":"V","v":["ITI","tree3"]}]]}]},"applied_args_map":[{"name":"t","applied_args":[[{"t":"S","f":"V","v":["I","rank1"]},{"t":"S","f":"V","v":["I","y"]},{"t":"S","f":"V","v":["ITI","a2"]},{"t":"S","f":"V","v":["ITI","b2"]},{"t":"S","f":"V","v":["ITI","tree2"]}],[{"t":"S","f":"V","v":["I","rank1"]},{"t":"S","f":"V","v":["I","x"]},{"t":"S","f":"V","v":["ITI","a1"]},{"t":"S","f":"V","v":["ITI","b1"]},{"t":"S","f":"V","v":["ITI","tree1"]}]]},{"name":"maket","applied_args":[[{"t":"S","f":"V","v":["I","x"]},{"t":"S","f":"V","v":["ITI","a1"]},{"t":"S","f":"V","v":["IT","tmp1"]},{"t":"S","f":"V","v":["ITI","tree3"]}]]}]},{"pre_flow":{"t":"A","f":"AAnd","v":[{"t":"A","f":"ASpecApply","v":["e",[{"t":"S","f":"V","v":["IT","te"]}]]},{"t":"A","f":"ASpecApply","v":["equal",[{"t":"S","f":"V","v":["ITI","tree2"]},{"t":"S","f":"V","v":["ITI","te"]}]]},{"t":"A","f":"ASpecApply","v":["equal",[{"t":"S","f":"V","v":["ITI","tree3"]},{"t":"S","f":"V","v":["IT","tree1"]}]]}]},"applied_args_map":[{"name":"e","applied_args":[[{"t":"S","f":"V","v":["IT","te"]}]]}]},{"pre_flow":{"t":"A","f":"AAnd","v":[{"t":"A","f":"ASpecApply","v":["e",[{"t":"S","f":"V","v":["IT","te"]}]]},{"t":"A","f":"ASpecApply","v":["equal",[{"t":"S","f":"V","v":["ITI","tree1"]},{"t":"S","f":"V","v":["ITI","te"]}]]},{"t":"A","f":"ASpecApply","v":["equal",[{"t":"S","f":"V","v":["ITI","tree3"]},{"t":"S","f":"V","v":["IT","tree2"]}]]}]},"applied_args_map":[{"name":"e","applied_args":[[{"t":"S","f":"V","v":["IT","te"]}]]}]}],"post":{"t":"A","f":"AImplies","v":[{"t":"A","f":"ASpecApply","v":["MergePre",[{"t":"S","f":"V","v":["ITI","tree1"]},{"t":"S","f":"V","v":["ITI","tree2"]},{"t":"S","f":"V","v":["ITI","tree3"]}]]},{"t":"A","f":"ASpecApply","v":["MergePost",[{"t":"S","f":"V","v":["ITI","tree1"]},{"t":"S","f":"V","v":["ITI","tree2"]},{"t":"S","f":"V","v":["ITI","tree3"]}]]}]},"spectable":[{"name":"t","spec":{"treetp":"spec","args":[{"t":"tpv","tp":"I","n":"i_0"},{"t":"tpv","tp":"I","n":"i_1"},{"t":"tpv","tp":"ITI","n":"iti_0"},{"t":"tpv","tp":"ITI","n":"iti_1"},{"t":"tpv","tp":"ITI","n":"iti_2"}],"specbody":{"treetp":"ff","qv":[{"t":"tpv","tp":"I","n":"u_0"},{"t":"tpv","tp":"I","n":"u_1"}],"body":{"t":"E","f":"EOr","v":[{"t":"E","f":"EIte","v":[{"t":"E","f":"EAtom","v":[{"t":"S","f":"Op","v":["B","==",[{"t":"S","f":"V","v":["I","u_0"]},{"t":"S","f":"V","v":["I","i_1"]}]]}]},{"t":"E","f":"EAtom","v":[{"t":"S","f":"Op","v":["B","treei_member",[{"t":"S","f":"V","v":["ITI","iti_2"]},{"t":"S","f":"V","v":["I","i_1"]}]]}]},{"t":"E","f":"EIte","v":[{"t":"E","f":"EAtom","v":[{"t":"S","f":"Op","v":["B","treei_member",[{"t":"S","f":"V","v":["ITI","iti_0"]},{"t":"S","f":"V","v":["I","u_0"]}]]}]},{"t":"E","f":"EAtom","v":[{"t":"S","f":"Op","v":["B","treei_member",[{"t":"S","f":"V","v":["ITI","iti_2"]},{"t":"S","f":"V","v":["I","u_0"]}]]}]},{"t":"E","f":"EIte","v":[{"t":"E","f":"EAtom","v":[{"t":"S","f":"Op","v":["B","treei_member",[{"t":"S","f":"V","v":["ITI","iti_1"]},{"t":"S","f":"V","v":["I","u_0"]}]]}]},{"t":"E","f":"EAtom","v":[{"t":"S","f":"Op","v":["B","treei_member",[{"t":"S","f":"V","v":["ITI","iti_2"]},{"t":"S","f":"V","v":["I","u_0"]}]]}]},{"t":"E","f":"ENot","v":[{"t":"E","f":"EAtom","v":[{"t":"S","f":"Op","v":["B","treei_member",[{"t":"S","f":"V","v":["ITI","iti_2"]},{"t":"S","f":"V","v":["I","u_0"]}]]}]}]}]}]}]},{"t":"E","f":"EIte","v":[{"t":"E","f":"EAtom","v":[{"t":"S","f":"Op","v":["B","==",[{"t":"S","f":"V","v":["I","u_1"]},{"t":"S","f":"V","v":["I","u_0"]}]]}]},{"t":"E","f":"EIte","v":[{"t":"E","f":"EAtom","v":[{"t":"S","f":"Op","v":["B","treei_member",[{"t":"S","f":"V","v":["ITI","iti_2"]},{"t":"S","f":"V","v":["I","u_0"]}]]}]},{"t":"E","f":"EOr","v":[{"t":"E","f":"EAtom","v":[{"t":"S","f":"Op","v":["B","treei_member",[{"t":"S","f":"V","v":["ITI","iti_0"]},{"t":"S","f":"V","v":["I","u_0"]}]]}]},{"t":"E","f":"EOr","v":[{"t":"E","f":"EAtom","v":[{"t":"S","f":"Op","v":["B","treei_member",[{"t":"S","f":"V","v":["ITI","iti_1"]},{"t":"S","f":"V","v":["I","u_0"]}]]}]},{"t":"E","f":"EOr","v":[{"t":"E","f":"EAtom","v":[{"t":"S","f":"Op","v":["B","==",[{"t":"S","f":"V","v":["I","u_0"]},{"t":"S","f":"V","v":["I","i_1"]}]]}]},{"t":"E","f":"EAnd","v":[{"t":"E","f":"EAtom","v":[{"t":"S","f":"Op","v":["B","==",[{"t":"S","f":"V","v":["I","u_0"]},{"t":"S","f":"V","v":["I","i_0"]}]]}]},{"t":"E","f":"EOr","v":[{"t":"E","f":"ENot","v":[{"t":"E","f":"EAtom","v":[{"t":"S","f":"Op","v":["B","==",[{"t":"S","f":"V","v":["I","i_0"]},{"t":"S","f":"V","v":["I","i_0"]}]]}]}]},{"t":"E","f":"EAtom","v":[{"t":"S","f":"Op","v":["B","==",[{"t":"S","f":"V","v":["I","i_1"]},{"t":"S","f":"V","v":["I","i_0"]}]]}]}]}]}]}]}]},{"t":"E","f":"EIte","v":[{"t":"E","f":"EAtom","v":[{"t":"S","f":"Op","v":["B","treei_member",[{"t":"S","f":"V","v":["ITI","iti_1"]},{"t":"S","f":"V","v":["I","u_0"]}]]}]},{"t":"E","f":"EIte","v":[{"t":"E","f":"EAtom","v":[{"t":"S","f":"Op","v":["B","==",[{"t":"S","f":"V","v":["I","i_1"]},{"t":"S","f":"V","v":["I","i_0"]}]]}]},{"t":"E","f":"EIte","v":[{"t":"E","f":"EAtom","v":[{"t":"S","f":"Op","v":["B","==",[{"t":"S","f":"V","v":["I","u_0"]},{"t":"S","f":"V","v":["I","i_0"]}]]}]},{"t":"E","f":"ENot","v":[{"t":"E","f":"EAtom","v":[{"t":"S","f":"Op","v":["B","==",[{"t":"S","f":"V","v":["I","i_0"]},{"t":"S","f":"V","v":["I","i_0"]}]]}]}]},{"t":"E","f":"EAtom","v":[{"t":"S","f":"Op","v":["B","treei_member",[{"t":"S","f":"V","v":["ITI","iti_0"]},{"t":"S","f":"V","v":["I","u_0"]}]]}]}]},{"t":"E","f":"EIte","v":[{"t":"E","f":"EAtom","v":[{"t":"S","f":"Op","v":["B","==",[{"t":"S","f":"V","v":["I","u_0"]},{"t":"S","f":"V","v":["I","i_0"]}]]}]},{"t":"E","f":"EOr","v":[{"t":"E","f":"EAtom","v":[{"t":"S","f":"Op","v":["B","==",[{"t":"S","f":"V","v":["I","i_0"]},{"t":"S","f":"V","v":["I","i_1"]}]]}]},{"t":"E","f":"ENot","v":[{"t":"E","f":"EAtom","v":[{"t":"S","f":"Op","v":["B","==",[{"t":"S","f":"V","v":["I","i_0"]},{"t":"S","f":"V","v":["I","i_0"]}]]}]}]}]},{"t":"E","f":"EAnd","v":[{"t":"E","f":"EAtom","v":[{"t":"S","f":"Op","v":["B","==",[{"t":"S","f":"V","v":["I","u_0"]},{"t":"S","f":"V","v":["I","i_1"]}]]}]},{"t":"E","f":"ENot","v":[{"t":"E","f":"EAtom","v":[{"t":"S","f":"Op","v":["B","==",[{"t":"S","f":"V","v":["I","i_1"]},{"t":"S","f":"V","v":["I","i_1"]}]]}]}]}]}]}]},{"t":"E","f":"EIte","v":[{"t":"E","f":"EAtom","v":[{"t":"S","f":"Op","v":["B","==",[{"t":"S","f":"V","v":["I","u_0"]},{"t":"S","f":"V","v":["I","i_1"]}]]}]},{"t":"E","f":"EOr","v":[{"t":"E","f":"ENot","v":[{"t":"E","f":"EAtom","v":[{"t":"S","f":"Op","v":["B","==",[{"t":"S","f":"V","v":["I","i_1"]},{"t":"S","f":"V","v":["I","i_1"]}]]}]}]},{"t":"E","f":"EIte","v":[{"t":"E","f":"EAtom","v":[{"t":"S","f":"Op","v":["B","==",[{"t":"S","f":"V","v":["I","i_1"]},{"t":"S","f":"V","v":["I","i_0"]}]]}]},{"t":"E","f":"ENot","v":[{"t":"E","f":"EAtom","v":[{"t":"S","f":"Op","v":["B","==",[{"t":"S","f":"V","v":["I","i_0"]},{"t":"S","f":"V","v":["I","i_0"]}]]}]}]},{"t":"E","f":"EAtom","v":[{"t":"S","f":"Op","v":["B","treei_member",[{"t":"S","f":"V","v":["ITI","iti_0"]},{"t":"S","f":"V","v":["I","i_1"]}]]}]}]}]},{"t":"E","f":"EOr","v":[{"t":"E","f":"ENot","v":[{"t":"E","f":"EAtom","v":[{"t":"S","f":"Op","v":["B","treei_member",[{"t":"S","f":"V","v":["ITI","iti_0"]},{"t":"S","f":"V","v":["I","u_0"]}]]}]}]},{"t":"E","f":"EAnd","v":[{"t":"E","f":"EAtom","v":[{"t":"S","f":"Op","v":["B","==",[{"t":"S","f":"V","v":["I","u_0"]},{"t":"S","f":"V","v":["I","i_0"]}]]}]},{"t":"E","f":"EOr","v":[{"t":"E","f":"ENot","v":[{"t":"E","f":"EAtom","v":[{"t":"S","f":"Op","v":["B","==",[{"t":"S","f":"V","v":["I","i_0"]},{"t":"S","f":"V","v":["I","i_0"]}]]}]}]},{"t":"E","f":"EAtom","v":[{"t":"S","f":"Op","v":["B","==",[{"t":"S","f":"V","v":["I","i_1"]},{"t":"S","f":"V","v":["I","i_0"]}]]}]}]}]}]}]}]}]},{"t":"E","f":"EOr","v":[{"t":"E","f":"ENot","v":[{"t":"E","f":"EAtom","v":[{"t":"S","f":"Op","v":["B","treei_member",[{"t":"S","f":"V","v":["ITI","iti_0"]},{"t":"S","f":"V","v":["I","u_0"]}]]}]}]},{"t":"E","f":"EOr","v":[{"t":"E","f":"EAtom","v":[{"t":"S","f":"Op","v":["B","==",[{"t":"S","f":"V","v":["I","u_0"]},{"t":"S","f":"V","v":["I","i_0"]}]]}]},{"t":"E","f":"EOr","v":[{"t":"E","f":"EAtom","v":[{"t":"S","f":"Op","v":["B","treei_member",[{"t":"S","f":"V","v":["ITI","iti_2"]},{"t":"S","f":"V","v":["I","u_0"]}]]}]},{"t":"E","f":"EIte","v":[{"t":"E","f":"EAtom","v":[{"t":"S","f":"Op","v":["B","treei_member",[{"t":"S","f":"V","v":["ITI","iti_2"]},{"t":"S","f":"V","v":["I","u_1"]}]]}]},{"t":"E","f":"EIte","v":[{"t":"E","f":"EAtom","v":[{"t":"S","f":"Op","v":["B","==",[{"t":"S","f":"V","v":["I","u_1"]},{"t":"S","f":"V","v":["I","i_0"]}]]}]},{"t":"E","f":"EOr","v":[{"t":"E","f":"ENot","v":[{"t":"E","f":"EAtom","v":[{"t":"S","f":"Op","v":["B","==",[{"t":"S","f":"V","v":["I","i_1"]},{"t":"S","f":"V","v":["I","i_0"]}]]}]}]},{"t":"E","f":"EOr","v":[{"t":"E","f":"ENot","v":[{"t":"E","f":"EAtom","v":[{"t":"S","f":"Op","v":["B","treei_member",[{"t":"S","f":"V","v":["ITI","iti_1"]},{"t":"S","f":"V","v":["I","u_0"]}]]}]}]},{"t":"E","f":"ENot","v":[{"t":"E","f":"EAtom","v":[{"t":"S","f":"Op","v":["B","==",[{"t":"S","f":"V","v":["I","i_0"]},{"t":"S","f":"V","v":["I","i_0"]}]]}]}]}]}]},{"t":"E","f":"EOr","v":[{"t":"E","f":"ENot","v":[{"t":"E","f":"EAtom","v":[{"t":"S","f":"Op","v":["B","==",[{"t":"S","f":"V","v":["I","u_0"]},{"t":"S","f":"V","v":["I","i_1"]}]]}]}]},{"t":"E","f":"EOr","v":[{"t":"E","f":"EAtom","v":[{"t":"S","f":"Op","v":["B","==",[{"t":"S","f":"V","v":["I","i_1"]},{"t":"S","f":"V","v":["I","i_0"]}]]}]},{"t":"E","f":"EOr","v":[{"t":"E","f":"EAtom","v":[{"t":"S","f":"Op","v":["B","treei_member",[{"t":"S","f":"V","v":["ITI","iti_1"]},{"t":"S","f":"V","v":["I","i_1"]}]]}]},{"t":"E","f":"EOr","v":[{"t":"E","f":"EAtom","v":[{"t":"S","f":"Op","v":["B","==",[{"t":"S","f":"V","v":["I","u_1"]},{"t":"S","f":"V","v":["I","i_1"]}]]}]},{"t":"E","f":"EAnd","v":[{"t":"E","f":"ENot","v":[{"t":"E","f":"EAtom","v":[{"t":"S","f":"Op","v":["B","treei_member",[{"t":"S","f":"V","v":["ITI","iti_0"]},{"t":"S","f":"V","v":["I","u_1"]}]]}]}]},{"t":"E","f":"ENot","v":[{"t":"E","f":"EAtom","v":[{"t":"S","f":"Op","v":["B","treei_member",[{"t":"S","f":"V","v":["ITI","iti_1"]},{"t":"S","f":"V","v":["I","u_1"]}]]}]}]}]}]}]}]}]}]},{"t":"E","f":"EOr","v":[{"t":"E","f":"ENot","v":[{"t":"E","f":"EAtom","v":[{"t":"S","f":"Op","v":["B","==",[{"t":"S","f":"V","v":["I","u_0"]},{"t":"S","f":"V","v":["I","i_1"]}]]}]}]},{"t":"E","f":"EOr","v":[{"t":"E","f":"EAtom","v":[{"t":"S","f":"Op","v":["B","treei_member",[{"t":"S","f":"V","v":["ITI","iti_1"]},{"t":"S","f":"V","v":["I","u_1"]}]]}]},{"t":"E","f":"EOr","v":[{"t":"E","f":"EAtom","v":[{"t":"S","f":"Op","v":["B","==",[{"t":"S","f":"V","v":["I","i_1"]},{"t":"S","f":"V","v":["I","i_0"]}]]}]},{"t":"E","f":"EOr","v":[{"t":"E","f":"EAtom","v":[{"t":"S","f":"Op","v":["B","==",[{"t":"S","f":"V","v":["I","u_1"]},{"t":"S","f":"V","v":["I","i_1"]}]]}]},{"t":"E","f":"EOr","v":[{"t":"E","f":"EAtom","v":[{"t":"S","f":"Op","v":["B","==",[{"t":"S","f":"V","v":["I","u_1"]},{"t":"S","f":"V","v":["I","i_0"]}]]}]},{"t":"E","f":"EOr","v":[{"t":"E","f":"EAtom","v":[{"t":"S","f":"Op","v":["B","treei_member",[{"t":"S","f":"V","v":["ITI","iti_0"]},{"t":"S","f":"V","v":["I","u_1"]}]]}]},{"t":"E","f":"EAtom","v":[{"t":"S","f":"Op","v":["B","treei_member",[{"t":"S","f":"V","v":["ITI","iti_1"]},{"t":"S","f":"V","v":["I","i_1"]}]]}]}]}]}]}]}]}]}]}]}]}]}]}]}}}},{"name":"maket","spec":{"treetp":"spec","args":[{"t":"tpv","tp":"I","n":"i_0"},{"t":"tpv","tp":"ITI","n":"iti_0"},{"t":"tpv","tp":"ITI","n":"iti_1"},{"t":"tpv","tp":"ITI","n":"iti_2"}],"specbody":{"treetp":"ff","qv":[{"t":"tpv","tp":"I","n":"u_0"},{"t":"tpv","tp":"I","n":"u_1"}],"body":{"t":"E","f":"EOr","v":[{"t":"E","f":"EIte","v":[{"t":"E","f":"EAtom","v":[{"t":"S","f":"Op","v":["B","treei_member",[{"t":"S","f":"V","v":["ITI","iti_2"]},{"t":"S","f":"V","v":["I","u_0"]}]]}]},{"t":"E","f":"EOr","v":[{"t":"E","f":"EAtom","v":[{"t":"S","f":"Op","v":["B","==",[{"t":"S","f":"V","v":["I","u_0"]},{"t":"S","f":"V","v":["I","i_0"]}]]}]},{"t":"E","f":"EOr","v":[{"t":"E","f":"EAtom","v":[{"t":"S","f":"Op","v":["B","treei_member",[{"t":"S","f":"V","v":["ITI","iti_0"]},{"t":"S","f":"V","v":["I","u_0"]}]]}]},{"t":"E","f":"EAtom","v":[{"t":"S","f":"Op","v":["B","treei_member",[{"t":"S","f":"V","v":["ITI","iti_1"]},{"t":"S","f":"V","v":["I","u_0"]}]]}]}]}]},{"t":"E","f":"EAnd","v":[{"t":"E","f":"ENot","v":[{"t":"E","f":"EAtom","v":[{"t":"S","f":"Op","v":["B","treei_member",[{"t":"S","f":"V","v":["ITI","iti_0"]},{"t":"S","f":"V","v":["I","u_0"]}]]}]}]},{"t":"E","f":"EAnd","v":[{"t":"E","f":"ENot","v":[{"t":"E","f":"EAtom","v":[{"t":"S","f":"Op","v":["B","==",[{"t":"S","f":"V","v":["I","u_0"]},{"t":"S","f":"V","v":["I","i_0"]}]]}]}]},{"t":"E","f":"ENot","v":[{"t":"E","f":"EAtom","v":[{"t":"S","f":"Op","v":["B","treei_member",[{"t":"S","f":"V","v":["ITI","iti_1"]},{"t":"S","f":"V","v":["I","u_0"]}]]}]}]}]}]}]},{"t":"E","f":"EIte","v":[{"t":"E","f":"EAtom","v":[{"t":"S","f":"Op","v":["B","==",[{"t":"S","f":"V","v":["I","u_1"]},{"t":"S","f":"V","v":["I","u_0"]}]]}]},{"t":"E","f":"EIte","v":[{"t":"E","f":"EAtom","v":[{"t":"S","f":"Op","v":["B","treei_member",[{"t":"S","f":"V","v":["ITI","iti_2"]},{"t":"S","f":"V","v":["I","u_0"]}]]}]},{"t":"E","f":"EOr","v":[{"t":"E","f":"EAtom","v":[{"t":"S","f":"Op","v":["B","treei_member",[{"t":"S","f":"V","v":["ITI","iti_1"]},{"t":"S","f":"V","v":["I","u_0"]}]]}]},{"t":"E","f":"EOr","v":[{"t":"E","f":"EAtom","v":[{"t":"S","f":"Op","v":["B","==",[{"t":"S","f":"V","v":["I","u_0"]},{"t":"S","f":"V","v":["I","i_0"]}]]}]},{"t":"E","f":"EAtom","v":[{"t":"S","f":"Op","v":["B","treei_member",[{"t":"S","f":"V","v":["ITI","iti_0"]},{"t":"S","f":"V","v":["I","u_0"]}]]}]}]}]},{"t":"E","f":"EIte","v":[{"t":"E","f":"EAtom","v":[{"t":"S","f":"Op","v":["B","==",[{"t":"S","f":"V","v":["I","u_0"]},{"t":"S","f":"V","v":["I","i_0"]}]]}]},{"t":"E","f":"ENot","v":[{"t":"E","f":"EAtom","v":[{"t":"S","f":"Op","v":["B","==",[{"t":"S","f":"V","v":["I","i_0"]},{"t":"S","f":"V","v":["I","i_0"]}]]}]}]},{"t":"E","f":"ENot","v":[{"t":"E","f":"EAtom","v":[{"t":"S","f":"Op","v":["B","treei_member",[{"t":"S","f":"V","v":["ITI","iti_1"]},{"t":"S","f":"V","v":["I","u_0"]}]]}]}]}]}]},{"t":"E","f":"EOr","v":[{"t":"E","f":"ENot","v":[{"t":"E","f":"EAtom","v":[{"t":"S","f":"Op","v":["B","treei_member",[{"t":"S","f":"V","v":["ITI","iti_1"]},{"t":"S","f":"V","v":["I","u_1"]}]]}]}]},{"t":"E","f":"EOr","v":[{"t":"E","f":"ENot","v":[{"t":"E","f":"EAtom","v":[{"t":"S","f":"Op","v":["B","treei_member",[{"t":"S","f":"V","v":["ITI","iti_0"]},{"t":"S","f":"V","v":["I","u_0"]}]]}]}]},{"t":"E","f":"EOr","v":[{"t":"E","f":"EAtom","v":[{"t":"S","f":"Op","v":["B","treei_member",[{"t":"S","f":"V","v":["ITI","iti_1"]},{"t":"S","f":"V","v":["I","u_0"]}]]}]},{"t":"E","f":"EOr","v":[{"t":"E","f":"EAtom","v":[{"t":"S","f":"Op","v":["B","==",[{"t":"S","f":"V","v":["I","u_0"]},{"t":"S","f":"V","v":["I","i_0"]}]]}]},{"t":"E","f":"EOr","v":[{"t":"E","f":"ENot","v":[{"t":"E","f":"EAtom","v":[{"t":"S","f":"Op","v":["B","treei_member",[{"t":"S","f":"V","v":["ITI","iti_2"]},{"t":"S","f":"V","v":["I","u_1"]}]]}]}]},{"t":"E","f":"EAtom","v":[{"t":"S","f":"Op","v":["B","treei_member",[{"t":"S","f":"V","v":["ITI","iti_2"]},{"t":"S","f":"V","v":["I","u_0"]}]]}]}]}]}]}]}]}]}]}}}},{"name":"lt","spec":{"treetp":"spec","args":[{"t":"tpv","tp":"I","n":"x"},{"t":"tpv","tp":"I","n":"y"},{"t":"tpv","tp":"B","n":"bool0"}],"specbody":{"treetp":"ff","qv":[],"body":{"t":"E","f":"EAtom","v":[{"t":"S","f":"Op","v":["B","==",[{"t":"S","f":"Op","v":["B","<",[{"t":"S","f":"V","v":["I","x"]},{"t":"S","f":"V","v":["I","y"]}]]},{"t":"S","f":"V","v":["B","bool0"]}]]}]}}}},{"name":"le","spec":{"treetp":"spec","args":[{"t":"tpv","tp":"I","n":"x"},{"t":"tpv","tp":"I","n":"y"},{"t":"tpv","tp":"B","n":"bool0"}],"specbody":{"treetp":"ff","qv":[],"body":{"t":"E","f":"EAtom","v":[{"t":"S","f":"Op","v":["B","==",[{"t":"S","f":"Op","v":["B","<=",[{"t":"S","f":"V","v":["I","x"]},{"t":"S","f":"V","v":["I","y"]}]]},{"t":"S","f":"V","v":["B","bool0"]}]]}]}}}},{"name":"is_true","spec":{"treetp":"spec","args":[{"t":"tpv","tp":"B","n":"x"}],"specbody":{"treetp":"ff","qv":[],"body":{"t":"E","f":"EAtom","v":[{"t":"S","f":"Op","v":["B","==",[{"t":"S","f":"V","v":["I","x"]},{"t":"S","f":"Lit","v":["B",{"t":"Lit","f":"Bool","v":true}]}]]}]}}}},{"name":"is_false","spec":{"treetp":"spec","args":[{"t":"tpv","tp":"B","n":"x"}],"specbody":{"treetp":"ff","qv":[],"body":{"t":"E","f":"EAtom","v":[{"t":"S","f":"Op","v":["B","==",[{"t":"S","f":"V","v":["I","x"]},{"t":"S","f":"Lit","v":["B",{"t":"Lit","f":"Bool","v":false}]}]]}]}}}},{"name":"inteq","spec":{"treetp":"spec","args":[{"t":"tpv","tp":"I","n":"x"},{"t":"tpv","tp":"I","n":"y"},{"t":"tpv","tp":"B","n":"bool0"}],"specbody":{"treetp":"ff","qv":[],"body":{"t":"E","f":"EAtom","v":[{"t":"S","f":"Op","v":["B","==",[{"t":"S","f":"Op","v":["B","==",[{"t":"S","f":"V","v":["I","x"]},{"t":"S","f":"V","v":["I","y"]}]]},{"t":"S","f":"V","v":["B","bool0"]}]]}]}}}},{"name":"intadd","spec":{"treetp":"spec","args":[{"t":"tpv","tp":"I","n":"x"},{"t":"tpv","tp":"I","n":"y"},{"t":"tpv","tp":"I","n":"z"}],"specbody":{"treetp":"ff","qv":[],"body":{"t":"E","f":"EAtom","v":[{"t":"S","f":"Op","v":["B","==",[{"t":"S","f":"Op","v":["B","+",[{"t":"S","f":"V","v":["I","x"]},{"t":"S","f":"V","v":["I","y"]}]]},{"t":"S","f":"V","v":["I","z"]}]]}]}}}},{"name":"gt","spec":{"treetp":"spec","args":[{"t":"tpv","tp":"I","n":"x"},{"t":"tpv","tp":"I","n":"y"},{"t":"tpv","tp":"B","n":"bool0"}],"specbody":{"treetp":"ff","qv":[],"body":{"t":"E","f":"EAtom","v":[{"t":"S","f":"Op","v":["B","==",[{"t":"S","f":"Op","v":["B",">",[{"t":"S","f":"V","v":["I","x"]},{"t":"S","f":"V","v":["I","y"]}]]},{"t":"S","f":"V","v":["B","bool0"]}]]}]}}}},{"name":"equal","spec":{"treetp":"spec","args":[{"t":"tpv","tp":"I","n":"x"},{"t":"tpv","tp":"I","n":"y"}],"specbody":{"treetp":"ff","qv":[],"body":{"t":"E","f":"EAtom","v":[{"t":"S","f":"Op","v":["B","==",[{"t":"S","f":"V","v":["I","x"]},{"t":"S","f":"V","v":["I","y"]}]]}]}}}},{"name":"e","spec":{"treetp":"spec","args":[{"t":"tpv","tp":"ITI","n":"iti_0"}],"specbody":{"treetp":"ff","qv":[{"t":"tpv","tp":"I","n":"u_0"},{"t":"tpv","tp":"I","n":"u_1"}],"body":{"t":"E","f":"EOr","v":[{"t":"E","f":"ENot","v":[{"t":"E","f":"EAtom","v":[{"t":"S","f":"Op","v":["B","treei_member",[{"t":"S","f":"V","v":["ITI","iti_0"]},{"t":"S","f":"V","v":["I","u_0"]}]]}]}]},{"t":"E","f":"EOr","v":[{"t":"E","f":"ENot","v":[{"t":"E","f":"EAtom","v":[{"t":"S","f":"Op","v":["B","==",[{"t":"S","f":"V","v":["I","u_1"]},{"t":"S","f":"V","v":["I","u_0"]}]]}]}]},{"t":"E","f":"ENot","v":[{"t":"E","f":"EAtom","v":[{"t":"S","f":"Op","v":["B","treei_member",[{"t":"S","f":"V","v":["ITI","iti_0"]},{"t":"S","f":"V","v":["I","u_0"]}]]}]}]}]}]}}}},{"name":"Plus","spec":{"treetp":"spec","args":[{"t":"tpv","tp":"I","n":"x"},{"t":"tpv","tp":"I","n":"y"},{"t":"tpv","tp":"I","n":"z"}],"specbody":{"treetp":"ff","qv":[],"body":{"t":"E","f":"EAtom","v":[{"t":"S","f":"Op","v":["B","==",[{"t":"S","f":"Op","v":["I","+",[{"t":"S","f":"V","v":["I","x"]},{"t":"S","f":"V","v":["I","y"]}]]},{"t":"S","f":"V","v":["I","z"]}]]}]}}}},{"name":"MergePre","spec":{"treetp":"spec","args":[{"t":"tpv","tp":"ITI","n":"tree1"},{"t":"tpv","tp":"ITI","n":"tree2"},{"t":"tpv","tp":"ITI","n":"tree3"}],"specbody":{"treetp":"ff","qv":[],"body":{"t":"E","f":"ETrue","v":[]}}}},{"name":"MergePost","spec":{"treetp":"spec","args":[{"t":"tpv","tp":"ITI","n":"tree1"},{"t":"tpv","tp":"ITI","n":"tree2"},{"t":"tpv","tp":"ITI","n":"tree3"}],"specbody":{"treetp":"ff","qv":[{"t":"tpv","tp":"I","n":"u"}],"body":{"t":"E","f":"EAnd","v":[{"t":"E","f":"EIff","v":[{"t":"E","f":"EAtom","v":[{"t":"S","f":"Op","v":["B","treei_member",[{"t":"S","f":"V","v":["ITI","tree3"]},{"t":"S","f":"V","v":["I","u"]}]]}]},{"t":"E","f":"EOr","v":[{"t":"E","f":"EAtom","v":[{"t":"S","f":"Op","v":["B","treei_member",[{"t":"S","f":"V","v":["ITI","tree1"]},{"t":"S","f":"V","v":["I","u"]}]]}]},{"t":"E","f":"EAtom","v":[{"t":"S","f":"Op","v":["B","treei_member",[{"t":"S","f":"V","v":["ITI","tree2"]},{"t":"S","f":"V","v":["I","u"]}]]}]}]}]}]}}}},{"name":"Le","spec":{"treetp":"spec","args":[{"t":"tpv","tp":"I","n":"x"},{"t":"tpv","tp":"I","n":"y"}],"specbody":{"treetp":"ff","qv":[],"body":{"t":"E","f":"EAtom","v":[{"t":"S","f":"Op","v":["B","<=",[{"t":"S","f":"V","v":["I","x"]},{"t":"S","f":"V","v":["I","y"]}]]}]}}}}],"vars":[{"t":"tpv","tp":"I","n":"x"},{"t":"tpv","tp":"I","n":"y"}],"inputs":[{"t":"tpv","tp":"ITI","n":"tree1"},{"t":"tpv","tp":"ITI","n":"tree2"}],"outputs":[{"t":"tpv","tp":"ITI","n":"tree3"}]},"envs":[{"current":{"additional_dt":{"fd":"Node","a":0,"l":{"fd":"Node","a":1,"l":false,"r":true},"r":true},"additional_spec":{"treetp":"spec","args":[{"t":"tpv","tp":"ITI","n":"iti_0"}],"specbody":{"treetp":"ff","qv":[{"t":"tpv","tp":"I","n":"u_0"},{"t":"tpv","tp":"I","n":"u_1"}],"body":{"t":"E","f":"EOr","v":[{"t":"E","f":"ENot","v":[{"t":"E","f":"EAtom","v":[{"t":"S","f":"Op","v":["B","==",[{"t":"S","f":"V","v":["I","u_1"]},{"t":"S","f":"V","v":["I","u_0"]}]]}]}]},{"t":"E","f":"ENot","v":[{"t":"E","f":"EAtom","v":[{"t":"S","f":"Op","v":["B","treei_member",[{"t":"S","f":"V","v":["ITI","iti_0"]},{"t":"S","f":"V","v":["I","u_0"]}]]}]}]}]}}},"init_dt":{"fd":"Node","a":2,"l":false,"r":true},"init_spec":{"treetp":"spec","args":[{"t":"tpv","tp":"ITI","n":"iti_0"}],"specbody":{"treetp":"ff","qv":[{"t":"tpv","tp":"I","n":"u_0"},{"t":"tpv","tp":"I","n":"u_1"}],"body":{"t":"E","f":"ENot","v":[{"t":"E","f":"EAtom","v":[{"t":"S","f":"Op","v":["B","treei_member",[{"t":"S","f":"V","v":["ITI","iti_0"]},{"t":"S","f":"V","v":["I","u_0"]}]]}]}]}}}},"qv":[{"t":"tpv","tp":"I","n":"u_0"},{"t":"tpv","tp":"I","n":"u_1"}],"fset":[{"fd":"Base","pred":"==","a":"u_1","b":"u_0"},{"fd":"Pr","pred":"treei_member","args":["iti_0"],"args'":["u_1"]},{"fd":"Pr","pred":"treei_member","args":["iti_0"],"args'":["u_0"]}],"hole":{"name":"e","args":[{"t":"tpv","tp":"ITI","n":"iti_0"}]},"unknown_fv":[{"t":"tpv","tp":"B","n":"_fv!0"},{"t":"tpv","tp":"B","n":"_fv!1"},{"t":"tpv","tp":"B","n":"_fv!2"}],"fvtab":[{"v":"ttt","l":2},{"v":"fft","l":0},{"v":"fff","l":0},{"v":"tff","l":0},{"v":"ftf","l":0}],"if_maximal":true},{"current":{"additional_dt":{"fd":"Node","a":0,"l":{"fd":"Node","a":7,"l":{"fd":"Node","a":5,"l":true,"r":{"fd":"Node","a":8,"l":{"fd":"Node","a":1,"l":true,"r":{"fd":"Node","a":3,"l":true,"r":false}},"r":true}},"r":{"fd":"Node","a":1,"l":{"fd":"Node","a":2,"l":{"fd":"Node","a":3,"l":{"fd":"Node","a":4,"l":{"fd":"Node","a":5,"l":{"fd":"Node","a":6,"l":false,"r":true},"r":{"fd":"Node","a":6,"l":true,"r":false}},"r":true},"r":{"fd":"Node","a":4,"l":true,"r":{"fd":"Node","a":5,"l":{"fd":"Node","a":6,"l":false,"r":true},"r":{"fd":"Node","a":6,"l":true,"r":false}}}},"r":true},"r":{"fd":"Node","a":6,"l":{"fd":"Node","a":2,"l":true,"r":{"fd":"Node","a":5,"l":{"fd":"Node","a":3,"l":{"fd":"Node","a":4,"l":false,"r":true},"r":{"fd":"Node","a":4,"l":true,"r":false}},"r":true}},"r":true}}},"r":{"fd":"Node","a":5,"l":{"fd":"Node","a":4,"l":{"fd":"Node","a":6,"l":true,"r":{"fd":"Node","a":2,"l":true,"r":{"fd":"Node","a":7,"l":{"fd":"Node","a":8,"l":true,"r":false},"r":true}}},"r":true},"r":true}},"additional_spec":{"treetp":"spec","args":[{"t":"tpv","tp":"I","n":"i_0"},{"t":"tpv","tp":"ITI","n":"iti_0"},{"t":"tpv","tp":"ITI","n":"iti_1"},{"t":"tpv","tp":"ITI","n":"iti_2"}],"specbody":{"treetp":"ff","qv":[{"t":"tpv","tp":"I","n":"u_0"},{"t":"tpv","tp":"I","n":"u_1"}],"body":{"t":"E","f":"EIte","v":[{"t":"E","f":"EAtom","v":[{"t":"S","f":"Op","v":["B","==",[{"t":"S","f":"V","v":["I","u_1"]},{"t":"S","f":"V","v":["I","u_0"]}]]}]},{"t":"E","f":"EIte","v":[{"t":"E","f":"EAtom","v":[{"t":"S","f":"Op","v":["B","treei_member",[{"t":"S","f":"V","v":["ITI","iti_2"]},{"t":"S","f":"V","v":["I","u_0"]}]]}]},{"t":"E","f":"EOr","v":[{"t":"E","f":"EAtom","v":[{"t":"S","f":"Op","v":["B","treei_member",[{"t":"S","f":"V","v":["ITI","iti_1"]},{"t":"S","f":"V","v":["I","u_0"]}]]}]},{"t":"E","f":"EOr","v":[{"t":"E","f":"EAtom","v":[{"t":"S","f":"Op","v":["B","==",[{"t":"S","f":"V","v":["I","u_0"]},{"t":"S","f":"V","v":["I","i_0"]}]]}]},{"t":"E","f":"EAtom","v":[{"t":"S","f":"Op","v":["B","treei_member",[{"t":"S","f":"V","v":["ITI","iti_0"]},{"t":"S","f":"V","v":["I","u_0"]}]]}]}]}]},{"t":"E","f":"EIte","v":[{"t":"E","f":"EAtom","v":[{"t":"S","f":"Op","v":["B","==",[{"t":"S","f":"V","v":["I","u_0"]},{"t":"S","f":"V","v":["I","i_0"]}]]}]},{"t":"E","f":"ENot","v":[{"t":"E","f":"EAtom","v":[{"t":"S","f":"Op","v":["B","==",[{"t":"S","f":"V","v":["I","i_0"]},{"t":"S","f":"V","v":["I","i_0"]}]]}]}]},{"t":"E","f":"ENot","v":[{"t":"E","f":"EAtom","v":[{"t":"S","f":"Op","v":["B","treei_member",[{"t":"S","f":"V","v":["ITI","iti_1"]},{"t":"S","f":"V","v":["I","u_0"]}]]}]}]}]}]},{"t":"E","f":"EOr","v":[{"t":"E","f":"ENot","v":[{"t":"E","f":"EAtom","v":[{"t":"S","f":"Op","v":["B","treei_member",[{"t":"S","f":"V","v":["ITI","iti_1"]},{"t":"S","f":"V","v":["I","u_1"]}]]}]}]},{"t":"E","f":"EOr","v":[{"t":"E","f":"ENot","v":[{"t":"E","f":"EAtom","v":[{"t":"S","f":"Op","v":["B","treei_member",[{"t":"S","f":"V","v":["ITI","iti_0"]},{"t":"S","f":"V","v":["I","u_0"]}]]}]}]},{"t":"E","f":"EOr","v":[{"t":"E","f":"EAtom","v":[{"t":"S","f":"Op","v":["B","treei_member",[{"t":"S","f":"V","v":["ITI","iti_1"]},{"t":"S","f":"V","v":["I","u_0"]}]]}]},{"t":"E","f":"EOr","v":[{"t":"E","f":"EAtom","v":[{"t":"S","f":"Op","v":["B","==",[{"t":"S","f":"V","v":["I","u_0"]},{"t":"S","f":"V","v":["I","i_0"]}]]}]},{"t":"E","f":"EOr","v":[{"t":"E","f":"ENot","v":[{"t":"E","f":"EAtom","v":[{"t":"S","f":"Op","v":["B","treei_member",[{"t":"S","f":"V","v":["ITI","iti_2"]},{"t":"S","f":"V","v":["I","u_1"]}]]}]}]},{"t":"E","f":"EAtom","v":[{"t":"S","f":"Op","v":["B","treei_member",[{"t":"S","f":"V","v":["ITI","iti_2"]},{"t":"S","f":"V","v":["I","u_0"]}]]}]}]}]}]}]}]}]}}},"init_dt":{"fd":"Node","a":8,"l":{"fd":"Node","a":2,"l":true,"r":{"fd":"Node","a":4,"l":true,"r":{"fd":"Node","a":6,"l":true,"r":false}}},"r":{"fd":"Node","a":4,"l":false,"r":{"fd":"Node","a":2,"l":false,"r":{"fd":"Node","a":6,"l":false,"r":true}}}},"init_spec":{"treetp":"spec","args":[{"t":"tpv","tp":"I","n":"i_0"},{"t":"tpv","tp":"ITI","n":"iti_0"},{"t":"tpv","tp":"ITI","n":"iti_1"},{"t":"tpv","tp":"ITI","n":"iti_2"}],"specbody":{"treetp":"ff","qv":[{"t":"tpv","tp":"I","n":"u_0"},{"t":"tpv","tp":"I","n":"u_1"}],"body":{"t":"E","f":"EIte","v":[{"t":"E","f":"EAtom","v":[{"t":"S","f":"Op","v":["B","treei_member",[{"t":"S","f":"V","v":["ITI","iti_2"]},{"t":"S","f":"V","v":["I","u_0"]}]]}]},{"t":"E","f":"EOr","v":[{"t":"E","f":"EAtom","v":[{"t":"S","f":"Op","v":["B","==",[{"t":"S","f":"V","v":["I","u_0"]},{"t":"S","f":"V","v":["I","i_0"]}]]}]},{"t":"E","f":"EOr","v":[{"t":"E","f":"EAtom","v":[{"t":"S","f":"Op","v":["B","treei_member",[{"t":"S","f":"V","v":["ITI","iti_0"]},{"t":"S","f":"V","v":["I","u_0"]}]]}]},{"t":"E","f":"EAtom","v":[{"t":"S","f":"Op","v":["B","treei_member",[{"t":"S","f":"V","v":["ITI","iti_1"]},{"t":"S","f":"V","v":["I","u_0"]}]]}]}]}]},{"t":"E","f":"EAnd","v":[{"t":"E","f":"ENot","v":[{"t":"E","f":"EAtom","v":[{"t":"S","f":"Op","v":["B","treei_member",[{"t":"S","f":"V","v":["ITI","iti_0"]},{"t":"S","f":"V","v":["I","u_0"]}]]}]}]},{"t":"E","f":"EAnd","v":[{"t":"E","f":"ENot","v":[{"t":"E","f":"EAtom","v":[{"t":"S","f":"Op","v":["B","==",[{"t":"S","f":"V","v":["I","u_0"]},{"t":"S","f":"V","v":["I","i_0"]}]]}]}]},{"t":"E","f":"ENot","v":[{"t":"E","f":"EAtom","v":[{"t":"S","f":"Op","v":["B","treei_member",[{"t":"S","f":"V","v":["ITI","iti_1"]},{"t":"S","f":"V","v":["I","u_0"]}]]}]}]}]}]}]}}}},"qv":[{"t":"tpv","tp":"I","n":"u_0"},{"t":"tpv","tp":"I","n":"u_1"}],"fset":[{"fd":"Base","pred":"==","a":"u_1","b":"u_0"},{"fd":"Base","pred":"==","a":"u_1","b":"i_0"},{"fd":"Base","pred":"==","a":"u_0","b":"i_0"},{"fd":"Pr","pred":"treei_member","args":["iti_0"],"args'":["u_1"]},{"fd":"Pr","pred":"treei_member","args":["iti_0"],"args'":["u_0"]},{"fd":"Pr","pred":"treei_member","args":["iti_1"],"args'":["u_1"]},{"fd":"Pr","pred":"treei_member","args":["iti_1"],"args'":["u_0"]},{"fd":"Pr","pred":"treei_member","args":["iti_2"],"args'":["u_1"]},{"fd":"Pr","pred":"treei_member","args":["iti_2"],"args'":["u_0"]}],"hole":{"name":"maket","args":[{"t":"tpv","tp":"I","n":"i_0"},{"t":"tpv","tp":"ITI","n":"iti_0"},{"t":"tpv","tp":"ITI","n":"iti_1"},{"t":"tpv","tp":"ITI","n":"iti_2"}]},"unknown_fv":[{"t":"tpv","tp":"B","n":"_fv!0"},{"t":"tpv","tp":"B","n":"_fv!1"},{"t":"tpv","tp":"B","n":"_fv!2"},{"t":"tpv","tp":"B","n":"_fv!3"},{"t":"tpv","tp":"B","n":"_fv!4"},{"t":"tpv","tp":"B","n":"_fv!5"},{"t":"tpv","tp":"B","n":"_fv!6"},{"t":"tpv","tp":"B","n":"_fv!7"},{"t":"tpv","tp":"B","n":"_fv!8"}],"fvtab":[{"v":"tttffftff","l":0},{"v":"tttftffff","l":0},{"v":"fffttftft","l":0},{"v":"fftfffftf","l":0},{"v":"tfftttttf","l":0},{"v":"ffffttftf","l":2},{"v":"ftftfffff","l":0},{"v":"fffftffff","l":0},{"v":"ttffffftt","l":0},{"v":"tffffffft","l":0},{"v":"ffttfttff","l":0},{"v":"tffftffff","l":0},{"v":"fftffffff","l":0},{"v":"ttffttftf","l":0},{"v":"tftfffftf","l":0},{"v":"ffftfftft","l":0},{"v":"ttfttttff","l":0},{"v":"fffttfftf","l":0},{"v":"ttttfttff","l":0},{"v":"tttttffff","l":2},{"v":"tfffffttf","l":0},{"v":"ffftttfff","l":0},{"v":"fftfftfff","l":0},{"v":"tfffftfft","l":0},{"v":"fffftfttf","l":0},{"v":"ftffttftf","l":2},{"v":"fffffffff","l":0},{"v":"tttttftff","l":0},{"v":"tftffttff","l":0},{"v":"ffttftfff","l":0},{"v":"ffffffftt","l":0},{"v":"ftttffftf","l":0},{"v":"fttffttff","l":0},{"v":"fttttfftf","l":0},{"v":"fftfftftt","l":0},{"v":"ffftttftf","l":2},{"v":"fftttfftf","l":0},{"v":"ffttftftt","l":0},{"v":"ftfffffff","l":0},{"v":"ffffftftf","l":0},{"v":"fffttttff","l":0},{"v":"ttfffttff","l":0},{"v":"ffffftftt","l":0},{"v":"fftffftft","l":0},{"v":"ffttttttf","l":0},{"v":"tfftttfff","l":0},{"v":"ffftftfft","l":0},{"v":"fttffftff","l":0},{"v":"fftffffft","l":0},{"v":"tffffffff","l":0},{"v":"tfffftftt","l":0},{"v":"tffttfftt","l":0},{"v":"ffftttttf","l":0},{"v":"ffttftttf","l":0},{"v":"ftfttttft","l":0},{"v":"fftffftff","l":0},{"v":"tffttffff","l":0},{"v":"fftftttff","l":0},{"v":"fftttffff","l":0},{"v":"tttffttff","l":2},{"v":"tfftfttff","l":0},{"v":"ttftfttff","l":0},{"v":"ffftftftf","l":0},{"v":"ttttfffff","l":0},{"v":"ftffffttt","l":0},{"v":"fftfffttf","l":0},{"v":"fttftfftf","l":0},{"v":"fftftftff","l":0},{"v":"ffffffttf","l":0},{"v":"fffttffff","l":0},{"v":"fftfttttf","l":0},{"v":"fffffffft","l":0},{"v":"tfffttftf","l":0},{"v":"ftftttttf","l":0},{"v":"fttfttftf","l":0},{"v":"ttftfftff","l":0},{"v":"fftftffff","l":0},{"v":"fffftfftf","l":0},{"v":"ftfttftft","l":0},{"v":"ffffftfft","l":0},{"v":"ftffffftf","l":0},{"v":"tffffttff","l":2},{"v":"ftftttttt","l":0},{"v":"ftfftffff","l":0},{"v":"ftftfftft","l":0},{"v":"tttftttff","l":0},{"v":"ffttfffft","l":0},{"v":"tffftttff","l":0},{"v":"ftffftfft","l":0},{"v":"tfffffftt","l":2},{"v":"tttttttff","l":2},{"v":"fffffftff","l":0},{"v":"fftttttft","l":0},{"v":"ftfftfftf","l":0},{"v":"ffftttttt","l":0},{"v":"ftftftttf","l":0},{"v":"ftffttttf","l":0},{"v":"ttfffffft","l":0},{"v":"fffffftft","l":0},{"v":"tttfffftt","l":0},{"v":"tttfffttf","l":0},{"v":"ftffftftf","l":0},{"v":"tttfftfff","l":0},{"v":"tfftttttt","l":0},{"v":"ffftfffff","l":0},{"v":"tfffftttt","l":0},{"v":"tttfftttt","l":0},{"v":"ttffttfff","l":0},{"v":"fffftffft","l":0},{"v":"fffttttft","l":0},{"v":"ffftffttt","l":0},{"v":"ttttttttt","l":0},{"v":"tttfftttf","l":0},{"v":"ffffttftt","l":0},{"v":"tttffffff","l":2},{"v":"fffftftft","l":0},{"v":"ffffftfff","l":0},{"v":"tffttttff","l":2},{"v":"fffffttff","l":0},{"v":"tffffftff","l":0},{"v":"tfftffftt","l":0},{"v":"ffftfftff","l":0},{"v":"ftffttfff","l":0},{"v":"tftttffff","l":0},{"v":"tftffffff","l":0},{"v":"ffttfftft","l":0},{"v":"fftfttftf","l":0},{"v":"tftfftfff","l":0},{"v":"ftftttftf","l":2},{"v":"fftffttff","l":0},{"v":"ftfffftff","l":0},{"v":"ftffftfff","l":0},{"v":"fttttftff","l":0},{"v":"ffftffftf","l":0},{"v":"ffffffftf","l":0},{"v":"ftfftfttt","l":0},{"v":"ttttttfff","l":0},{"v":"ffttttttt","l":0},{"v":"ftfffffft","l":0},{"v":"ftfttffft","l":0},{"v":"tffftfftf","l":0},{"v":"ffttttftf","l":0}],"if_maximal":true},{"current":{"additional_dt":{"fd":"Node","a":0,"l":{"fd":"Node","a":10,"l":{"fd":"Node","a":7,"l":true,"r":{"fd":"Node","a":9,"l":true,"r":{"fd":"Node","a":1,"l":true,"r":{"fd":"Node","a":3,"l":true,"r":{"fd":"Node","a":6,"l":true,"r":{"fd":"Node","a":8,"l":true,"r":{"fd":"Node","a":2,"l":{"fd":"Node","a":4,"l":{"fd":"Node","a":5,"l":true,"r":false},"r":true},"r":{"fd":"Node","a":4,"l":true,"r":false}}}}}}}},"r":{"fd":"Node","a":11,"l":true,"r":{"fd":"Node","a":8,"l":{"fd":"Node","a":9,"l":{"fd":"Node","a":5,"l":{"fd":"Node","a":2,"l":{"fd":"Node","a":1,"l":{"fd":"Node","a":3,"l":{"fd":"Node","a":4,"l":{"fd":"Node","a":6,"l":{"fd":"Node","a":7,"l":false,"r":true},"r":{"fd":"Node","a":7,"l":true,"r":false}},"r":true},"r":true},"r":true},"r":{"fd":"Node","a":1,"l":true,"r":{"fd":"Node","a":6,"l":true,"r":{"fd":"Node","a":3,"l":true,"r":{"fd":"Node","a":4,"l":true,"r":{"fd":"Node","a":7,"l":true,"r":false}}}}}},"r":{"fd":"Node","a":2,"l":{"fd":"Node","a":3,"l":true,"r":{"fd":"Node","a":4,"l":{"fd":"Node","a":1,"l":true,"r":{"fd":"Node","a":6,"l":{"fd":"Node","a":7,"l":false,"r":true},"r":{"fd":"Node","a":7,"l":true,"r":false}}},"r":true}},"r":{"fd":"Node","a":4,"l":true,"r":{"fd":"Node","a":1,"l":{"fd":"Node","a":3,"l":{"fd":"Node","a":6,"l":{"fd":"Node","a":7,"l":false,"r":true},"r":{"fd":"Node","a":7,"l":true,"r":false}},"r":true},"r":{"fd":"Node","a":3,"l":true,"r":{"fd":"Node","a":6,"l":{"fd":"Node","a":7,"l":false,"r":true},"r":{"fd":"Node","a":7,"l":true,"r":false}}}}}}},"r":true},"r":{"fd":"Node","a":9,"l":true,"r":{"fd":"Node","a":3,"l":{"fd":"Node","a":1,"l":{"fd":"Node","a":2,"l":{"fd":"Node","a":4,"l":{"fd":"Node","a":5,"l":{"fd":"Node","a":6,"l":{"fd":"Node","a":7,"l":false,"r":true},"r":{"fd":"Node","a":7,"l":true,"r":false}},"r":true},"r":true},"r":{"fd":"Node","a":6,"l":true,"r":{"fd":"Node","a":4,"l":true,"r":{"fd":"Node","a":5,"l":true,"r":{"fd":"Node","a":7,"l":true,"r":false}}}}},"r":true},"r":{"fd":"Node","a":6,"l":{"fd":"Node","a":1,"l":true,"r":{"fd":"Node","a":4,"l":{"fd":"Node","a":2,"l":{"fd":"Node","a":5,"l":true,"r":false},"r":true},"r":{"fd":"Node","a":2,"l":true,"r":false}}},"r":true}}}}}},"r":{"fd":"Node","a":7,"l":{"fd":"Node","a":4,"l":true,"r":{"fd":"Node","a":11,"l":true,"r":{"fd":"Node","a":10,"l":{"fd":"Node","a":2,"l":{"fd":"Node","a":5,"l":{"fd":"Node","a":9,"l":{"fd":"Node","a":1,"l":{"fd":"Node","a":3,"l":true,"r":false},"r":true},"r":true},"r":true},"r":{"fd":"Node","a":3,"l":{"fd":"Node","a":5,"l":true,"r":{"fd":"Node","a":9,"l":true,"r":{"fd":"Node","a":1,"l":true,"r":{"fd":"Node","a":6,"l":false,"r":{"fd":"Node","a":8,"l":false,"r":true}}}}},"r":true}},"r":{"fd":"Node","a":3,"l":{"fd":"Node","a":8,"l":true,"r":{"fd":"Node","a":5,"l":true,"r":{"fd":"Node","a":1,"l":true,"r":{"fd":"Node","a":2,"l":true,"r":{"fd":"Node","a":6,"l":true,"r":{"fd":"Node","a":9,"l":true,"r":false}}}}}},"r":true}}}},"r":true}},"additional_spec":{"treetp":"spec","args":[{"t":"tpv","tp":"I","n":"i_0"},{"t":"tpv","tp":"I","n":"i_1"},{"t":"tpv","tp":"ITI","n":"iti_0"},{"t":"tpv","tp":"ITI","n":"iti_1"},{"t":"tpv","tp":"ITI","n":"iti_2"}],"specbody":{"treetp":"ff","qv":[{"t":"tpv","tp":"I","n":"u_0"},{"t":"tpv","tp":"I","n":"u_1"}],"body":{"t":"E","f":"EIte","v":[{"t":"E","f":"EAtom","v":[{"t":"S","f":"Op","v":["B","==",[{"t":"S","f":"V","v":["I","u_1"]},{"t":"S","f":"V","v":["I","u_0"]}]]}]},{"t":"E","f":"EIte","v":[{"t":"E","f":"EAtom","v":[{"t":"S","f":"Op","v":["B","treei_member",[{"t":"S","f":"V","v":["ITI","iti_2"]},{"t":"S","f":"V","v":["I","u_0"]}]]}]},{"t":"E","f":"EOr","v":[{"t":"E","f":"EAtom","v":[{"t":"S","f":"Op","v":["B","treei_member",[{"t":"S","f":"V","v":["ITI","iti_0"]},{"t":"S","f":"V","v":["I","u_0"]}]]}]},{"t":"E","f":"EOr","v":[{"t":"E","f":"EAtom","v":[{"t":"S","f":"Op","v":["B","treei_member",[{"t":"S","f":"V","v":["ITI","iti_1"]},{"t":"S","f":"V","v":["I","u_0"]}]]}]},{"t":"E","f":"EOr","v":[{"t":"E","f":"EAtom","v":[{"t":"S","f":"Op","v":["B","==",[{"t":"S","f":"V","v":["I","u_0"]},{"t":"S","f":"V","v":["I","i_1"]}]]}]},{"t":"E","f":"EAnd","v":[{"t":"E","f":"EAtom","v":[{"t":"S","f":"Op","v":["B","==",[{"t":"S","f":"V","v":["I","u_0"]},{"t":"S","f":"V","v":["I","i_0"]}]]}]},{"t":"E","f":"EOr","v":[{"t":"E","f":"ENot","v":[{"t":"E","f":"EAtom","v":[{"t":"S","f":"Op","v":["B","==",[{"t":"S","f":"V","v":["I","i_0"]},{"t":"S","f":"V","v":["I","i_0"]}]]}]}]},{"t":"E","f":"EAtom","v":[{"t":"S","f":"Op","v":["B","==",[{"t":"S","f":"V","v":["I","i_1"]},{"t":"S","f":"V","v":["I","i_0"]}]]}]}]}]}]}]}]},{"t":"E","f":"EIte","v":[{"t":"E","f":"EAtom","v":[{"t":"S","f":"Op","v":["B","treei_member",[{"t":"S","f":"V","v":["ITI","iti_1"]},{"t":"S","f":"V","v":["I","u_0"]}]]}]},{"t":"E","f":"EIte","v":[{"t":"E","f":"EAtom","v":[{"t":"S","f":"Op","v":["B","==",[{"t":"S","f":"V","v":["I","i_1"]},{"t":"S","f":"V","v":["I","i_0"]}]]}]},{"t":"E","f":"EIte","v":[{"t":"E","f":"EAtom","v":[{"t":"S","f":"Op","v":["B","==",[{"t":"S","f":"V","v":["I","u_0"]},{"t":"S","f":"V","v":["I","i_0"]}]]}]},{"t":"E","f":"ENot","v":[{"t":"E","f":"EAtom","v":[{"t":"S","f":"Op","v":["B","==",[{"t":"S","f":"V","v":["I","i_0"]},{"t":"S","f":"V","v":["I","i_0"]}]]}]}]},{"t":"E","f":"EAtom","v":[{"t":"S","f":"Op","v":["B","treei_member",[{"t":"S","f":"V","v":["ITI","iti_0"]},{"t":"S","f":"V","v":["I","u_0"]}]]}]}]},{"t":"E","f":"EIte","v":[{"t":"E","f":"EAtom","v":[{"t":"S","f":"Op","v":["B","==",[{"t":"S","f":"V","v":["I","u_0"]},{"t":"S","f":"V","v":["I","i_0"]}]]}]},{"t":"E","f":"EOr","v":[{"t":"E","f":"EAtom","v":[{"t":"S","f":"Op","v":["B","==",[{"t":"S","f":"V","v":["I","i_0"]},{"t":"S","f":"V","v":["I","i_1"]}]]}]},{"t":"E","f":"ENot","v":[{"t":"E","f":"EAtom","v":[{"t":"S","f":"Op","v":["B","==",[{"t":"S","f":"V","v":["I","i_0"]},{"t":"S","f":"V","v":["I","i_0"]}]]}]}]}]},{"t":"E","f":"EAnd","v":[{"t":"E","f":"EAtom","v":[{"t":"S","f":"Op","v":["B","==",[{"t":"S","f":"V","v":["I","u_0"]},{"t":"S","f":"V","v":["I","i_1"]}]]}]},{"t":"E","f":"ENot","v":[{"t":"E","f":"EAtom","v":[{"t":"S","f":"Op","v":["B","==",[{"t":"S","f":"V","v":["I","i_1"]},{"t":"S","f":"V","v":["I","i_1"]}]]}]}]}]}]}]},{"t":"E","f":"EIte","v":[{"t":"E","f":"EAtom","v":[{"t":"S","f":"Op","v":["B","==",[{"t":"S","f":"V","v":["I","u_0"]},{"t":"S","f":"V","v":["I","i_1"]}]]}]},{"t":"E","f":"EOr","v":[{"t":"E","f":"ENot","v":[{"t":"E","f":"EAtom","v":[{"t":"S","f":"Op","v":["B","==",[{"t":"S","f":"V","v":["I","i_1"]},{"t":"S","f":"V","v":["I","i_1"]}]]}]}]},{"t":"E","f":"EIte","v":[{"t":"E","f":"EAtom","v":[{"t":"S","f":"Op","v":["B","==",[{"t":"S","f":"V","v":["I","i_1"]},{"t":"S","f":"V","v":["I","i_0"]}]]}]},{"t":"E","f":"ENot","v":[{"t":"E","f":"EAtom","v":[{"t":"S","f":"Op","v":["B","==",[{"t":"S","f":"V","v":["I","i_0"]},{"t":"S","f":"V","v":["I","i_0"]}]]}]}]},{"t":"E","f":"EAtom","v":[{"t":"S","f":"Op","v":["B","treei_member",[{"t":"S","f":"V","v":["ITI","iti_0"]},{"t":"S","f":"V","v":["I","i_1"]}]]}]}]}]},{"t":"E","f":"EOr","v":[{"t":"E","f":"ENot","v":[{"t":"E","f":"EAtom","v":[{"t":"S","f":"Op","v":["B","treei_member",[{"t":"S","f":"V","v":["ITI","iti_0"]},{"t":"S","f":"V","v":["I","u_0"]}]]}]}]},{"t":"E","f":"EAnd","v":[{"t":"E","f":"EAtom","v":[{"t":"S","f":"Op","v":["B","==",[{"t":"S","f":"V","v":["I","u_0"]},{"t":"S","f":"V","v":["I","i_0"]}]]}]},{"t":"E","f":"EOr","v":[{"t":"E","f":"ENot","v":[{"t":"E","f":"EAtom","v":[{"t":"S","f":"Op","v":["B","==",[{"t":"S","f":"V","v":["I","i_0"]},{"t":"S","f":"V","v":["I","i_0"]}]]}]}]},{"t":"E","f":"EAtom","v":[{"t":"S","f":"Op","v":["B","==",[{"t":"S","f":"V","v":["I","i_1"]},{"t":"S","f":"V","v":["I","i_0"]}]]}]}]}]}]}]}]}]},{"t":"E","f":"EOr","v":[{"t":"E","f":"ENot","v":[{"t":"E","f":"EAtom","v":[{"t":"S","f":"Op","v":["B","treei_member",[{"t":"S","f":"V","v":["ITI","iti_0"]},{"t":"S","f":"V","v":["I","u_0"]}]]}]}]},{"t":"E","f":"EOr","v":[{"t":"E","f":"EAtom","v":[{"t":"S","f":"Op","v":["B","==",[{"t":"S","f":"V","v":["I","u_0"]},{"t":"S","f":"V","v":["I","i_0"]}]]}]},{"t":"E","f":"EOr","v":[{"t":"E","f":"EAtom","v":[{"t":"S","f":"Op","v":["B","treei_member",[{"t":"S","f":"V","v":["ITI","iti_2"]},{"t":"S","f":"V","v":["I","u_0"]}]]}]},{"t":"E","f":"EIte","v":[{"t":"E","f":"EAtom","v":[{"t":"S","f":"Op","v":["B","treei_member",[{"t":"S","f":"V","v":["ITI","iti_2"]},{"t":"S","f":"V","v":["I","u_1"]}]]}]},{"t":"E","f":"EIte","v":[{"t":"E","f":"EAtom","v":[{"t":"S","f":"Op","v":["B","==",[{"t":"S","f":"V","v":["I","u_1"]},{"t":"S","f":"V","v":["I","i_0"]}]]}]},{"t":"E","f":"EOr","v":[{"t":"E","f":"ENot","v":[{"t":"E","f":"EAtom","v":[{"t":"S","f":"Op","v":["B","==",[{"t":"S","f":"V","v":["I","i_1"]},{"t":"S","f":"V","v":["I","i_0"]}]]}]}]},{"t":"E","f":"EOr","v":[{"t":"E","f":"ENot","v":[{"t":"E","f":"EAtom","v":[{"t":"S","f":"Op","v":["B","treei_member",[{"t":"S","f":"V","v":["ITI","iti_1"]},{"t":"S","f":"V","v":["I","u_0"]}]]}]}]},{"t":"E","f":"ENot","v":[{"t":"E","f":"EAtom","v":[{"t":"S","f":"Op","v":["B","==",[{"t":"S","f":"V","v":["I","i_0"]},{"t":"S","f":"V","v":["I","i_0"]}]]}]}]}]}]},{"t":"E","f":"EOr","v":[{"t":"E","f":"ENot","v":[{"t":"E","f":"EAtom","v":[{"t":"S","f":"Op","v":["B","==",[{"t":"S","f":"V","v":["I","u_0"]},{"t":"S","f":"V","v":["I","i_1"]}]]}]}]},{"t":"E","f":"EOr","v":[{"t":"E","f":"EAtom","v":[{"t":"S","f":"Op","v":["B","==",[{"t":"S","f":"V","v":["I","i_1"]},{"t":"S","f":"V","v":["I","i_0"]}]]}]},{"t":"E","f":"EOr","v":[{"t":"E","f":"EAtom","v":[{"t":"S","f":"Op","v":["B","treei_member",[{"t":"S","f":"V","v":["ITI","iti_1"]},{"t":"S","f":"V","v":["I","i_1"]}]]}]},{"t":"E","f":"EOr","v":[{"t":"E","f":"EAtom","v":[{"t":"S","f":"Op","v":["B","==",[{"t":"S","f":"V","v":["I","u_1"]},{"t":"S","f":"V","v":["I","i_1"]}]]}]},{"t":"E","f":"EAnd","v":[{"t":"E","f":"ENot","v":[{"t":"E","f":"EAtom","v":[{"t":"S","f":"Op","v":["B","treei_member",[{"t":"S","f":"V","v":["ITI","iti_0"]},{"t":"S","f":"V","v":["I","u_1"]}]]}]}]},{"t":"E","f":"ENot","v":[{"t":"E","f":"EAtom","v":[{"t":"S","f":"Op","v":["B","treei_member",[{"t":"S","f":"V","v":["ITI","iti_1"]},{"t":"S","f":"V","v":["I","u_1"]}]]}]}]}]}]}]}]}]}]},{"t":"E","f":"EOr","v":[{"t":"E","f":"ENot","v":[{"t":"E","f":"EAtom","v":[{"t":"S","f":"Op","v":["B","==",[{"t":"S","f":"V","v":["I","u_0"]},{"t":"S","f":"V","v":["I","i_1"]}]]}]}]},{"t":"E","f":"EOr","v":[{"t":"E","f":"EAtom","v":[{"t":"S","f":"Op","v":["B","treei_member",[{"t":"S","f":"V","v":["ITI","iti_1"]},{"t":"S","f":"V","v":["I","u_1"]}]]}]},{"t":"E","f":"EOr","v":[{"t":"E","f":"EAtom","v":[{"t":"S","f":"Op","v":["B","==",[{"t":"S","f":"V","v":["I","i_1"]},{"t":"S","f":"V","v":["I","i_0"]}]]}]},{"t":"E","f":"EOr","v":[{"t":"E","f":"EAtom","v":[{"t":"S","f":"Op","v":["B","==",[{"t":"S","f":"V","v":["I","u_1"]},{"t":"S","f":"V","v":["I","i_1"]}]]}]},{"t":"E","f":"EOr","v":[{"t":"E","f":"EAtom","v":[{"t":"S","f":"Op","v":["B","==",[{"t":"S","f":"V","v":["I","u_1"]},{"t":"S","f":"V","v":["I","i_0"]}]]}]},{"t":"E","f":"EOr","v":[{"t":"E","f":"EAtom","v":[{"t":"S","f":"Op","v":["B","treei_member",[{"t":"S","f":"V","v":["ITI","iti_0"]},{"t":"S","f":"V","v":["I","u_1"]}]]}]},{"t":"E","f":"EAtom","v":[{"t":"S","f":"Op","v":["B","treei_member",[{"t":"S","f":"V","v":["ITI","iti_1"]},{"t":"S","f":"V","v":["I","i_1"]}]]}]}]}]}]}]}]}]}]}]}]}]}]}}},"init_dt":{"fd":"Node","a":3,"l":{"fd":"Node","a":11,"l":true,"r":false},"r":{"fd":"Node","a":7,"l":{"fd":"Node","a":11,"l":true,"r":false},"r":{"fd":"Node","a":9,"l":{"fd":"Node","a":11,"l":true,"r":false},"r":{"fd":"Node","a":11,"l":false,"r":true}}}},"init_spec":{"treetp":"spec","args":[{"t":"tpv","tp":"I","n":"i_0"},{"t":"tpv","tp":"I","n":"i_1"},{"t":"tpv","tp":"ITI","n":"iti_0"},{"t":"tpv","tp":"ITI","n":"iti_1"},{"t":"tpv","tp":"ITI","n":"iti_2"}],"specbody":{"treetp":"ff","qv":[{"t":"tpv","tp":"I","n":"u_0"},{"t":"tpv","tp":"I","n":"u_1"}],"body":{"t":"E","f":"EIte","v":[{"t":"E","f":"EAtom","v":[{"t":"S","f":"Op","v":["B","==",[{"t":"S","f":"V","v":["I","u_0"]},{"t":"S","f":"V","v":["I","i_1"]}]]}]},{"t":"E","f":"EAtom","v":[{"t":"S","f":"Op","v":["B","treei_member",[{"t":"S","f":"V","v":["ITI","iti_2"]},{"t":"S","f":"V","v":["I","i_1"]}]]}]},{"t":"E","f":"EIte","v":[{"t":"E","f":"EAtom","v":[{"t":"S","f":"Op","v":["B","treei_member",[{"t":"S","f":"V","v":["ITI","iti_0"]},{"t":"S","f":"V","v":["I","u_0"]}]]}]},{"t":"E","f":"EAtom","v":[{"t":"S","f":"Op","v":["B","treei_member",[{"t":"S","f":"V","v":["ITI","iti_2"]},{"t":"S","f":"V","v":["I","u_0"]}]]}]},{"t":"E","f":"EIte","v":[{"t":"E","f":"EAtom","v":[{"t":"S","f":"Op","v":["B","treei_member",[{"t":"S","f":"V","v":["ITI","iti_1"]},{"t":"S","f":"V","v":["I","u_0"]}]]}]},{"t":"E","f":"EAtom","v":[{"t":"S","f":"Op","v":["B","treei_member",[{"t":"S","f":"V","v":["ITI","iti_2"]},{"t":"S","f":"V","v":["I","u_0"]}]]}]},{"t":"E","f":"ENot","v":[{"t":"E","f":"EAtom","v":[{"t":"S","f":"Op","v":["B","treei_member",[{"t":"S","f":"V","v":["ITI","iti_2"]},{"t":"S","f":"V","v":["I","u_0"]}]]}]}]}]}]}]}}}},"qv":[{"t":"tpv","tp":"I","n":"u_0"},{"t":"tpv","tp":"I","n":"u_1"}],"fset":[{"fd":"Base","pred":"==","a":"u_1","b":"u_0"},{"fd":"Base","pred":"==","a":"u_1","b":"i_1"},{"fd":"Base","pred":"==","a":"u_1","b":"i_0"},{"fd":"Base","pred":"==","a":"u_0","b":"i_1"},{"fd":"Base","pred":"==","a":"u_0","b":"i_0"},{"fd":"Base","pred":"==","a":"i_1","b":"i_0"},{"fd":"Pr","pred":"treei_member","args":["iti_0"],"args'":["u_1"]},{"fd":"Pr","pred":"treei_member","args":["iti_0"],"args'":["u_0"]},{"fd":"Pr","pred":"treei_member","args":["iti_1"],"args'":["u_1"]},{"fd":"Pr","pred":"treei_member","args":["iti_1"],"args'":["u_0"]},{"fd":"Pr","pred":"treei_member","args":["iti_2"],"args'":["u_1"]},{"fd":"Pr","pred":"treei_member","args":["iti_2"],"args'":["u_0"]}],"hole":{"name":"t","args":[{"t":"tpv","tp":"I","n":"i_0"},{"t":"tpv","tp":"I","n":"i_1"},{"t":"tpv","tp":"ITI","n":"iti_0"},{"t":"tpv","tp":"ITI","n":"iti_1"},{"t":"tpv","tp":"ITI","n":"iti_2"}]},"unknown_fv":[{"t":"tpv","tp":"B","n":"_fv!0"},{"t":"tpv","tp":"B","n":"_fv!1"},{"t":"tpv","tp":"B","n":"_fv!2"},{"t":"tpv","tp":"B","n":"_fv!3"},{"t":"tpv","tp":"B","n":"_fv!4"},{"t":"tpv","tp":"B","n":"_fv!5"},{"t":"tpv","tp":"B","n":"_fv!6"},{"t":"tpv","tp":"B","n":"_fv!7"},{"t":"tpv","tp":"B","n":"_fv!8"},{"t":"tpv","tp":"B","n":"_fv!9"},{"t":"tpv","tp":"B","n":"_fv!10"},{"t":"tpv","tp":"B","n":"_fv!11"}],"fvtab":[{"v":"ffftffffftft","l":0},{"v":"ffftffffftff","l":0},{"v":"ffftfffffttf","l":0},{"v":"tftffffffftt","l":0},{"v":"tfffftftttff","l":0},{"v":"fffffttftttf","l":0},{"v":"fffffttfttff","l":0},{"v":"ftfftffftftf","l":0},{"v":"ftfftffftfff","l":0},{"v":"ftfftffftfft","l":0},{"v":"ffttfftttttt","l":0},{"v":"ffttffttttft","l":0},{"v":"ffftfffftfft","l":0},{"v":"ffftfffftftf","l":0},{"v":"ftffffttffft","l":0},{"v":"ftffffttffff","l":0},{"v":"tfttttffttff","l":0},{"v":"fttfftfttttf","l":2},{"v":"fffftfftftft","l":0},{"v":"fffftfftfttt","l":0},{"v":"fffftfftftff","l":0},{"v":"fttfttttfttf","l":0},{"v":"tttffttfttff","l":0},{"v":"fffttfftffff","l":0},{"v":"fftffffftttf","l":0},{"v":"tffffftftttf","l":0},{"v":"tffffftfttff","l":0},{"v":"fffftftttttt","l":0},{"v":"fffftfttttft","l":0},{"v":"fffftftttttf","l":0},{"v":"ftftffffffff","l":0},{"v":"ffftttffffff","l":0},{"v":"ffftttffffft","l":0},{"v":"ffftttfffftt","l":0},{"v":"tfffttftffff","l":0},{"v":"ftfffftftftf","l":0},{"v":"ftfffftftftt","l":0},{"v":"ftfffftftfff","l":0},{"v":"tfffffttftff","l":0},{"v":"fffffftffftt","l":0},{"v":"fffffftffftf","l":0},{"v":"fffffftfffff","l":0},{"v":"tfffttffttff","l":0},{"v":"ttftftffttff","l":0},{"v":"tftttfffttff","l":0},{"v":"fffffffttttt","l":0},{"v":"ffffffftttff","l":0},{"v":"fffffffttttf","l":0},{"v":"fftfftftfttf","l":0},{"v":"fffttftttttf","l":0},{"v":"fffftffttttf","l":0},{"v":"tffftfffttff","l":0},{"v":"tttfffttffff","l":0},{"v":"fttfftffffff","l":0},{"v":"fttfftfffftf","l":0},{"v":"fttfftfffftt","l":0},{"v":"fffttftttftf","l":0},{"v":"tfffffftffff","l":0},{"v":"tfffffftfftf","l":0},{"v":"ttftfffftttt","l":0},{"v":"ttftffffttff","l":2},{"v":"fttffttfffff","l":0},{"v":"fttffttffftf","l":0},{"v":"ffffffttfftf","l":0},{"v":"ffffffttffft","l":0},{"v":"ffffffttffff","l":0},{"v":"tttttttfffff","l":0},{"v":"fffttfffftff","l":0},{"v":"ttttttftffff","l":0},{"v":"ftftffftffff","l":0},{"v":"ttftffftftff","l":0},{"v":"tftftfttffff","l":2},{"v":"tftftfttfftt","l":0},{"v":"tftftfffttff","l":2},{"v":"ttttttftttff","l":0},{"v":"fttfftftfftf","l":0},{"v":"fttfftftfttf","l":2},{"v":"fttfftftftff","l":0},{"v":"ffftffttfftf","l":2},{"v":"ffftffttffff","l":0},{"v":"tftfftffttff","l":0},{"v":"ftffftftfttf","l":0},{"v":"fffftffttftf","l":0},{"v":"ftfftfffffff","l":0},{"v":"ftfftffffftf","l":0},{"v":"ftfftfffffft","l":0},{"v":"fffffftttftt","l":0},{"v":"tttttfffffff","l":0},{"v":"tftftfftfftf","l":0},{"v":"fftffffftfff","l":0},{"v":"tftfttttffff","l":0},{"v":"fftffttttttf","l":0},{"v":"fffffftftftf","l":0},{"v":"fffffftftftt","l":0},{"v":"tfffftftfftf","l":0},{"v":"ffftfttffftf","l":0},{"v":"fffftfftffff","l":0},{"v":"fffftfftffft","l":0},{"v":"fffftfftfftf","l":0},{"v":"ffftttttftft","l":0},{"v":"ffftttttftff","l":0},{"v":"ffftttttfttf","l":0},{"v":"tftfffttffff","l":0},{"v":"ftftffffttff","l":0},{"v":"fttfffttfftf","l":0},{"v":"tftfttfffftt","l":0},{"v":"tftfttffttff","l":0},{"v":"fffffffttftf","l":0},{"v":"tfffffftttff","l":0},{"v":"fttfffffttff","l":0},{"v":"fttffffftttf","l":0},{"v":"ttttftffffff","l":0},{"v":"tftftftfttff","l":0},{"v":"ttftttffffff","l":0},{"v":"ftfftftttttt","l":0},{"v":"ftfftftttttf","l":0},{"v":"ttftffftffff","l":0},{"v":"ttftfftttttt","l":0},{"v":"ttftffttttff","l":2},{"v":"ffttffttfftf","l":0},{"v":"tfttttffffff","l":0},{"v":"ftfftffffttf","l":0},{"v":"ftfftfffftff","l":0},{"v":"tffttfffttff","l":0},{"v":"ttfffffttftf","l":0},{"v":"tfftfffttfff","l":0},{"v":"ftfffttfttff","l":0},{"v":"ftfffttftttf","l":0},{"v":"ttttttffttff","l":2},{"v":"ttttttfftttt","l":0},{"v":"tffffffftftt","l":0},{"v":"tftftfffffff","l":0},{"v":"tftftffffftt","l":2},{"v":"ftfffftttftt","l":0},{"v":"fffftftffftf","l":0},{"v":"fttftfffffft","l":0},{"v":"ffffftftttft","l":0},{"v":"ftffftfttttf","l":0},{"v":"tfftffffftff","l":0},{"v":"fftfftfffttf","l":0},{"v":"tfffftffffff","l":0},{"v":"tfffftfffftt","l":2},{"v":"tfffftffffft","l":0},{"v":"tttfttffffft","l":0},{"v":"fftfffftffft","l":0},{"v":"fftfffftfftf","l":0},{"v":"tttftfttttff","l":0},{"v":"fttffffffttf","l":0},{"v":"ftfffftttttt","l":0},{"v":"ftfffftttttf","l":0},{"v":"fffftfttfftf","l":0},{"v":"ftffffttftft","l":0},{"v":"ftffffttfttt","l":0},{"v":"ftffffttftff","l":0},{"v":"ftffffttfttf","l":0},{"v":"ffffffttttft","l":0},{"v":"fffffftttttf","l":0},{"v":"fffffftttttt","l":0},{"v":"ttttftffttff","l":0},{"v":"ffftttftffff","l":0},{"v":"ffftttftfftf","l":0},{"v":"ffftttftffft","l":0},{"v":"ftffftttfttf","l":0},{"v":"ffftttttffff","l":0},{"v":"ffftttttfftf","l":0},{"v":"ttftfffftfff","l":0},{"v":"tftftffffttf","l":0},{"v":"ftfftfftfftf","l":0},{"v":"ftfftfftfftt","l":0},{"v":"tfffffffffff","l":0},{"v":"tffffffffftt","l":2},{"v":"tfffffffffft","l":0},{"v":"ffffffttfttt","l":0},{"v":"ffffffttftff","l":0},{"v":"tfftffftffff","l":0},{"v":"tfftffftfftf","l":0},{"v":"ffttfttftftf","l":0},{"v":"ffffftftffff","l":0},{"v":"ttffffttffff","l":0},{"v":"ttffffttfftf","l":0},{"v":"fftffftttfft","l":0},{"v":"fftffftttftf","l":0},{"v":"ffffttftttff","l":0},{"v":"ffftffffffff","l":0},{"v":"ffftffffffft","l":0},{"v":"ffftfffffftf","l":0},{"v":"tttttfffttff","l":0},{"v":"tfftttffffff","l":0},{"v":"fftfffftftff","l":0},{"v":"fftfffftftft","l":0},{"v":"fftffffttttf","l":0},{"v":"tftftftftfft","l":0},{"v":"fftffftttttt","l":0},{"v":"fftffftttttf","l":0},{"v":"fftfffttttft","l":0},{"v":"ttttffttffff","l":0},{"v":"ttttftttffff","l":0},{"v":"fttfftttfttf","l":2},{"v":"fftfffffftff","l":0},{"v":"fttffttttttt","l":0},{"v":"fttfftttttft","l":0},{"v":"fttffttttttf","l":2},{"v":"ftftftfttftf","l":0},{"v":"tffffftttttt","l":0},{"v":"tfffffttttff","l":2},{"v":"ffffftffffff","l":0},{"v":"ffffftffffft","l":0},{"v":"ffffftfffftf","l":0},{"v":"tftftfttftff","l":0},{"v":"ftftfffttfff","l":0},{"v":"ftftfffttftf","l":0},{"v":"ttftffffffff","l":2},{"v":"ttftfffffftt","l":0},{"v":"ttftfffffftf","l":0},{"v":"ttfffftfttff","l":0},{"v":"ffftffttfttt","l":0},{"v":"ffftffttfttf","l":0},{"v":"fttffttftttf","l":0},{"v":"fttffttfttft","l":0},{"v":"fttffttfttff","l":0},{"v":"ttffftttffff","l":0},{"v":"ffffffffftff","l":0},{"v":"fffffttttftf","l":0},{"v":"fffftftffttf","l":0},{"v":"ttftftttttff","l":0},{"v":"tfftttttffff","l":0},{"v":"tffffttttttt","l":0},{"v":"tfffftttttff","l":0},{"v":"ttftttffttff","l":0},{"v":"fffftffftfff","l":0},{"v":"fffftffftfft","l":0},{"v":"ffffffffttff","l":0},{"v":"fffffffftttf","l":0},{"v":"tftttfftffff","l":0},{"v":"tttttttfttff","l":0},{"v":"ffttffffffff","l":0},{"v":"ffttffffffft","l":0},{"v":"tfttfttfttff","l":0},{"v":"ffftftffftff","l":0},{"v":"fttfftfftttf","l":0},{"v":"fffftftttftf","l":0},{"v":"ttttffffttff","l":0},{"v":"fttfffttftff","l":0},{"v":"fttfffttfttf","l":0},{"v":"tttttttttttt","l":0},{"v":"ttttttttttff","l":2},{"v":"ffftfftttftf","l":2},{"v":"ffftfftttfff","l":0},{"v":"ffftfftttftt","l":0},{"v":"ttttttffffff","l":2},{"v":"ttttttfffftt","l":0},{"v":"fttfttftfttf","l":0},{"v":"tttftfffffft","l":0},{"v":"ttftttttffff","l":0},{"v":"ftfffftfftft","l":0},{"v":"tftttfttffff","l":0},{"v":"ttftffftttff","l":0},{"v":"ttttttttffff","l":2},{"v":"ttttttttfftt","l":0},{"v":"fftffftfttff","l":0},{"v":"fftffftftttf","l":0},{"v":"fffttttttfft","l":0},{"v":"fffttttttfff","l":0},{"v":"fffttttttftf","l":0},{"v":"fffftftftftf","l":0},{"v":"fffffftftttt","l":0},{"v":"ftfffftfffff","l":0},{"v":"ftfffftffftf","l":0},{"v":"ffftffftftft","l":0},{"v":"ffftffftfttt","l":0},{"v":"ffftffftftff","l":0},{"v":"ffftffftfttf","l":0},{"v":"ffttfffftfft","l":0},{"v":"ffttfffftfff","l":0},{"v":"ffttfftfffft","l":0},{"v":"ffttfftffftt","l":0},{"v":"ttftffffftff","l":0},{"v":"ffftftftffff","l":0},{"v":"ftttftfttttf","l":0},{"v":"ffffttttttff","l":0},{"v":"fffftttttttf","l":0},{"v":"ttftftffffff","l":0},{"v":"ffftftfttfff","l":0},{"v":"ffftftfttftf","l":0},{"v":"tffttfffffff","l":0},{"v":"fftfftftfftf","l":0},{"v":"fftffftftftf","l":0},{"v":"fftffftftftt","l":0},{"v":"fffftfttfttf","l":0},{"v":"fffftfttftff","l":0},{"v":"fffttttttttt","l":0},{"v":"fffttttttttf","l":0},{"v":"ffftttttttff","l":0},{"v":"fttfttttfftf","l":0},{"v":"ffttffffftft","l":0},{"v":"ffttffffftff","l":0},{"v":"ffttfffffttf","l":0},{"v":"fffffffftfff","l":0},{"v":"fffffffftfft","l":0},{"v":"fffffffftftt","l":0},{"v":"ffffftfttftf","l":0},{"v":"ffftfftffftt","l":0},{"v":"ffftfftffftf","l":0},{"v":"ftfftffftttf","l":0},{"v":"ftfftfffttff","l":0},{"v":"ttffffftffff","l":0},{"v":"fttfffftfttf","l":0},{"v":"ftttftftfftf","l":0},{"v":"tftfffffttff","l":0},{"v":"ffftttffftff","l":0},{"v":"ffftttffftft","l":0},{"v":"tfffftffttff","l":2},{"v":"tfffftfftttt","l":0},{"v":"tfffftfftttf","l":0},{"v":"fffttttfttft","l":0},{"v":"fttfftfffttf","l":0},{"v":"ttttfffftfff","l":0},{"v":"ffffffftffft","l":0},{"v":"ffffffftffff","l":0},{"v":"ffffffftfftf","l":0},{"v":"ttftfftfttff","l":0},{"v":"ffftfffttftf","l":2},{"v":"ffftfffttfff","l":0},{"v":"fftfffffffff","l":0},{"v":"fftffffffftf","l":0},{"v":"tffffftfftff","l":0},{"v":"ftffftffffft","l":0},{"v":"ftffftfffftt","l":0},{"v":"ttfttfffttff","l":0},{"v":"tffffttfftff","l":0},{"v":"fftfffttfttf","l":0},{"v":"tffftfttttff","l":0},{"v":"ffftfftttttt","l":0},{"v":"ffftffttttft","l":0},{"v":"ffftfftttttf","l":0},{"v":"fttffffttttf","l":0},{"v":"ffftttfttftf","l":0},{"v":"ffttffftffff","l":0},{"v":"ffttffftffft","l":0},{"v":"tfftfftfffff","l":0},{"v":"ttffffffffft","l":0},{"v":"ttfffffffftt","l":0},{"v":"ftfffffffttf","l":0},{"v":"ftffffffftff","l":0},{"v":"tfftftttffff","l":0},{"v":"fffttttftfft","l":0},{"v":"fttfftfttftf","l":0},{"v":"tfffffttfftt","l":0},{"v":"tfffffttffff","l":2},{"v":"fftffftfffff","l":0},{"v":"fftffftffftf","l":0},{"v":"tffttttfttff","l":0},{"v":"fffftfffffff","l":0},{"v":"fffftfffffft","l":0},{"v":"ftfffffftttf","l":0},{"v":"tfffftfttfff","l":0},{"v":"ttffftffttff","l":0},{"v":"ffftfffttttf","l":0},{"v":"ffftffffttft","l":0},{"v":"ffftfffftttf","l":0},{"v":"ftffffffffff","l":0},{"v":"ftfffffffftf","l":0},{"v":"ftffffffffft","l":0},{"v":"ftftffffftff","l":0},{"v":"fffffttfftff","l":0},{"v":"ftftffttfftf","l":0},{"v":"tffffttfttff","l":0},{"v":"tfffttttffff","l":0},{"v":"ftfffffftftf","l":0},{"v":"ftfffffftfff","l":0},{"v":"ftfffffftfft","l":0},{"v":"ftfffffftftt","l":0},{"v":"fffftfffftff","l":0},{"v":"fffftffffttf","l":0},{"v":"ffffftttftft","l":0},{"v":"ffffftttfttf","l":0},{"v":"tffffftttfff","l":0},{"v":"ttftffttffff","l":0},{"v":"ttftffttfftt","l":0},{"v":"fttffttttftf","l":0},{"v":"tfftffttffff","l":0},{"v":"ftffftfffttf","l":0},{"v":"ffffftttffff","l":0},{"v":"ffffftttfftf","l":0},{"v":"tfffffffttff","l":2},{"v":"tffffffftttt","l":0},{"v":"tffffffftttf","l":0},{"v":"ffftttftttft","l":0},{"v":"ffftffftffff","l":2},{"v":"ffftttfttttf","l":0},{"v":"ffftffftfftf","l":0},{"v":"ffftffftffft","l":0},{"v":"ftftftttfftf","l":0},{"v":"tftftftttttt","l":0},{"v":"tftftfttttff","l":2},{"v":"ftfftftffftf","l":0},{"v":"ffftftffffff","l":0},{"v":"tfffftttffff","l":2},{"v":"fffttfttftff","l":0},{"v":"fffttfttfttf","l":0},{"v":"ffffftfftttt","l":0},{"v":"ffffftffttff","l":0},{"v":"tttttfttffff","l":0},{"v":"tftftfftttff","l":0},{"v":"tffffftffftt","l":0},{"v":"tffffftfffft","l":0},{"v":"fffttffttttf","l":0},{"v":"ftttftftfttf","l":0},{"v":"ffftfttttftf","l":0},{"v":"ttffffttttff","l":0},{"v":"ffftftttffff","l":0},{"v":"ffftftttfftf","l":0},{"v":"fttfftfftfff","l":0},{"v":"fttfftfftftf","l":0},{"v":"ttffttffffft","l":0},{"v":"fffffttttttt","l":0},{"v":"ffffftttttff","l":0},{"v":"fftftftttttf","l":0},{"v":"fftftftttftf","l":0},{"v":"tfftftffttff","l":0},{"v":"ttftftttffff","l":0},{"v":"tftftftttfff","l":0},{"v":"tftfffttttff","l":0},{"v":"ffttffffttft","l":0},{"v":"ftttfttffftf","l":0},{"v":"tffftfttffff","l":0},{"v":"tfftftftftff","l":0},{"v":"tttfttttffff","l":0},{"v":"ftffffftttff","l":0},{"v":"ftffffftffff","l":0},{"v":"ftffffftfftt","l":0},{"v":"ftffffftfftf","l":0},{"v":"ttfttfffffff","l":0},{"v":"tttfttffttff","l":0},{"v":"fffffttftfff","l":0},{"v":"fttfttfttttf","l":0},{"v":"ffffffftftft","l":0},{"v":"ffffffftfttt","l":0},{"v":"ffffffftftff","l":0},{"v":"ffffffftfttf","l":0},{"v":"tffftffffftt","l":0},{"v":"ffffftftftff","l":0},{"v":"ffffffffffft","l":0},{"v":"ffffffffffff","l":0},{"v":"fffffffffftt","l":0},{"v":"fffttfttfftf","l":0},{"v":"fttfffftfftf","l":0},{"v":"ttfttfttffff","l":0},{"v":"ttffffftttff","l":0},{"v":"fftffffttftf","l":0},{"v":"ttttffffffff","l":0},{"v":"ftffftttfftf","l":0},{"v":"ftfftfftftff","l":0},{"v":"ftfftfftfttf","l":0},{"v":"tfftffffttff","l":0},{"v":"tftfftfffftt","l":0},{"v":"ttftfftfffff","l":0},{"v":"tfftffffffff","l":0},{"v":"tfftfffffftf","l":0},{"v":"tttfttftffff","l":0},{"v":"ttffffffttff","l":0},{"v":"ttfftttfttff","l":0},{"v":"tfttffffttff","l":0},{"v":"tffffffffttf","l":0}],"if_maximal":true}]}