{"preds": ["treeb_member", "treeb_left", "treeb_right", "treeb_parallel"], "spectable": [{"name": "Rbset.tree", "spec": {"treetp": "spec", "args": [{"t": "tpv", "tp": "B", "n": "b_0"}, {"t": "tpv", "tp": "ITB", "n": "itb_0"}, {"t": "tpv", "tp": "I", "n": "i_0"}, {"t": "tpv", "tp": "ITB", "n": "itb_1"}, {"t": "tpv", "tp": "ITB", "n": "itb_2"}], "specbody": {"treetp": "ff", "qv": [{"t": "tpv", "tp": "I", "n": "u_0"}, {"t": "tpv", "tp": "I", "n": "u_1"}], "body": {"t": "E", "f": "EIte", "v": [{"t": "E", "f": "EAtom", "v": [{"t": "S", "f": "Op", "v": ["B", "treeb_member", [{"t": "S", "f": "V", "v": ["ITB", "itb_2"]}, {"t": "S", "f": "V", "v": ["I", "u_1"]}]]}]}, {"t": "E", "f": "EIte", "v": [{"t": "E", "f": "EAtom", "v": [{"t": "S", "f": "Op", "v": ["B", "treeb_parallel", [{"t": "S", "f": "V", "v": ["ITB", "itb_2"]}, {"t": "S", "f": "V", "v": ["I", "u_1"]}, {"t": "S", "f": "V", "v": ["I", "u_0"]}]]}]}, {"t": "E", "f": "EAnd", "v": [{"t": "E", "f": "EAtom", "v": [{"t": "S", "f": "Op", "v": ["B", "treeb_member", [{"t": "S", "f": "V", "v": ["ITB", "itb_2"]}, {"t": "S", "f": "V", "v": ["I", "u_0"]}]]}]}, {"t": "E", "f": "EIte", "v": [{"t": "E", "f": "EAtom", "v": [{"t": "S", "f": "Op", "v": ["B", "==", [{"t": "S", "f": "V", "v": ["I", "u_1"]}, {"t": "S", "f": "V", "v": ["I", "u_0"]}]]}]}, {"t": "E", "f": "EIte", "v": [{"t": "E", "f": "EAtom", "v": [{"t": "S", "f": "Op", "v": ["B", "treeb_member", [{"t": "S", "f": "V", "v": ["ITB", "itb_1"]}, {"t": "S", "f": "V", "v": ["I", "u_0"]}]]}]}, {"t": "E", "f": "EOr", "v": [{"t": "E", "f": "EAtom", "v": [{"t": "S", "f": "Op", "v": ["B", "treeb_right", [{"t": "S", "f": "V", "v": ["ITB", "itb_1"]}, {"t": "S", "f": "V", "v": ["I", "u_0"]}, {"t": "S", "f": "V", "v": ["I", "u_0"]}]]}]}, {"t": "E", "f": "EOr", "v": [{"t": "E", "f": "EAtom", "v": [{"t": "S", "f": "Op", "v": ["B", "treeb_right", [{"t": "S", "f": "V", "v": ["ITB", "itb_0"]}, {"t": "S", "f": "V", "v": ["I", "u_0"]}, {"t": "S", "f": "V", "v": ["I", "u_0"]}]]}]}, {"t": "E", "f": "EIte", "v": [{"t": "E", "f": "EAtom", "v": [{"t": "S", "f": "Op", "v": ["B", "treeb_member", [{"t": "S", "f": "V", "v": ["ITB", "itb_0"]}, {"t": "S", "f": "V", "v": ["I", "u_0"]}]]}]}, {"t": "E", "f": "EOr", "v": [{"t": "E", "f": "ENot", "v": [{"t": "E", "f": "EAtom", "v": [{"t": "S", "f": "Op", "v": ["B", "==", [{"t": "S", "f": "V", "v": ["I", "u_0"]}, {"t": "S", "f": "V", "v": ["I", "i_0"]}]]}]}]}, {"t": "E", "f": "EAtom", "v": [{"t": "S", "f": "Op", "v": ["B", "treeb_left", [{"t": "S", "f": "V", "v": ["ITB", "itb_2"]}, {"t": "S", "f": "V", "v": ["I", "i_0"]}, {"t": "S", "f": "V", "v": ["I", "i_0"]}]]}]}]}, {"t": "E", "f": "EAnd", "v": [{"t": "E", "f": "EAtom", "v": [{"t": "S", "f": "Op", "v": ["B", "treeb_parallel", [{"t": "S", "f": "V", "v": ["ITB", "itb_1"]}, {"t": "S", "f": "V", "v": ["I", "u_0"]}, {"t": "S", "f": "V", "v": ["I", "u_0"]}]]}]}, {"t": "E", "f": "EAnd", "v": [{"t": "E", "f": "ENot", "v": [{"t": "E", "f": "EAtom", "v": [{"t": "S", "f": "Op", "v": ["B", "treeb_parallel", [{"t": "S", "f": "V", "v": ["ITB", "itb_0"]}, {"t": "S", "f": "V", "v": ["I", "u_0"]}, {"t": "S", "f": "V", "v": ["I", "u_0"]}]]}]}]}, {"t": "E", "f": "EOr", "v": [{"t": "E", "f": "EAtom", "v": [{"t": "S", "f": "Op", "v": ["B", "==", [{"t": "S", "f": "V", "v": ["I", "u_0"]}, {"t": "S", "f": "V", "v": ["I", "i_0"]}]]}]}, {"t": "E", "f": "EOr", "v": [{"t": "E", "f": "EAtom", "v": [{"t": "S", "f": "Op", "v": ["B", "treeb_left", [{"t": "S", "f": "V", "v": ["ITB", "itb_2"]}, {"t": "S", "f": "V", "v": ["I", "u_0"]}, {"t": "S", "f": "V", "v": ["I", "u_0"]}]]}]}, {"t": "E", "f": "EAnd", "v": [{"t": "E", "f": "ENot", "v": [{"t": "E", "f": "EAtom", "v": [{"t": "S", "f": "Op", "v": ["B", "treeb_left", [{"t": "S", "f": "V", "v": ["ITB", "itb_1"]}, {"t": "S", "f": "V", "v": ["I", "u_0"]}, {"t": "S", "f": "V", "v": ["I", "u_0"]}]]}]}]}, {"t": "E", "f": "ENot", "v": [{"t": "E", "f": "EAtom", "v": [{"t": "S", "f": "Op", "v": ["B", "treeb_right", [{"t": "S", "f": "V", "v": ["ITB", "itb_2"]}, {"t": "S", "f": "V", "v": ["I", "u_0"]}, {"t": "S", "f": "V", "v": ["I", "u_0"]}]]}]}]}]}]}]}]}]}]}]}]}, {"t": "E", "f": "EAnd", "v": [{"t": "E", "f": "EAtom", "v": [{"t": "S", "f": "Op", "v": ["B", "treeb_parallel", [{"t": "S", "f": "V", "v": ["ITB", "itb_0"]}, {"t": "S", "f": "V", "v": ["I", "u_0"]}, {"t": "S", "f": "V", "v": ["I", "u_0"]}]]}]}, {"t": "E", "f": "EOr", "v": [{"t": "E", "f": "EAtom", "v": [{"t": "S", "f": "Op", "v": ["B", "treeb_right", [{"t": "S", "f": "V", "v": ["ITB", "itb_0"]}, {"t": "S", "f": "V", "v": ["I", "u_0"]}, {"t": "S", "f": "V", "v": ["I", "u_0"]}]]}]}, {"t": "E", "f": "EAnd", "v": [{"t": "E", "f": "ENot", "v": [{"t": "E", "f": "EAtom", "v": [{"t": "S", "f": "Op", "v": ["B", "treeb_parallel", [{"t": "S", "f": "V", "v": ["ITB", "itb_1"]}, {"t": "S", "f": "V", "v": ["I", "u_0"]}, {"t": "S", "f": "V", "v": ["I", "u_0"]}]]}]}]}, {"t": "E", "f": "EOr", "v": [{"t": "E", "f": "ENot", "v": [{"t": "E", "f": "EAtom", "v": [{"t": "S", "f": "Op", "v": ["B", "==", [{"t": "S", "f": "V", "v": ["I", "u_0"]}, {"t": "S", "f": "V", "v": ["I", "i_0"]}]]}]}]}, {"t": "E", "f": "EAnd", "v": [{"t": "E", "f": "EAtom", "v": [{"t": "S", "f": "Op", "v": ["B", "treeb_member", [{"t": "S", "f": "V", "v": ["ITB", "itb_0"]}, {"t": "S", "f": "V", "v": ["I", "i_0"]}]]}]}, {"t": "E", "f": "EAtom", "v": [{"t": "S", "f": "Op", "v": ["B", "treeb_left", [{"t": "S", "f": "V", "v": ["ITB", "itb_2"]}, {"t": "S", "f": "V", "v": ["I", "i_0"]}, {"t": "S", "f": "V", "v": ["I", "i_0"]}]]}]}]}]}]}]}]}]}, {"t": "E", "f": "EIte", "v": [{"t": "E", "f": "EAtom", "v": [{"t": "S", "f": "Op", "v": ["B", "==", [{"t": "S", "f": "V", "v": ["I", "u_1"]}, {"t": "S", "f": "V", "v": ["I", "i_0"]}]]}]}, {"t": "E", "f": "EIte", "v": [{"t": "E", "f": "EAtom", "v": [{"t": "S", "f": "Op", "v": ["B", "treeb_parallel", [{"t": "S", "f": "V", "v": ["ITB", "itb_1"]}, {"t": "S", "f": "V", "v": ["I", "i_0"]}, {"t": "S", "f": "V", "v": ["I", "u_0"]}]]}]}, {"t": "E", "f": "EAtom", "v": [{"t": "S", "f": "Op", "v": ["B", "treeb_right", [{"t": "S", "f": "V", "v": ["ITB", "itb_2"]}, {"t": "S", "f": "V", "v": ["I", "i_0"]}, {"t": "S", "f": "V", "v": ["I", "u_0"]}]]}]}, {"t": "E", "f": "EOr", "v": [{"t": "E", "f": "EAtom", "v": [{"t": "S", "f": "Op", "v": ["B", "treeb_parallel", [{"t": "S", "f": "V", "v": ["ITB", "itb_2"]}, {"t": "S", "f": "V", "v": ["I", "u_0"]}, {"t": "S", "f": "V", "v": ["I", "i_0"]}]]}]}, {"t": "E", "f": "EAnd", "v": [{"t": "E", "f": "EAtom", "v": [{"t": "S", "f": "Op", "v": ["B", "treeb_member", [{"t": "S", "f": "V", "v": ["ITB", "itb_0"]}, {"t": "S", "f": "V", "v": ["I", "i_0"]}]]}]}, {"t": "E", "f": "EOr", "v": [{"t": "E", "f": "EAtom", "v": [{"t": "S", "f": "Op", "v": ["B", "treeb_right", [{"t": "S", "f": "V", "v": ["ITB", "itb_2"]}, {"t": "S", "f": "V", "v": ["I", "i_0"]}, {"t": "S", "f": "V", "v": ["I", "u_0"]}]]}]}, {"t": "E", "f": "EAtom", "v": [{"t": "S", "f": "Op", "v": ["B", "treeb_parallel", [{"t": "S", "f": "V", "v": ["ITB", "itb_0"]}, {"t": "S", "f": "V", "v": ["I", "i_0"]}, {"t": "S", "f": "V", "v": ["I", "u_0"]}]]}]}]}]}]}]}, {"t": "E", "f": "EOr", "v": [{"t": "E", "f": "EAtom", "v": [{"t": "S", "f": "Op", "v": ["B", "treeb_left", [{"t": "S", "f": "V", "v": ["ITB", "itb_1"]}, {"t": "S", "f": "V", "v": ["I", "u_0"]}, {"t": "S", "f": "V", "v": ["I", "u_1"]}]]}]}, {"t": "E", "f": "EOr", "v": [{"t": "E", "f": "EAtom", "v": [{"t": "S", "f": "Op", "v": ["B", "treeb_left", [{"t": "S", "f": "V", "v": ["ITB", "itb_1"]}, {"t": "S", "f": "V", "v": ["I", "u_1"]}, {"t": "S", "f": "V", "v": ["I", "u_0"]}]]}]}, {"t": "E", "f": "EIte", "v": [{"t": "E", "f": "EAtom", "v": [{"t": "S", "f": "Op", "v": ["B", "treeb_parallel", [{"t": "S", "f": "V", "v": ["ITB", "itb_1"]}, {"t": "S", "f": "V", "v": ["I", "u_1"]}, {"t": "S", "f": "V", "v": ["I", "u_0"]}]]}]}, {"t": "E", "f": "EAnd", "v": [{"t": "E", "f": "EAtom", "v": [{"t": "S", "f": "Op", "v": ["B", "treeb_member", [{"t": "S", "f": "V", "v": ["ITB", "itb_1"]}, {"t": "S", "f": "V", "v": ["I", "u_0"]}]]}]}, {"t": "E", "f": "EOr", "v": [{"t": "E", "f": "EAtom", "v": [{"t": "S", "f": "Op", "v": ["B", "treeb_right", [{"t": "S", "f": "V", "v": ["ITB", "itb_2"]}, {"t": "S", "f": "V", "v": ["I", "u_0"]}, {"t": "S", "f": "V", "v": ["I", "u_1"]}]]}]}, {"t": "E", "f": "ENot", "v": [{"t": "E", "f": "EAtom", "v": [{"t": "S", "f": "Op", "v": ["B", "treeb_parallel", [{"t": "S", "f": "V", "v": ["ITB", "itb_1"]}, {"t": "S", "f": "V", "v": ["I", "u_0"]}, {"t": "S", "f": "V", "v": ["I", "u_1"]}]]}]}]}]}]}, {"t": "E", "f": "EOr", "v": [{"t": "E", "f": "EAtom", "v": [{"t": "S", "f": "Op", "v": ["B", "treeb_right", [{"t": "S", "f": "V", "v": ["ITB", "itb_0"]}, {"t": "S", "f": "V", "v": ["I", "u_0"]}, {"t": "S", "f": "V", "v": ["I", "u_1"]}]]}]}, {"t": "E", "f": "EAnd", "v": [{"t": "E", "f": "EAtom", "v": [{"t": "S", "f": "Op", "v": ["B", "treeb_member", [{"t": "S", "f": "V", "v": ["ITB", "itb_0"]}, {"t": "S", "f": "V", "v": ["I", "u_1"]}]]}]}, {"t": "E", "f": "EOr", "v": [{"t": "E", "f": "EAtom", "v": [{"t": "S", "f": "Op", "v": ["B", "treeb_parallel", [{"t": "S", "f": "V", "v": ["ITB", "itb_2"]}, {"t": "S", "f": "V", "v": ["I", "u_0"]}, {"t": "S", "f": "V", "v": ["I", "u_1"]}]]}]}, {"t": "E", "f": "EOr", "v": [{"t": "E", "f": "EAtom", "v": [{"t": "S", "f": "Op", "v": ["B", "treeb_right", [{"t": "S", "f": "V", "v": ["ITB", "itb_0"]}, {"t": "S", "f": "V", "v": ["I", "u_1"]}, {"t": "S", "f": "V", "v": ["I", "u_0"]}]]}]}, {"t": "E", "f": "EAnd", "v": [{"t": "E", "f": "ENot", "v": [{"t": "E", "f": "EAtom", "v": [{"t": "S", "f": "Op", "v": ["B", "treeb_parallel", [{"t": "S", "f": "V", "v": ["ITB", "itb_1"]}, {"t": "S", "f": "V", "v": ["I", "u_0"]}, {"t": "S", "f": "V", "v": ["I", "u_1"]}]]}]}]}, {"t": "E", "f": "EOr", "v": [{"t": "E", "f": "EAtom", "v": [{"t": "S", "f": "Op", "v": ["B", "treeb_parallel", [{"t": "S", "f": "V", "v": ["ITB", "itb_0"]}, {"t": "S", "f": "V", "v": ["I", "u_1"]}, {"t": "S", "f": "V", "v": ["I", "u_0"]}]]}]}, {"t": "E", "f": "EAnd", "v": [{"t": "E", "f": "EAtom", "v": [{"t": "S", "f": "Op", "v": ["B", "treeb_member", [{"t": "S", "f": "V", "v": ["ITB", "itb_1"]}, {"t": "S", "f": "V", "v": ["I", "u_0"]}]]}]}, {"t": "E", "f": "EOr", "v": [{"t": "E", "f": "ENot", "v": [{"t": "E", "f": "EAtom", "v": [{"t": "S", "f": "V", "v": ["B", "b_0"]}]}]}, {"t": "E", "f": "EOr", "v": [{"t": "E", "f": "EAtom", "v": [{"t": "S", "f": "Op", "v": ["B", "treeb_left", [{"t": "S", "f": "V", "v": ["ITB", "itb_0"]}, {"t": "S", "f": "V", "v": ["I", "u_1"]}, {"t": "S", "f": "V", "v": ["I", "u_0"]}]]}]}, {"t": "E", "f": "EOr", "v": [{"t": "E", "f": "EAtom", "v": [{"t": "S", "f": "Op", "v": ["B", "treeb_left", [{"t": "S", "f": "V", "v": ["ITB", "itb_0"]}, {"t": "S", "f": "V", "v": ["I", "u_0"]}, {"t": "S", "f": "V", "v": ["I", "u_1"]}]]}]}, {"t": "E", "f": "EOr", "v": [{"t": "E", "f": "EAtom", "v": [{"t": "S", "f": "Op", "v": ["B", "treeb_member", [{"t": "S", "f": "V", "v": ["ITB", "itb_1"]}, {"t": "S", "f": "V", "v": ["I", "u_1"]}]]}]}, {"t": "E", "f": "EIte", "v": [{"t": "E", "f": "EAtom", "v": [{"t": "S", "f": "Op", "v": ["B", "==", [{"t": "S", "f": "V", "v": ["I", "u_0"]}, {"t": "S", "f": "V", "v": ["I", "i_0"]}]]}]}, {"t": "E", "f": "EAtom", "v": [{"t": "S", "f": "Op", "v": ["B", "treeb_left", [{"t": "S", "f": "V", "v": ["ITB", "itb_2"]}, {"t": "S", "f": "V", "v": ["I", "i_0"]}, {"t": "S", "f": "V", "v": ["I", "u_1"]}]]}]}, {"t": "E", "f": "EAnd", "v": [{"t": "E", "f": "ENot", "v": [{"t": "E", "f": "EAtom", "v": [{"t": "S", "f": "Op", "v": ["B", "treeb_left", [{"t": "S", "f": "V", "v": ["ITB", "itb_2"]}, {"t": "S", "f": "V", "v": ["I", "u_0"]}, {"t": "S", "f": "V", "v": ["I", "u_1"]}]]}]}]}, {"t": "E", "f": "EAnd", "v": [{"t": "E", "f": "ENot", "v": [{"t": "E", "f": "EAtom", "v": [{"t": "S", "f": "Op", "v": ["B", "treeb_member", [{"t": "S", "f": "V", "v": ["ITB", "itb_0"]}, {"t": "S", "f": "V", "v": ["I", "u_0"]}]]}]}]}, {"t": "E", "f": "EAnd", "v": [{"t": "E", "f": "ENot", "v": [{"t": "E", "f": "EAtom", "v": [{"t": "S", "f": "Op", "v": ["B", "treeb_parallel", [{"t": "S", "f": "V", "v": ["ITB", "itb_0"]}, {"t": "S", "f": "V", "v": ["I", "u_0"]}, {"t": "S", "f": "V", "v": ["I", "u_1"]}]]}]}]}, {"t": "E", "f": "ENot", "v": [{"t": "E", "f": "EAtom", "v": [{"t": "S", "f": "Op", "v": ["B", "treeb_right", [{"t": "S", "f": "V", "v": ["ITB", "itb_2"]}, {"t": "S", "f": "V", "v": ["I", "u_1"]}, {"t": "S", "f": "V", "v": ["I", "u_0"]}]]}]}]}]}]}]}]}]}]}]}]}]}]}]}]}]}]}]}]}]}]}]}]}]}, {"t": "E", "f": "EAnd", "v": [{"t": "E", "f": "ENot", "v": [{"t": "E", "f": "EAtom", "v": [{"t": "S", "f": "Op", "v": ["B", "treeb_parallel", [{"t": "S", "f": "V", "v": ["ITB", "itb_1"]}, {"t": "S", "f": "V", "v": ["I", "u_1"]}, {"t": "S", "f": "V", "v": ["I", "u_0"]}]]}]}]}, {"t": "E", "f": "EIte", "v": [{"t": "E", "f": "EAtom", "v": [{"t": "S", "f": "Op", "v": ["B", "treeb_parallel", [{"t": "S", "f": "V", "v": ["ITB", "itb_2"]}, {"t": "S", "f": "V", "v": ["I", "u_0"]}, {"t": "S", "f": "V", "v": ["I", "u_1"]}]]}]}, {"t": "E", "f": "EAnd", "v": [{"t": "E", "f": "EAtom", "v": [{"t": "S", "f": "Op", "v": ["B", "treeb_member", [{"t": "S", "f": "V", "v": ["ITB", "itb_2"]}, {"t": "S", "f": "V", "v": ["I", "u_0"]}]]}]}, {"t": "E", "f": "EIte", "v": [{"t": "E", "f": "EAtom", "v": [{"t": "S", "f": "Op", "v": ["B", "treeb_member", [{"t": "S", "f": "V", "v": ["ITB", "itb_0"]}, {"t": "S", "f": "V", "v": ["I", "u_0"]}]]}]}, {"t": "E", "f": "EOr", "v": [{"t": "E", "f": "EAtom", "v": [{"t": "S", "f": "Op", "v": ["B", "treeb_parallel", [{"t": "S", "f": "V", "v": ["ITB", "itb_0"]}, {"t": "S", "f": "V", "v": ["I", "u_0"]}, {"t": "S", "f": "V", "v": ["I", "u_1"]}]]}]}, {"t": "E", "f": "EAnd", "v": [{"t": "E", "f": "EAtom", "v": [{"t": "S", "f": "Op", "v": ["B", "treeb_member", [{"t": "S", "f": "V", "v": ["ITB", "itb_1"]}, {"t": "S", "f": "V", "v": ["I", "u_1"]}]]}]}, {"t": "E", "f": "EOr", "v": [{"t": "E", "f": "ENot", "v": [{"t": "E", "f": "EAtom", "v": [{"t": "S", "f": "V", "v": ["B", "b_0"]}]}]}, {"t": "E", "f": "EOr", "v": [{"t": "E", "f": "EAtom", "v": [{"t": "S", "f": "Op", "v": ["B", "==", [{"t": "S", "f": "V", "v": ["I", "u_0"]}, {"t": "S", "f": "V", "v": ["I", "i_0"]}]]}]}, {"t": "E", "f": "EOr", "v": [{"t": "E", "f": "EAtom", "v": [{"t": "S", "f": "Op", "v": ["B", "treeb_left", [{"t": "S", "f": "V", "v": ["ITB", "itb_0"]}, {"t": "S", "f": "V", "v": ["I", "u_1"]}, {"t": "S", "f": "V", "v": ["I", "u_0"]}]]}]}, {"t": "E", "f": "EOr", "v": [{"t": "E", "f": "EAtom", "v": [{"t": "S", "f": "Op", "v": ["B", "treeb_right", [{"t": "S", "f": "V", "v": ["ITB", "itb_0"]}, {"t": "S", "f": "V", "v": ["I", "u_0"]}, {"t": "S", "f": "V", "v": ["I", "u_1"]}]]}]}, {"t": "E", "f": "EOr", "v": [{"t": "E", "f": "EAtom", "v": [{"t": "S", "f": "Op", "v": ["B", "treeb_left", [{"t": "S", "f": "V", "v": ["ITB", "itb_0"]}, {"t": "S", "f": "V", "v": ["I", "u_0"]}, {"t": "S", "f": "V", "v": ["I", "u_1"]}]]}]}, {"t": "E", "f": "EOr", "v": [{"t": "E", "f": "EAtom", "v": [{"t": "S", "f": "Op", "v": ["B", "treeb_member", [{"t": "S", "f": "V", "v": ["ITB", "itb_1"]}, {"t": "S", "f": "V", "v": ["I", "u_0"]}]]}]}, {"t": "E", "f": "EIte", "v": [{"t": "E", "f": "EAtom", "v": [{"t": "S", "f": "Op", "v": ["B", "==", [{"t": "S", "f": "V", "v": ["I", "u_1"]}, {"t": "S", "f": "V", "v": ["I", "i_0"]}]]}]}, {"t": "E", "f": "EAtom", "v": [{"t": "S", "f": "Op", "v": ["B", "treeb_left", [{"t": "S", "f": "V", "v": ["ITB", "itb_2"]}, {"t": "S", "f": "V", "v": ["I", "i_0"]}, {"t": "S", "f": "V", "v": ["I", "u_0"]}]]}]}, {"t": "E", "f": "EAnd", "v": [{"t": "E", "f": "ENot", "v": [{"t": "E", "f": "EAtom", "v": [{"t": "S", "f": "Op", "v": ["B", "treeb_left", [{"t": "S", "f": "V", "v": ["ITB", "itb_2"]}, {"t": "S", "f": "V", "v": ["I", "u_1"]}, {"t": "S", "f": "V", "v": ["I", "u_0"]}]]}]}]}, {"t": "E", "f": "EAnd", "v": [{"t": "E", "f": "ENot", "v": [{"t": "E", "f": "EAtom", "v": [{"t": "S", "f": "Op", "v": ["B", "treeb_member", [{"t": "S", "f": "V", "v": ["ITB", "itb_0"]}, {"t": "S", "f": "V", "v": ["I", "u_1"]}]]}]}]}, {"t": "E", "f": "EAnd", "v": [{"t": "E", "f": "ENot", "v": [{"t": "E", "f": "EAtom", "v": [{"t": "S", "f": "Op", "v": ["B", "treeb_parallel", [{"t": "S", "f": "V", "v": ["ITB", "itb_0"]}, {"t": "S", "f": "V", "v": ["I", "u_1"]}, {"t": "S", "f": "V", "v": ["I", "u_0"]}]]}]}]}, {"t": "E", "f": "ENot", "v": [{"t": "E", "f": "EAtom", "v": [{"t": "S", "f": "Op", "v": ["B", "treeb_right", [{"t": "S", "f": "V", "v": ["ITB", "itb_2"]}, {"t": "S", "f": "V", "v": ["I", "u_0"]}, {"t": "S", "f": "V", "v": ["I", "u_1"]}]]}]}]}]}]}]}]}]}]}]}]}]}]}]}]}, {"t": "E", "f": "EAnd", "v": [{"t": "E", "f": "EAtom", "v": [{"t": "S", "f": "Op", "v": ["B", "treeb_member", [{"t": "S", "f": "V", "v": ["ITB", "itb_1"]}, {"t": "S", "f": "V", "v": ["I", "u_0"]}]]}]}, {"t": "E", "f": "EOr", "v": [{"t": "E", "f": "EAtom", "v": [{"t": "S", "f": "Op", "v": ["B", "treeb_right", [{"t": "S", "f": "V", "v": ["ITB", "itb_2"]}, {"t": "S", "f": "V", "v": ["I", "u_0"]}, {"t": "S", "f": "V", "v": ["I", "u_1"]}]]}]}, {"t": "E", "f": "EOr", "v": [{"t": "E", "f": "EAtom", "v": [{"t": "S", "f": "Op", "v": ["B", "treeb_left", [{"t": "S", "f": "V", "v": ["ITB", "itb_1"]}, {"t": "S", "f": "V", "v": ["I", "u_1"]}, {"t": "S", "f": "V", "v": ["I", "u_0"]}]]}]}, {"t": "E", "f": "EAnd", "v": [{"t": "E", "f": "EAtom", "v": [{"t": "S", "f": "Op", "v": ["B", "treeb_member", [{"t": "S", "f": "V", "v": ["ITB", "itb_1"]}, {"t": "S", "f": "V", "v": ["I", "u_1"]}]]}]}, {"t": "E", "f": "ENot", "v": [{"t": "E", "f": "EAtom", "v": [{"t": "S", "f": "Op", "v": ["B", "==", [{"t": "S", "f": "V", "v": ["I", "u_0"]}, {"t": "S", "f": "V", "v": ["I", "i_0"]}]]}]}]}]}]}]}]}]}]}, {"t": "E", "f": "EAnd", "v": [{"t": "E", "f": "ENot", "v": [{"t": "E", "f": "EAtom", "v": [{"t": "S", "f": "Op", "v": ["B", "treeb_parallel", [{"t": "S", "f": "V", "v": ["ITB", "itb_0"]}, {"t": "S", "f": "V", "v": ["I", "u_1"]}, {"t": "S", "f": "V", "v": ["I", "u_0"]}]]}]}]}, {"t": "E", "f": "EAnd", "v": [{"t": "E", "f": "ENot", "v": [{"t": "E", "f": "EAtom", "v": [{"t": "S", "f": "Op", "v": ["B", "treeb_parallel", [{"t": "S", "f": "V", "v": ["ITB", "itb_1"]}, {"t": "S", "f": "V", "v": ["I", "u_0"]}, {"t": "S", "f": "V", "v": ["I", "u_1"]}]]}]}]}, {"t": "E", "f": "EAnd", "v": [{"t": "E", "f": "ENot", "v": [{"t": "E", "f": "EAtom", "v": [{"t": "S", "f": "Op", "v": ["B", "treeb_parallel", [{"t": "S", "f": "V", "v": ["ITB", "itb_0"]}, {"t": "S", "f": "V", "v": ["I", "u_0"]}, {"t": "S", "f": "V", "v": ["I", "u_1"]}]]}]}]}, {"t": "E", "f": "EIte", "v": [{"t": "E", "f": "EAtom", "v": [{"t": "S", "f": "Op", "v": ["B", "treeb_member", [{"t": "S", "f": "V", "v": ["ITB", "itb_0"]}, {"t": "S", "f": "V", "v": ["I", "u_1"]}]]}]}, {"t": "E", "f": "EAnd", "v": [{"t": "E", "f": "ENot", "v": [{"t": "E", "f": "EAtom", "v": [{"t": "S", "f": "Op", "v": ["B", "treeb_member", [{"t": "S", "f": "V", "v": ["ITB", "itb_1"]}, {"t": "S", "f": "V", "v": ["I", "u_0"]}]]}]}]}, {"t": "E", "f": "EIte", "v": [{"t": "E", "f": "EAtom", "v": [{"t": "S", "f": "V", "v": ["B", "b_0"]}]}, {"t": "E", "f": "EIte", "v": [{"t": "E", "f": "EAtom", "v": [{"t": "S", "f": "Op", "v": ["B", "treeb_left", [{"t": "S", "f": "V", "v": ["ITB", "itb_2"]}, {"t": "S", "f": "V", "v": ["I", "u_0"]}, {"t": "S", "f": "V", "v": ["I", "u_1"]}]]}]}, {"t": "E", "f": "EOr", "v": [{"t": "E", "f": "EAtom", "v": [{"t": "S", "f": "Op", "v": ["B", "treeb_left", [{"t": "S", "f": "V", "v": ["ITB", "itb_0"]}, {"t": "S", "f": "V", "v": ["I", "u_0"]}, {"t": "S", "f": "V", "v": ["I", "u_1"]}]]}]}, {"t": "E", "f": "EAnd", "v": [{"t": "E", "f": "EAtom", "v": [{"t": "S", "f": "Op", "v": ["B", "==", [{"t": "S", "f": "V", "v": ["I", "u_0"]}, {"t": "S", "f": "V", "v": ["I", "i_0"]}]]}]}, {"t": "E", "f": "EOr", "v": [{"t": "E", "f": "EAtom", "v": [{"t": "S", "f": "Op", "v": ["B", "treeb_member", [{"t": "S", "f": "V", "v": ["ITB", "itb_0"]}, {"t": "S", "f": "V", "v": ["I", "i_0"]}]]}]}, {"t": "E", "f": "EOr", "v": [{"t": "E", "f": "EAtom", "v": [{"t": "S", "f": "Op", "v": ["B", "treeb_member", [{"t": "S", "f": "V", "v": ["ITB", "itb_1"]}, {"t": "S", "f": "V", "v": ["I", "u_1"]}]]}]}, {"t": "E", "f": "ENot", "v": [{"t": "E", "f": "EAtom", "v": [{"t": "S", "f": "Op", "v": ["B", "treeb_right", [{"t": "S", "f": "V", "v": ["ITB", "itb_2"]}, {"t": "S", "f": "V", "v": ["I", "i_0"]}, {"t": "S", "f": "V", "v": ["I", "u_1"]}]]}]}]}]}]}]}]}, {"t": "E", "f": "EAnd", "v": [{"t": "E", "f": "ENot", "v": [{"t": "E", "f": "EAtom", "v": [{"t": "S", "f": "Op", "v": ["B", "==", [{"t": "S", "f": "V", "v": ["I", "u_0"]}, {"t": "S", "f": "V", "v": ["I", "i_0"]}]]}]}]}, {"t": "E", "f": "EOr", "v": [{"t": "E", "f": "EAtom", "v": [{"t": "S", "f": "Op", "v": ["B", "==", [{"t": "S", "f": "V", "v": ["I", "u_1"]}, {"t": "S", "f": "V", "v": ["I", "i_0"]}]]}]}, {"t": "E", "f": "EOr", "v": [{"t": "E", "f": "EAtom", "v": [{"t": "S", "f": "Op", "v": ["B", "treeb_member", [{"t": "S", "f": "V", "v": ["ITB", "itb_1"]}, {"t": "S", "f": "V", "v": ["I", "u_1"]}]]}]}, {"t": "E", "f": "EAnd", "v": [{"t": "E", "f": "ENot", "v": [{"t": "E", "f": "EAtom", "v": [{"t": "S", "f": "Op", "v": ["B", "treeb_left", [{"t": "S", "f": "V", "v": ["ITB", "itb_0"]}, {"t": "S", "f": "V", "v": ["I", "u_0"]}, {"t": "S", "f": "V", "v": ["I", "u_1"]}]]}]}]}, {"t": "E", "f": "EAnd", "v": [{"t": "E", "f": "ENot", "v": [{"t": "E", "f": "EAtom", "v": [{"t": "S", "f": "Op", "v": ["B", "treeb_right", [{"t": "S", "f": "V", "v": ["ITB", "itb_1"]}, {"t": "S", "f": "V", "v": ["I", "u_1"]}, {"t": "S", "f": "V", "v": ["I", "u_0"]}]]}]}]}, {"t": "E", "f": "EIte", "v": [{"t": "E", "f": "EAtom", "v": [{"t": "S", "f": "Op", "v": ["B", "treeb_member", [{"t": "S", "f": "V", "v": ["ITB", "itb_0"]}, {"t": "S", "f": "V", "v": ["I", "u_0"]}]]}]}, {"t": "E", "f": "EOr", "v": [{"t": "E", "f": "EAtom", "v": [{"t": "S", "f": "Op", "v": ["B", "treeb_left", [{"t": "S", "f": "V", "v": ["ITB", "itb_0"]}, {"t": "S", "f": "V", "v": ["I", "u_1"]}, {"t": "S", "f": "V", "v": ["I", "u_0"]}]]}]}, {"t": "E", "f": "EIte", "v": [{"t": "E", "f": "EAtom", "v": [{"t": "S", "f": "Op", "v": ["B", "treeb_right", [{"t": "S", "f": "V", "v": ["ITB", "itb_2"]}, {"t": "S", "f": "V", "v": ["I", "u_1"]}, {"t": "S", "f": "V", "v": ["I", "u_0"]}]]}]}, {"t": "E", "f": "EAtom", "v": [{"t": "S", "f": "Op", "v": ["B", "treeb_right", [{"t": "S", "f": "V", "v": ["ITB", "itb_0"]}, {"t": "S", "f": "V", "v": ["I", "u_1"]}, {"t": "S", "f": "V", "v": ["I", "u_0"]}]]}]}, {"t": "E", "f": "EOr", "v": [{"t": "E", "f": "EAtom", "v": [{"t": "S", "f": "Op", "v": ["B", "treeb_right", [{"t": "S", "f": "V", "v": ["ITB", "itb_2"]}, {"t": "S", "f": "V", "v": ["I", "u_0"]}, {"t": "S", "f": "V", "v": ["I", "u_1"]}]]}]}, {"t": "E", "f": "EAnd", "v": [{"t": "E", "f": "EAtom", "v": [{"t": "S", "f": "Op", "v": ["B", "==", [{"t": "S", "f": "V", "v": ["I", "u_1"]}, {"t": "S", "f": "V", "v": ["I", "u_0"]}]]}]}, {"t": "E", "f": "EAnd", "v": [{"t": "E", "f": "ENot", "v": [{"t": "E", "f": "EAtom", "v": [{"t": "S", "f": "Op", "v": ["B", "treeb_right", [{"t": "S", "f": "V", "v": ["ITB", "itb_0"]}, {"t": "S", "f": "V", "v": ["I", "u_0"]}, {"t": "S", "f": "V", "v": ["I", "u_0"]}]]}]}]}, {"t": "E", "f": "ENot", "v": [{"t": "E", "f": "EAtom", "v": [{"t": "S", "f": "Op", "v": ["B", "treeb_left", [{"t": "S", "f": "V", "v": ["ITB", "itb_1"]}, {"t": "S", "f": "V", "v": ["I", "u_0"]}, {"t": "S", "f": "V", "v": ["I", "u_0"]}]]}]}]}]}]}]}]}]}, {"t": "E", "f": "EAnd", "v": [{"t": "E", "f": "ENot", "v": [{"t": "E", "f": "EAtom", "v": [{"t": "S", "f": "Op", "v": ["B", "treeb_member", [{"t": "S", "f": "V", "v": ["ITB", "itb_2"]}, {"t": "S", "f": "V", "v": ["I", "u_0"]}]]}]}]}, {"t": "E", "f": "EAnd", "v": [{"t": "E", "f": "ENot", "v": [{"t": "E", "f": "EAtom", "v": [{"t": "S", "f": "Op", "v": ["B", "treeb_left", [{"t": "S", "f": "V", "v": ["ITB", "itb_0"]}, {"t": "S", "f": "V", "v": ["I", "u_1"]}, {"t": "S", "f": "V", "v": ["I", "u_0"]}]]}]}]}, {"t": "E", "f": "EAnd", "v": [{"t": "E", "f": "ENot", "v": [{"t": "E", "f": "EAtom", "v": [{"t": "S", "f": "Op", "v": ["B", "treeb_right", [{"t": "S", "f": "V", "v": ["ITB", "itb_0"]}, {"t": "S", "f": "V", "v": ["I", "u_0"]}, {"t": "S", "f": "V", "v": ["I", "u_1"]}]]}]}]}, {"t": "E", "f": "ENot", "v": [{"t": "E", "f": "EAtom", "v": [{"t": "S", "f": "Op", "v": ["B", "treeb_left", [{"t": "S", "f": "V", "v": ["ITB", "itb_2"]}, {"t": "S", "f": "V", "v": ["I", "u_1"]}, {"t": "S", "f": "V", "v": ["I", "u_0"]}]]}]}]}]}]}]}]}]}]}]}]}]}]}, {"t": "E", "f": "EOr", "v": [{"t": "E", "f": "EAtom", "v": [{"t": "S", "f": "Op", "v": ["B", "treeb_right", [{"t": "S", "f": "V", "v": ["ITB", "itb_0"]}, {"t": "S", "f": "V", "v": ["I", "u_1"]}, {"t": "S", "f": "V", "v": ["I", "u_0"]}]]}]}, {"t": "E", "f": "EAnd", "v": [{"t": "E", "f": "ENot", "v": [{"t": "E", "f": "EAtom", "v": [{"t": "S", "f": "Op", "v": ["B", "treeb_left", [{"t": "S", "f": "V", "v": ["ITB", "itb_1"]}, {"t": "S", "f": "V", "v": ["I", "u_1"]}, {"t": "S", "f": "V", "v": ["I", "u_0"]}]]}]}]}, {"t": "E", "f": "EOr", "v": [{"t": "E", "f": "EAtom", "v": [{"t": "S", "f": "Op", "v": ["B", "treeb_left", [{"t": "S", "f": "V", "v": ["ITB", "itb_0"]}, {"t": "S", "f": "V", "v": ["I", "u_0"]}, {"t": "S", "f": "V", "v": ["I", "u_1"]}]]}]}, {"t": "E", "f": "EOr", "v": [{"t": "E", "f": "EAtom", "v": [{"t": "S", "f": "Op", "v": ["B", "treeb_right", [{"t": "S", "f": "V", "v": ["ITB", "itb_0"]}, {"t": "S", "f": "V", "v": ["I", "u_0"]}, {"t": "S", "f": "V", "v": ["I", "u_1"]}]]}]}, {"t": "E", "f": "EOr", "v": [{"t": "E", "f": "EAtom", "v": [{"t": "S", "f": "Op", "v": ["B", "treeb_member", [{"t": "S", "f": "V", "v": ["ITB", "itb_1"]}, {"t": "S", "f": "V", "v": ["I", "u_1"]}]]}]}, {"t": "E", "f": "EOr", "v": [{"t": "E", "f": "EAtom", "v": [{"t": "S", "f": "Op", "v": ["B", "treeb_left", [{"t": "S", "f": "V", "v": ["ITB", "itb_0"]}, {"t": "S", "f": "V", "v": ["I", "u_1"]}, {"t": "S", "f": "V", "v": ["I", "u_0"]}]]}]}, {"t": "E", "f": "EAnd", "v": [{"t": "E", "f": "ENot", "v": [{"t": "E", "f": "EAtom", "v": [{"t": "S", "f": "Op", "v": ["B", "treeb_right", [{"t": "S", "f": "V", "v": ["ITB", "itb_2"]}, {"t": "S", "f": "V", "v": ["I", "u_1"]}, {"t": "S", "f": "V", "v": ["I", "u_0"]}]]}]}]}, {"t": "E", "f": "EIte", "v": [{"t": "E", "f": "EAtom", "v": [{"t": "S", "f": "Op", "v": ["B", "treeb_left", [{"t": "S", "f": "V", "v": ["ITB", "itb_2"]}, {"t": "S", "f": "V", "v": ["I", "u_1"]}, {"t": "S", "f": "V", "v": ["I", "u_0"]}]]}]}, {"t": "E", "f": "EAtom", "v": [{"t": "S", "f": "Op", "v": ["B", "==", [{"t": "S", "f": "V", "v": ["I", "u_1"]}, {"t": "S", "f": "V", "v": ["I", "i_0"]}]]}]}, {"t": "E", "f": "EOr", "v": [{"t": "E", "f": "EAtom", "v": [{"t": "S", "f": "Op", "v": ["B", "==", [{"t": "S", "f": "V", "v": ["I", "u_1"]}, {"t": "S", "f": "V", "v": ["I", "u_0"]}]]}]}, {"t": "E", "f": "EAnd", "v": [{"t": "E", "f": "ENot", "v": [{"t": "E", "f": "EAtom", "v": [{"t": "S", "f": "Op", "v": ["B", "treeb_member", [{"t": "S", "f": "V", "v": ["ITB", "itb_0"]}, {"t": "S", "f": "V", "v": ["I", "u_0"]}]]}]}]}, {"t": "E", "f": "EOr", "v": [{"t": "E", "f": "ENot", "v": [{"t": "E", "f": "EAtom", "v": [{"t": "S", "f": "Op", "v": ["B", "treeb_left", [{"t": "S", "f": "V", "v": ["ITB", "itb_2"]}, {"t": "S", "f": "V", "v": ["I", "u_0"]}, {"t": "S", "f": "V", "v": ["I", "u_1"]}]]}]}]}, {"t": "E", "f": "EAtom", "v": [{"t": "S", "f": "Op", "v": ["B", "==", [{"t": "S", "f": "V", "v": ["I", "u_0"]}, {"t": "S", "f": "V", "v": ["I", "i_0"]}]]}]}]}]}]}]}]}]}]}]}]}]}]}]}]}, {"t": "E", "f": "EIte", "v": [{"t": "E", "f": "EAtom", "v": [{"t": "S", "f": "Op", "v": ["B", "treeb_member", [{"t": "S", "f": "V", "v": ["ITB", "itb_1"]}, {"t": "S", "f": "V", "v": ["I", "u_0"]}]]}]}, {"t": "E", "f": "EIte", "v": [{"t": "E", "f": "EAtom", "v": [{"t": "S", "f": "Op", "v": ["B", "treeb_member", [{"t": "S", "f": "V", "v": ["ITB", "itb_1"]}, {"t": "S", "f": "V", "v": ["I", "u_1"]}]]}]}, {"t": "E", "f": "EAnd", "v": [{"t": "E", "f": "ENot", "v": [{"t": "E", "f": "EAtom", "v": [{"t": "S", "f": "Op", "v": ["B", "treeb_right", [{"t": "S", "f": "V", "v": ["ITB", "itb_0"]}, {"t": "S", "f": "V", "v": ["I", "u_1"]}, {"t": "S", "f": "V", "v": ["I", "u_0"]}]]}]}]}, {"t": "E", "f": "EAnd", "v": [{"t": "E", "f": "ENot", "v": [{"t": "E", "f": "EAtom", "v": [{"t": "S", "f": "Op", "v": ["B", "treeb_member", [{"t": "S", "f": "V", "v": ["ITB", "itb_0"]}, {"t": "S", "f": "V", "v": ["I", "u_0"]}]]}]}]}, {"t": "E", "f": "EAnd", "v": [{"t": "E", "f": "ENot", "v": [{"t": "E", "f": "EAtom", "v": [{"t": "S", "f": "Op", "v": ["B", "treeb_left", [{"t": "S", "f": "V", "v": ["ITB", "itb_0"]}, {"t": "S", "f": "V", "v": ["I", "u_1"]}, {"t": "S", "f": "V", "v": ["I", "u_0"]}]]}]}]}, {"t": "E", "f": "EIte", "v": [{"t": "E", "f": "EAtom", "v": [{"t": "S", "f": "Op", "v": ["B", "==", [{"t": "S", "f": "V", "v": ["I", "u_1"]}, {"t": "S", "f": "V", "v": ["I", "i_0"]}]]}]}, {"t": "E", "f": "EAtom", "v": [{"t": "S", "f": "Op", "v": ["B", "treeb_right", [{"t": "S", "f": "V", "v": ["ITB", "itb_2"]}, {"t": "S", "f": "V", "v": ["I", "i_0"]}, {"t": "S", "f": "V", "v": ["I", "u_0"]}]]}]}, {"t": "E", "f": "EOr", "v": [{"t": "E", "f": "EAtom", "v": [{"t": "S", "f": "Op", "v": ["B", "==", [{"t": "S", "f": "V", "v": ["I", "u_0"]}, {"t": "S", "f": "V", "v": ["I", "i_0"]}]]}]}, {"t": "E", "f": "EIte", "v": [{"t": "E", "f": "EAtom", "v": [{"t": "S", "f": "Op", "v": ["B", "treeb_right", [{"t": "S", "f": "V", "v": ["ITB", "itb_1"]}, {"t": "S", "f": "V", "v": ["I", "u_1"]}, {"t": "S", "f": "V", "v": ["I", "u_0"]}]]}]}, {"t": "E", "f": "EAtom", "v": [{"t": "S", "f": "Op", "v": ["B", "treeb_right", [{"t": "S", "f": "V", "v": ["ITB", "itb_2"]}, {"t": "S", "f": "V", "v": ["I", "u_1"]}, {"t": "S", "f": "V", "v": ["I", "u_0"]}]]}]}, {"t": "E", "f": "EAnd", "v": [{"t": "E", "f": "ENot", "v": [{"t": "E", "f": "EAtom", "v": [{"t": "S", "f": "Op", "v": ["B", "treeb_right", [{"t": "S", "f": "V", "v": ["ITB", "itb_2"]}, {"t": "S", "f": "V", "v": ["I", "u_1"]}, {"t": "S", "f": "V", "v": ["I", "u_0"]}]]}]}]}, {"t": "E", "f": "EOr", "v": [{"t": "E", "f": "EAtom", "v": [{"t": "S", "f": "Op", "v": ["B", "treeb_right", [{"t": "S", "f": "V", "v": ["ITB", "itb_1"]}, {"t": "S", "f": "V", "v": ["I", "u_0"]}, {"t": "S", "f": "V", "v": ["I", "u_1"]}]]}]}, {"t": "E", "f": "EIte", "v": [{"t": "E", "f": "EAtom", "v": [{"t": "S", "f": "Op", "v": ["B", "==", [{"t": "S", "f": "V", "v": ["I", "u_1"]}, {"t": "S", "f": "V", "v": ["I", "u_0"]}]]}]}, {"t": "E", "f": "EIte", "v": [{"t": "E", "f": "EAtom", "v": [{"t": "S", "f": "V", "v": ["B", "b_0"]}]}, {"t": "E", "f": "EAnd", "v": [{"t": "E", "f": "ENot", "v": [{"t": "E", "f": "EAtom", "v": [{"t": "S", "f": "Op", "v": ["B", "treeb_left", [{"t": "S", "f": "V", "v": ["ITB", "itb_0"]}, {"t": "S", "f": "V", "v": ["I", "u_0"]}, {"t": "S", "f": "V", "v": ["I", "u_0"]}]]}]}]}, {"t": "E", "f": "EAnd", "v": [{"t": "E", "f": "ENot", "v": [{"t": "E", "f": "EAtom", "v": [{"t": "S", "f": "Op", "v": ["B", "treeb_right", [{"t": "S", "f": "V", "v": ["ITB", "itb_0"]}, {"t": "S", "f": "V", "v": ["I", "u_0"]}, {"t": "S", "f": "V", "v": ["I", "u_0"]}]]}]}]}, {"t": "E", "f": "EIte", "v": [{"t": "E", "f": "EAtom", "v": [{"t": "S", "f": "Op", "v": ["B", "treeb_left", [{"t": "S", "f": "V", "v": ["ITB", "itb_1"]}, {"t": "S", "f": "V", "v": ["I", "u_0"]}, {"t": "S", "f": "V", "v": ["I", "u_0"]}]]}]}, {"t": "E", "f": "EAtom", "v": [{"t": "S", "f": "Op", "v": ["B", "treeb_left", [{"t": "S", "f": "V", "v": ["ITB", "itb_2"]}, {"t": "S", "f": "V", "v": ["I", "u_0"]}, {"t": "S", "f": "V", "v": ["I", "u_0"]}]]}]}, {"t": "E", "f": "ENot", "v": [{"t": "E", "f": "EAtom", "v": [{"t": "S", "f": "Op", "v": ["B", "treeb_left", [{"t": "S", "f": "V", "v": ["ITB", "itb_2"]}, {"t": "S", "f": "V", "v": ["I", "u_0"]}, {"t": "S", "f": "V", "v": ["I", "u_0"]}]]}]}]}]}]}]}, {"t": "E", "f": "EOr", "v": [{"t": "E", "f": "EAtom", "v": [{"t": "S", "f": "Op", "v": ["B", "treeb_left", [{"t": "S", "f": "V", "v": ["ITB", "itb_1"]}, {"t": "S", "f": "V", "v": ["I", "u_0"]}, {"t": "S", "f": "V", "v": ["I", "u_0"]}]]}]}, {"t": "E", "f": "ENot", "v": [{"t": "E", "f": "EAtom", "v": [{"t": "S", "f": "Op", "v": ["B", "treeb_left", [{"t": "S", "f": "V", "v": ["ITB", "itb_2"]}, {"t": "S", "f": "V", "v": ["I", "u_0"]}, {"t": "S", "f": "V", "v": ["I", "u_0"]}]]}]}]}]}]}, {"t": "E", "f": "EOr", "v": [{"t": "E", "f": "EAtom", "v": [{"t": "S", "f": "Op", "v": ["B", "treeb_left", [{"t": "S", "f": "V", "v": ["ITB", "itb_1"]}, {"t": "S", "f": "V", "v": ["I", "u_1"]}, {"t": "S", "f": "V", "v": ["I", "u_0"]}]]}]}, {"t": "E", "f": "EAtom", "v": [{"t": "S", "f": "Op", "v": ["B", "treeb_left", [{"t": "S", "f": "V", "v": ["ITB", "itb_1"]}, {"t": "S", "f": "V", "v": ["I", "u_0"]}, {"t": "S", "f": "V", "v": ["I", "u_1"]}]]}]}]}]}]}]}]}]}]}]}]}]}, {"t": "E", "f": "EOr", "v": [{"t": "E", "f": "EAtom", "v": [{"t": "S", "f": "Op", "v": ["B", "treeb_member", [{"t": "S", "f": "V", "v": ["ITB", "itb_0"]}, {"t": "S", "f": "V", "v": ["I", "u_0"]}]]}]}, {"t": "E", "f": "EAnd", "v": [{"t": "E", "f": "EAtom", "v": [{"t": "S", "f": "Op", "v": ["B", "treeb_right", [{"t": "S", "f": "V", "v": ["ITB", "itb_2"]}, {"t": "S", "f": "V", "v": ["I", "u_1"]}, {"t": "S", "f": "V", "v": ["I", "u_0"]}]]}]}, {"t": "E", "f": "EAnd", "v": [{"t": "E", "f": "ENot", "v": [{"t": "E", "f": "EAtom", "v": [{"t": "S", "f": "Op", "v": ["B", "treeb_right", [{"t": "S", "f": "V", "v": ["ITB", "itb_1"]}, {"t": "S", "f": "V", "v": ["I", "u_0"]}, {"t": "S", "f": "V", "v": ["I", "u_1"]}]]}]}]}, {"t": "E", "f": "EAnd", "v": [{"t": "E", "f": "ENot", "v": [{"t": "E", "f": "EAtom", "v": [{"t": "S", "f": "Op", "v": ["B", "treeb_left", [{"t": "S", "f": "V", "v": ["ITB", "itb_2"]}, {"t": "S", "f": "V", "v": ["I", "u_0"]}, {"t": "S", "f": "V", "v": ["I", "u_1"]}]]}]}]}, {"t": "E", "f": "EAnd", "v": [{"t": "E", "f": "ENot", "v": [{"t": "E", "f": "EAtom", "v": [{"t": "S", "f": "Op", "v": ["B", "treeb_left", [{"t": "S", "f": "V", "v": ["ITB", "itb_0"]}, {"t": "S", "f": "V", "v": ["I", "u_1"]}, {"t": "S", "f": "V", "v": ["I", "u_0"]}]]}]}]}, {"t": "E", "f": "ENot", "v": [{"t": "E", "f": "EAtom", "v": [{"t": "S", "f": "Op", "v": ["B", "treeb_left", [{"t": "S", "f": "V", "v": ["ITB", "itb_2"]}, {"t": "S", "f": "V", "v": ["I", "u_1"]}, {"t": "S", "f": "V", "v": ["I", "u_0"]}]]}]}]}]}]}]}]}]}]}, {"t": "E", "f": "EAnd", "v": [{"t": "E", "f": "ENot", "v": [{"t": "E", "f": "EAtom", "v": [{"t": "S", "f": "Op", "v": ["B", "treeb_left", [{"t": "S", "f": "V", "v": ["ITB", "itb_2"]}, {"t": "S", "f": "V", "v": ["I", "u_0"]}, {"t": "S", "f": "V", "v": ["I", "u_1"]}]]}]}]}, {"t": "E", "f": "EAnd", "v": [{"t": "E", "f": "ENot", "v": [{"t": "E", "f": "EAtom", "v": [{"t": "S", "f": "Op", "v": ["B", "treeb_right", [{"t": "S", "f": "V", "v": ["ITB", "itb_2"]}, {"t": "S", "f": "V", "v": ["I", "u_1"]}, {"t": "S", "f": "V", "v": ["I", "u_0"]}]]}]}]}, {"t": "E", "f": "EIte", "v": [{"t": "E", "f": "EAtom", "v": [{"t": "S", "f": "Op", "v": ["B", "==", [{"t": "S", "f": "V", "v": ["I", "u_1"]}, {"t": "S", "f": "V", "v": ["I", "i_0"]}]]}]}, {"t": "E", "f": "EAnd", "v": [{"t": "E", "f": "ENot", "v": [{"t": "E", "f": "EAtom", "v": [{"t": "S", "f": "Op", "v": ["B", "treeb_right", [{"t": "S", "f": "V", "v": ["ITB", "itb_0"]}, {"t": "S", "f": "V", "v": ["I", "u_0"]}, {"t": "S", "f": "V", "v": ["I", "i_0"]}]]}]}]}, {"t": "E", "f": "EAnd", "v": [{"t": "E", "f": "ENot", "v": [{"t": "E", "f": "EAtom", "v": [{"t": "S", "f": "Op", "v": ["B", "treeb_left", [{"t": "S", "f": "V", "v": ["ITB", "itb_0"]}, {"t": "S", "f": "V", "v": ["I", "u_0"]}, {"t": "S", "f": "V", "v": ["I", "i_0"]}]]}]}]}, {"t": "E", "f": "EOr", "v": [{"t": "E", "f": "EAtom", "v": [{"t": "S", "f": "Op", "v": ["B", "==", [{"t": "S", "f": "V", "v": ["I", "i_0"]}, {"t": "S", "f": "V", "v": ["I", "u_0"]}]]}]}, {"t": "E", "f": "EAnd", "v": [{"t": "E", "f": "ENot", "v": [{"t": "E", "f": "EAtom", "v": [{"t": "S", "f": "Op", "v": ["B", "treeb_left", [{"t": "S", "f": "V", "v": ["ITB", "itb_1"]}, {"t": "S", "f": "V", "v": ["I", "u_0"]}, {"t": "S", "f": "V", "v": ["I", "i_0"]}]]}]}]}, {"t": "E", "f": "EAnd", "v": [{"t": "E", "f": "ENot", "v": [{"t": "E", "f": "EAtom", "v": [{"t": "S", "f": "Op", "v": ["B", "treeb_right", [{"t": "S", "f": "V", "v": ["ITB", "itb_2"]}, {"t": "S", "f": "V", "v": ["I", "u_0"]}, {"t": "S", "f": "V", "v": ["I", "i_0"]}]]}]}]}, {"t": "E", "f": "EIte", "v": [{"t": "E", "f": "EAtom", "v": [{"t": "S", "f": "V", "v": ["B", "b_0"]}]}, {"t": "E", "f": "EAnd", "v": [{"t": "E", "f": "ENot", "v": [{"t": "E", "f": "EAtom", "v": [{"t": "S", "f": "Op", "v": ["B", "treeb_right", [{"t": "S", "f": "V", "v": ["ITB", "itb_0"]}, {"t": "S", "f": "V", "v": ["I", "i_0"]}, {"t": "S", "f": "V", "v": ["I", "u_0"]}]]}]}]}, {"t": "E", "f": "EIte", "v": [{"t": "E", "f": "EAtom", "v": [{"t": "S", "f": "Op", "v": ["B", "treeb_member", [{"t": "S", "f": "V", "v": ["ITB", "itb_0"]}, {"t": "S", "f": "V", "v": ["I", "u_0"]}]]}]}, {"t": "E", "f": "EAnd", "v": [{"t": "E", "f": "ENot", "v": [{"t": "E", "f": "EAtom", "v": [{"t": "S", "f": "Op", "v": ["B", "treeb_member", [{"t": "S", "f": "V", "v": ["ITB", "itb_1"]}, {"t": "S", "f": "V", "v": ["I", "i_0"]}]]}]}]}, {"t": "E", "f": "EAtom", "v": [{"t": "S", "f": "Op", "v": ["B", "treeb_member", [{"t": "S", "f": "V", "v": ["ITB", "itb_2"]}, {"t": "S", "f": "V", "v": ["I", "u_0"]}]]}]}]}, {"t": "E", "f": "EOr", "v": [{"t": "E", "f": "EAtom", "v": [{"t": "S", "f": "Op", "v": ["B", "treeb_member", [{"t": "S", "f": "V", "v": ["ITB", "itb_1"]}, {"t": "S", "f": "V", "v": ["I", "i_0"]}]]}]}, {"t": "E", "f": "EAnd", "v": [{"t": "E", "f": "ENot", "v": [{"t": "E", "f": "EAtom", "v": [{"t": "S", "f": "Op", "v": ["B", "treeb_member", [{"t": "S", "f": "V", "v": ["ITB", "itb_2"]}, {"t": "S", "f": "V", "v": ["I", "u_0"]}]]}]}]}, {"t": "E", "f": "ENot", "v": [{"t": "E", "f": "EAtom", "v": [{"t": "S", "f": "Op", "v": ["B", "treeb_left", [{"t": "S", "f": "V", "v": ["ITB", "itb_2"]}, {"t": "S", "f": "V", "v": ["I", "i_0"]}, {"t": "S", "f": "V", "v": ["I", "u_0"]}]]}]}]}]}]}]}]}, {"t": "E", "f": "EOr", "v": [{"t": "E", "f": "ENot", "v": [{"t": "E", "f": "EAtom", "v": [{"t": "S", "f": "Op", "v": ["B", "treeb_left", [{"t": "S", "f": "V", "v": ["ITB", "itb_2"]}, {"t": "S", "f": "V", "v": ["I", "i_0"]}, {"t": "S", "f": "V", "v": ["I", "u_0"]}]]}]}]}, {"t": "E", "f": "EAtom", "v": [{"t": "S", "f": "Op", "v": ["B", "treeb_member", [{"t": "S", "f": "V", "v": ["ITB", "itb_0"]}, {"t": "S", "f": "V", "v": ["I", "u_0"]}]]}]}]}]}]}]}]}]}]}, {"t": "E", "f": "EAnd", "v": [{"t": "E", "f": "EAtom", "v": [{"t": "S", "f": "Op", "v": ["B", "treeb_member", [{"t": "S", "f": "V", "v": ["ITB", "itb_1"]}, {"t": "S", "f": "V", "v": ["I", "u_1"]}]]}]}, {"t": "E", "f": "EAnd", "v": [{"t": "E", "f": "ENot", "v": [{"t": "E", "f": "EAtom", "v": [{"t": "S", "f": "Op", "v": ["B", "treeb_left", [{"t": "S", "f": "V", "v": ["ITB", "itb_2"]}, {"t": "S", "f": "V", "v": ["I", "u_1"]}, {"t": "S", "f": "V", "v": ["I", "u_0"]}]]}]}]}, {"t": "E", "f": "EAnd", "v": [{"t": "E", "f": "ENot", "v": [{"t": "E", "f": "EAtom", "v": [{"t": "S", "f": "Op", "v": ["B", "treeb_member", [{"t": "S", "f": "V", "v": ["ITB", "itb_0"]}, {"t": "S", "f": "V", "v": ["I", "u_0"]}]]}]}]}, {"t": "E", "f": "EAnd", "v": [{"t": "E", "f": "ENot", "v": [{"t": "E", "f": "EAtom", "v": [{"t": "S", "f": "Op", "v": ["B", "treeb_right", [{"t": "S", "f": "V", "v": ["ITB", "itb_1"]}, {"t": "S", "f": "V", "v": ["I", "u_0"]}, {"t": "S", "f": "V", "v": ["I", "u_1"]}]]}]}]}, {"t": "E", "f": "EAnd", "v": [{"t": "E", "f": "ENot", "v": [{"t": "E", "f": "EAtom", "v": [{"t": "S", "f": "Op", "v": ["B", "treeb_left", [{"t": "S", "f": "V", "v": ["ITB", "itb_1"]}, {"t": "S", "f": "V", "v": ["I", "u_0"]}, {"t": "S", "f": "V", "v": ["I", "u_1"]}]]}]}]}, {"t": "E", "f": "EAnd", "v": [{"t": "E", "f": "ENot", "v": [{"t": "E", "f": "EAtom", "v": [{"t": "S", "f": "Op", "v": ["B", "treeb_left", [{"t": "S", "f": "V", "v": ["ITB", "itb_1"]}, {"t": "S", "f": "V", "v": ["I", "u_1"]}, {"t": "S", "f": "V", "v": ["I", "u_0"]}]]}]}]}, {"t": "E", "f": "EOr", "v": [{"t": "E", "f": "ENot", "v": [{"t": "E", "f": "EAtom", "v": [{"t": "S", "f": "Op", "v": ["B", "==", [{"t": "S", "f": "V", "v": ["I", "u_0"]}, {"t": "S", "f": "V", "v": ["I", "i_0"]}]]}]}]}, {"t": "E", "f": "EAnd", "v": [{"t": "E", "f": "ENot", "v": [{"t": "E", "f": "EAtom", "v": [{"t": "S", "f": "Op", "v": ["B", "treeb_right", [{"t": "S", "f": "V", "v": ["ITB", "itb_1"]}, {"t": "S", "f": "V", "v": ["I", "u_1"]}, {"t": "S", "f": "V", "v": ["I", "i_0"]}]]}]}]}, {"t": "E", "f": "EAtom", "v": [{"t": "S", "f": "Op", "v": ["B", "treeb_right", [{"t": "S", "f": "V", "v": ["ITB", "itb_2"]}, {"t": "S", "f": "V", "v": ["I", "i_0"]}, {"t": "S", "f": "V", "v": ["I", "u_1"]}]]}]}]}]}]}]}]}]}]}]}]}]}]}]}]}]}]}]}]}]}]}, {"t": "E", "f": "EAnd", "v": [{"t": "E", "f": "ENot", "v": [{"t": "E", "f": "EAtom", "v": [{"t": "S", "f": "Op", "v": ["B", "treeb_right", [{"t": "S", "f": "V", "v": ["ITB", "itb_1"]}, {"t": "S", "f": "V", "v": ["I", "u_1"]}, {"t": "S", "f": "V", "v": ["I", "u_0"]}]]}]}]}, {"t": "E", "f": "EIte", "v": [{"t": "E", "f": "EAtom", "v": [{"t": "S", "f": "Op", "v": ["B", "treeb_member", [{"t": "S", "f": "V", "v": ["ITB", "itb_2"]}, {"t": "S", "f": "V", "v": ["I", "u_0"]}]]}]}, {"t": "E", "f": "EAnd", "v": [{"t": "E", "f": "ENot", "v": [{"t": "E", "f": "EAtom", "v": [{"t": "S", "f": "Op", "v": ["B", "treeb_left", [{"t": "S", "f": "V", "v": ["ITB", "itb_2"]}, {"t": "S", "f": "V", "v": ["I", "u_0"]}, {"t": "S", "f": "V", "v": ["I", "u_1"]}]]}]}]}, {"t": "E", "f": "EAnd", "v": [{"t": "E", "f": "ENot", "v": [{"t": "E", "f": "EAtom", "v": [{"t": "S", "f": "Op", "v": ["B", "treeb_parallel", [{"t": "S", "f": "V", "v": ["ITB", "itb_2"]}, {"t": "S", "f": "V", "v": ["I", "u_0"]}, {"t": "S", "f": "V", "v": ["I", "u_1"]}]]}]}]}, {"t": "E", "f": "EAnd", "v": [{"t": "E", "f": "ENot", "v": [{"t": "E", "f": "EAtom", "v": [{"t": "S", "f": "Op", "v": ["B", "treeb_member", [{"t": "S", "f": "V", "v": ["ITB", "itb_0"]}, {"t": "S", "f": "V", "v": ["I", "u_1"]}]]}]}]}, {"t": "E", "f": "EAnd", "v": [{"t": "E", "f": "ENot", "v": [{"t": "E", "f": "EAtom", "v": [{"t": "S", "f": "Op", "v": ["B", "treeb_left", [{"t": "S", "f": "V", "v": ["ITB", "itb_2"]}, {"t": "S", "f": "V", "v": ["I", "u_1"]}, {"t": "S", "f": "V", "v": ["I", "u_0"]}]]}]}]}, {"t": "E", "f": "EAnd", "v": [{"t": "E", "f": "ENot", "v": [{"t": "E", "f": "EAtom", "v": [{"t": "S", "f": "Op", "v": ["B", "treeb_parallel", [{"t": "S", "f": "V", "v": ["ITB", "itb_1"]}, {"t": "S", "f": "V", "v": ["I", "u_1"]}, {"t": "S", "f": "V", "v": ["I", "u_0"]}]]}]}]}, {"t": "E", "f": "EIte", "v": [{"t": "E", "f": "EAtom", "v": [{"t": "S", "f": "Op", "v": ["B", "treeb_member", [{"t": "S", "f": "V", "v": ["ITB", "itb_0"]}, {"t": "S", "f": "V", "v": ["I", "u_0"]}]]}]}, {"t": "E", "f": "EOr", "v": [{"t": "E", "f": "EAtom", "v": [{"t": "S", "f": "Op", "v": ["B", "==", [{"t": "S", "f": "V", "v": ["I", "u_0"]}, {"t": "S", "f": "V", "v": ["I", "i_0"]}]]}]}, {"t": "E", "f": "EOr", "v": [{"t": "E", "f": "ENot", "v": [{"t": "E", "f": "EAtom", "v": [{"t": "S", "f": "V", "v": ["B", "b_0"]}]}]}, {"t": "E", "f": "EOr", "v": [{"t": "E", "f": "EAtom", "v": [{"t": "S", "f": "Op", "v": ["B", "treeb_member", [{"t": "S", "f": "V", "v": ["ITB", "itb_1"]}, {"t": "S", "f": "V", "v": ["I", "u_0"]}]]}]}, {"t": "E", "f": "EAnd", "v": [{"t": "E", "f": "ENot", "v": [{"t": "E", "f": "EAtom", "v": [{"t": "S", "f": "Op", "v": ["B", "treeb_left", [{"t": "S", "f": "V", "v": ["ITB", "itb_0"]}, {"t": "S", "f": "V", "v": ["I", "u_0"]}, {"t": "S", "f": "V", "v": ["I", "u_1"]}]]}]}]}, {"t": "E", "f": "EAnd", "v": [{"t": "E", "f": "ENot", "v": [{"t": "E", "f": "EAtom", "v": [{"t": "S", "f": "Op", "v": ["B", "treeb_right", [{"t": "S", "f": "V", "v": ["ITB", "itb_0"]}, {"t": "S", "f": "V", "v": ["I", "u_1"]}, {"t": "S", "f": "V", "v": ["I", "u_0"]}]]}]}]}, {"t": "E", "f": "EAnd", "v": [{"t": "E", "f": "ENot", "v": [{"t": "E", "f": "EAtom", "v": [{"t": "S", "f": "Op", "v": ["B", "treeb_parallel", [{"t": "S", "f": "V", "v": ["ITB", "itb_0"]}, {"t": "S", "f": "V", "v": ["I", "u_1"]}, {"t": "S", "f": "V", "v": ["I", "u_0"]}]]}]}]}, {"t": "E", "f": "ENot", "v": [{"t": "E", "f": "EAtom", "v": [{"t": "S", "f": "Op", "v": ["B", "treeb_right", [{"t": "S", "f": "V", "v": ["ITB", "itb_1"]}, {"t": "S", "f": "V", "v": ["I", "u_0"]}, {"t": "S", "f": "V", "v": ["I", "u_1"]}]]}]}]}]}]}]}]}]}]}, {"t": "E", "f": "EIte", "v": [{"t": "E", "f": "EAtom", "v": [{"t": "S", "f": "Op", "v": ["B", "treeb_member", [{"t": "S", "f": "V", "v": ["ITB", "itb_1"]}, {"t": "S", "f": "V", "v": ["I", "u_0"]}]]}]}, {"t": "E", "f": "EOr", "v": [{"t": "E", "f": "EAtom", "v": [{"t": "S", "f": "Op", "v": ["B", "==", [{"t": "S", "f": "V", "v": ["I", "u_0"]}, {"t": "S", "f": "V", "v": ["I", "i_0"]}]]}]}, {"t": "E", "f": "EAnd", "v": [{"t": "E", "f": "ENot", "v": [{"t": "E", "f": "EAtom", "v": [{"t": "S", "f": "Op", "v": ["B", "treeb_left", [{"t": "S", "f": "V", "v": ["ITB", "itb_1"]}, {"t": "S", "f": "V", "v": ["I", "u_1"]}, {"t": "S", "f": "V", "v": ["I", "u_0"]}]]}]}]}, {"t": "E", "f": "EAnd", "v": [{"t": "E", "f": "ENot", "v": [{"t": "E", "f": "EAtom", "v": [{"t": "S", "f": "Op", "v": ["B", "treeb_left", [{"t": "S", "f": "V", "v": ["ITB", "itb_1"]}, {"t": "S", "f": "V", "v": ["I", "u_0"]}, {"t": "S", "f": "V", "v": ["I", "u_1"]}]]}]}]}, {"t": "E", "f": "EAnd", "v": [{"t": "E", "f": "ENot", "v": [{"t": "E", "f": "EAtom", "v": [{"t": "S", "f": "Op", "v": ["B", "treeb_right", [{"t": "S", "f": "V", "v": ["ITB", "itb_2"]}, {"t": "S", "f": "V", "v": ["I", "u_1"]}, {"t": "S", "f": "V", "v": ["I", "u_0"]}]]}]}]}, {"t": "E", "f": "ENot", "v": [{"t": "E", "f": "EAtom", "v": [{"t": "S", "f": "Op", "v": ["B", "treeb_right", [{"t": "S", "f": "V", "v": ["ITB", "itb_2"]}, {"t": "S", "f": "V", "v": ["I", "u_0"]}, {"t": "S", "f": "V", "v": ["I", "u_1"]}]]}]}]}]}]}]}]}, {"t": "E", "f": "EAnd", "v": [{"t": "E", "f": "ENot", "v": [{"t": "E", "f": "EAtom", "v": [{"t": "S", "f": "Op", "v": ["B", "treeb_left", [{"t": "S", "f": "V", "v": ["ITB", "itb_0"]}, {"t": "S", "f": "V", "v": ["I", "u_0"]}, {"t": "S", "f": "V", "v": ["I", "u_1"]}]]}]}]}, {"t": "E", "f": "EAnd", "v": [{"t": "E", "f": "ENot", "v": [{"t": "E", "f": "EAtom", "v": [{"t": "S", "f": "Op", "v": ["B", "treeb_parallel", [{"t": "S", "f": "V", "v": ["ITB", "itb_2"]}, {"t": "S", "f": "V", "v": ["I", "u_1"]}, {"t": "S", "f": "V", "v": ["I", "u_0"]}]]}]}]}, {"t": "E", "f": "EIte", "v": [{"t": "E", "f": "EAtom", "v": [{"t": "S", "f": "V", "v": ["B", "b_0"]}]}, {"t": "E", "f": "EAnd", "v": [{"t": "E", "f": "EAtom", "v": [{"t": "S", "f": "Op", "v": ["B", "==", [{"t": "S", "f": "V", "v": ["I", "u_0"]}, {"t": "S", "f": "V", "v": ["I", "i_0"]}]]}]}, {"t": "E", "f": "ENot", "v": [{"t": "E", "f": "EAtom", "v": [{"t": "S", "f": "Op", "v": ["B", "treeb_right", [{"t": "S", "f": "V", "v": ["ITB", "itb_0"]}, {"t": "S", "f": "V", "v": ["I", "i_0"]}, {"t": "S", "f": "V", "v": ["I", "u_1"]}]]}]}]}]}, {"t": "E", "f": "EAnd", "v": [{"t": "E", "f": "ENot", "v": [{"t": "E", "f": "EAtom", "v": [{"t": "S", "f": "Op", "v": ["B", "treeb_parallel", [{"t": "S", "f": "V", "v": ["ITB", "itb_0"]}, {"t": "S", "f": "V", "v": ["I", "u_0"]}, {"t": "S", "f": "V", "v": ["I", "u_1"]}]]}]}]}, {"t": "E", "f": "EAnd", "v": [{"t": "E", "f": "ENot", "v": [{"t": "E", "f": "EAtom", "v": [{"t": "S", "f": "Op", "v": ["B", "treeb_member", [{"t": "S", "f": "V", "v": ["ITB", "itb_1"]}, {"t": "S", "f": "V", "v": ["I", "u_1"]}]]}]}]}, {"t": "E", "f": "EAnd", "v": [{"t": "E", "f": "ENot", "v": [{"t": "E", "f": "EAtom", "v": [{"t": "S", "f": "Op", "v": ["B", "treeb_left", [{"t": "S", "f": "V", "v": ["ITB", "itb_1"]}, {"t": "S", "f": "V", "v": ["I", "u_1"]}, {"t": "S", "f": "V", "v": ["I", "u_0"]}]]}]}]}, {"t": "E", "f": "EAnd", "v": [{"t": "E", "f": "ENot", "v": [{"t": "E", "f": "EAtom", "v": [{"t": "S", "f": "Op", "v": ["B", "treeb_parallel", [{"t": "S", "f": "V", "v": ["ITB", "itb_1"]}, {"t": "S", "f": "V", "v": ["I", "u_0"]}, {"t": "S", "f": "V", "v": ["I", "u_1"]}]]}]}]}, {"t": "E", "f": "EAnd", "v": [{"t": "E", "f": "ENot", "v": [{"t": "E", "f": "EAtom", "v": [{"t": "S", "f": "Op", "v": ["B", "treeb_right", [{"t": "S", "f": "V", "v": ["ITB", "itb_2"]}, {"t": "S", "f": "V", "v": ["I", "u_1"]}, {"t": "S", "f": "V", "v": ["I", "u_0"]}]]}]}]}, {"t": "E", "f": "ENot", "v": [{"t": "E", "f": "EAtom", "v": [{"t": "S", "f": "Op", "v": ["B", "treeb_right", [{"t": "S", "f": "V", "v": ["ITB", "itb_2"]}, {"t": "S", "f": "V", "v": ["I", "u_0"]}, {"t": "S", "f": "V", "v": ["I", "u_1"]}]]}]}]}]}]}]}]}]}]}]}]}]}]}]}]}]}]}]}, {"t": "E", "f": "EAnd", "v": [{"t": "E", "f": "ENot", "v": [{"t": "E", "f": "EAtom", "v": [{"t": "S", "f": "Op", "v": ["B", "treeb_left", [{"t": "S", "f": "V", "v": ["ITB", "itb_1"]}, {"t": "S", "f": "V", "v": ["I", "u_1"]}, {"t": "S", "f": "V", "v": ["I", "u_0"]}]]}]}]}, {"t": "E", "f": "EAnd", "v": [{"t": "E", "f": "ENot", "v": [{"t": "E", "f": "EAtom", "v": [{"t": "S", "f": "Op", "v": ["B", "treeb_member", [{"t": "S", "f": "V", "v": ["ITB", "itb_0"]}, {"t": "S", "f": "V", "v": ["I", "u_1"]}]]}]}]}, {"t": "E", "f": "EAnd", "v": [{"t": "E", "f": "ENot", "v": [{"t": "E", "f": "EAtom", "v": [{"t": "S", "f": "Op", "v": ["B", "==", [{"t": "S", "f": "V", "v": ["I", "u_0"]}, {"t": "S", "f": "V", "v": ["I", "i_0"]}]]}]}]}, {"t": "E", "f": "EAnd", "v": [{"t": "E", "f": "ENot", "v": [{"t": "E", "f": "EAtom", "v": [{"t": "S", "f": "Op", "v": ["B", "treeb_parallel", [{"t": "S", "f": "V", "v": ["ITB", "itb_2"]}, {"t": "S", "f": "V", "v": ["I", "u_1"]}, {"t": "S", "f": "V", "v": ["I", "u_0"]}]]}]}]}, {"t": "E", "f": "EAnd", "v": [{"t": "E", "f": "ENot", "v": [{"t": "E", "f": "EAtom", "v": [{"t": "S", "f": "Op", "v": ["B", "treeb_member", [{"t": "S", "f": "V", "v": ["ITB", "itb_1"]}, {"t": "S", "f": "V", "v": ["I", "u_0"]}]]}]}]}, {"t": "E", "f": "EAnd", "v": [{"t": "E", "f": "ENot", "v": [{"t": "E", "f": "EAtom", "v": [{"t": "S", "f": "Op", "v": ["B", "==", [{"t": "S", "f": "V", "v": ["I", "u_1"]}, {"t": "S", "f": "V", "v": ["I", "i_0"]}]]}]}]}, {"t": "E", "f": "EAnd", "v": [{"t": "E", "f": "ENot", "v": [{"t": "E", "f": "EAtom", "v": [{"t": "S", "f": "Op", "v": ["B", "treeb_left", [{"t": "S", "f": "V", "v": ["ITB", "itb_0"]}, {"t": "S", "f": "V", "v": ["I", "u_1"]}, {"t": "S", "f": "V", "v": ["I", "u_0"]}]]}]}]}, {"t": "E", "f": "EAnd", "v": [{"t": "E", "f": "ENot", "v": [{"t": "E", "f": "EAtom", "v": [{"t": "S", "f": "Op", "v": ["B", "treeb_parallel", [{"t": "S", "f": "V", "v": ["ITB", "itb_1"]}, {"t": "S", "f": "V", "v": ["I", "u_1"]}, {"t": "S", "f": "V", "v": ["I", "u_0"]}]]}]}]}, {"t": "E", "f": "EAnd", "v": [{"t": "E", "f": "ENot", "v": [{"t": "E", "f": "EAtom", "v": [{"t": "S", "f": "Op", "v": ["B", "treeb_right", [{"t": "S", "f": "V", "v": ["ITB", "itb_2"]}, {"t": "S", "f": "V", "v": ["I", "u_1"]}, {"t": "S", "f": "V", "v": ["I", "u_0"]}]]}]}]}, {"t": "E", "f": "EAnd", "v": [{"t": "E", "f": "ENot", "v": [{"t": "E", "f": "EAtom", "v": [{"t": "S", "f": "Op", "v": ["B", "treeb_right", [{"t": "S", "f": "V", "v": ["ITB", "itb_1"]}, {"t": "S", "f": "V", "v": ["I", "u_0"]}, {"t": "S", "f": "V", "v": ["I", "u_1"]}]]}]}]}, {"t": "E", "f": "EAnd", "v": [{"t": "E", "f": "ENot", "v": [{"t": "E", "f": "EAtom", "v": [{"t": "S", "f": "Op", "v": ["B", "treeb_left", [{"t": "S", "f": "V", "v": ["ITB", "itb_2"]}, {"t": "S", "f": "V", "v": ["I", "u_1"]}, {"t": "S", "f": "V", "v": ["I", "u_0"]}]]}]}]}, {"t": "E", "f": "EAnd", "v": [{"t": "E", "f": "ENot", "v": [{"t": "E", "f": "EAtom", "v": [{"t": "S", "f": "Op", "v": ["B", "treeb_member", [{"t": "S", "f": "V", "v": ["ITB", "itb_0"]}, {"t": "S", "f": "V", "v": ["I", "u_0"]}]]}]}]}, {"t": "E", "f": "EAnd", "v": [{"t": "E", "f": "ENot", "v": [{"t": "E", "f": "EAtom", "v": [{"t": "S", "f": "Op", "v": ["B", "treeb_right", [{"t": "S", "f": "V", "v": ["ITB", "itb_0"]}, {"t": "S", "f": "V", "v": ["I", "u_1"]}, {"t": "S", "f": "V", "v": ["I", "u_0"]}]]}]}]}, {"t": "E", "f": "EAnd", "v": [{"t": "E", "f": "ENot", "v": [{"t": "E", "f": "EAtom", "v": [{"t": "S", "f": "Op", "v": ["B", "treeb_parallel", [{"t": "S", "f": "V", "v": ["ITB", "itb_0"]}, {"t": "S", "f": "V", "v": ["I", "u_1"]}, {"t": "S", "f": "V", "v": ["I", "u_0"]}]]}]}]}, {"t": "E", "f": "ENot", "v": [{"t": "E", "f": "EAtom", "v": [{"t": "S", "f": "Op", "v": ["B", "treeb_member", [{"t": "S", "f": "V", "v": ["ITB", "itb_1"]}, {"t": "S", "f": "V", "v": ["I", "u_1"]}]]}]}]}]}]}]}]}]}]}]}]}]}]}]}]}]}]}]}]}]}}}}]}