{"preds": ["tree_member", "tree_head"], "spectable": [{"name": "Unbset.node", "spec": {"treetp": "spec", "args": [{"t": "tpv", "tp": "IT", "n": "it_0"}, {"t": "tpv", "tp": "I", "n": "i_0"}, {"t": "tpv", "tp": "IT", "n": "it_1"}, {"t": "tpv", "tp": "IT", "n": "it_2"}], "specbody": {"treetp": "ff", "qv": [{"t": "tpv", "tp": "I", "n": "u_0"}], "body": {"t": "E", "f": "EIte", "v": [{"t": "E", "f": "EAtom", "v": [{"t": "S", "f": "Op", "v": ["B", "tree_member", [{"t": "S", "f": "V", "v": ["IT", "it_2"]}, {"t": "S", "f": "V", "v": ["I", "u_0"]}]]}]}, {"t": "E", "f": "EIte", "v": [{"t": "E", "f": "EAtom", "v": [{"t": "S", "f": "Op", "v": ["B", "tree_member", [{"t": "S", "f": "V", "v": ["IT", "it_0"]}, {"t": "S", "f": "V", "v": ["I", "u_0"]}]]}]}, {"t": "E", "f": "EIte", "v": [{"t": "E", "f": "EAtom", "v": [{"t": "S", "f": "Op", "v": ["B", "==", [{"t": "S", "f": "V", "v": ["I", "u_0"]}, {"t": "S", "f": "V", "v": ["I", "i_0"]}]]}]}, {"t": "E", "f": "EAtom", "v": [{"t": "S", "f": "Op", "v": ["B", "tree_head", [{"t": "S", "f": "V", "v": ["IT", "it_2"]}, {"t": "S", "f": "V", "v": ["I", "i_0"]}]]}]}, {"t": "E", "f": "ENot", "v": [{"t": "E", "f": "EAtom", "v": [{"t": "S", "f": "Op", "v": ["B", "tree_head", [{"t": "S", "f": "V", "v": ["IT", "it_2"]}, {"t": "S", "f": "V", "v": ["I", "u_0"]}]]}]}]}]}, {"t": "E", "f": "EIte", "v": [{"t": "E", "f": "EAtom", "v": [{"t": "S", "f": "Op", "v": ["B", "tree_member", [{"t": "S", "f": "V", "v": ["IT", "it_1"]}, {"t": "S", "f": "V", "v": ["I", "u_0"]}]]}]}, {"t": "E", "f": "EIte", "v": [{"t": "E", "f": "EAtom", "v": [{"t": "S", "f": "Op", "v": ["B", "==", [{"t": "S", "f": "V", "v": ["I", "u_0"]}, {"t": "S", "f": "V", "v": ["I", "i_0"]}]]}]}, {"t": "E", "f": "EAtom", "v": [{"t": "S", "f": "Op", "v": ["B", "tree_head", [{"t": "S", "f": "V", "v": ["IT", "it_2"]}, {"t": "S", "f": "V", "v": ["I", "i_0"]}]]}]}, {"t": "E", "f": "ENot", "v": [{"t": "E", "f": "EAtom", "v": [{"t": "S", "f": "Op", "v": ["B", "tree_head", [{"t": "S", "f": "V", "v": ["IT", "it_2"]}, {"t": "S", "f": "V", "v": ["I", "u_0"]}]]}]}]}]}, {"t": "E", "f": "EAnd", "v": [{"t": "E", "f": "EAtom", "v": [{"t": "S", "f": "Op", "v": ["B", "tree_head", [{"t": "S", "f": "V", "v": ["IT", "it_2"]}, {"t": "S", "f": "V", "v": ["I", "u_0"]}]]}]}, {"t": "E", "f": "EAtom", "v": [{"t": "S", "f": "Op", "v": ["B", "==", [{"t": "S", "f": "V", "v": ["I", "u_0"]}, {"t": "S", "f": "V", "v": ["I", "i_0"]}]]}]}]}]}]}, {"t": "E", "f": "EAnd", "v": [{"t": "E", "f": "ENot", "v": [{"t": "E", "f": "EAtom", "v": [{"t": "S", "f": "Op", "v": ["B", "tree_head", [{"t": "S", "f": "V", "v": ["IT", "it_0"]}, {"t": "S", "f": "V", "v": ["I", "u_0"]}]]}]}]}, {"t": "E", "f": "EAnd", "v": [{"t": "E", "f": "ENot", "v": [{"t": "E", "f": "EAtom", "v": [{"t": "S", "f": "Op", "v": ["B", "tree_member", [{"t": "S", "f": "V", "v": ["IT", "it_0"]}, {"t": "S", "f": "V", "v": ["I", "u_0"]}]]}]}]}, {"t": "E", "f": "EAnd", "v": [{"t": "E", "f": "ENot", "v": [{"t": "E", "f": "EAtom", "v": [{"t": "S", "f": "Op", "v": ["B", "==", [{"t": "S", "f": "V", "v": ["I", "u_0"]}, {"t": "S", "f": "V", "v": ["I", "i_0"]}]]}]}]}, {"t": "E", "f": "EAnd", "v": [{"t": "E", "f": "ENot", "v": [{"t": "E", "f": "EAtom", "v": [{"t": "S", "f": "Op", "v": ["B", "tree_member", [{"t": "S", "f": "V", "v": ["IT", "it_1"]}, {"t": "S", "f": "V", "v": ["I", "u_0"]}]]}]}]}, {"t": "E", "f": "ENot", "v": [{"t": "E", "f": "EAtom", "v": [{"t": "S", "f": "Op", "v": ["B", "tree_head", [{"t": "S", "f": "V", "v": ["IT", "it_2"]}, {"t": "S", "f": "V", "v": ["I", "u_0"]}]]}]}]}]}]}]}]}]}}}}, {"name": "Unbset.leaf", "spec": {"treetp": "spec", "args": [{"t": "tpv", "tp": "IT", "n": "it_0"}], "specbody": {"treetp": "ff", "qv": [{"t": "tpv", "tp": "I", "n": "u_0"}], "body": {"t": "E", "f": "EAnd", "v": [{"t": "E", "f": "ENot", "v": [{"t": "E", "f": "EAtom", "v": [{"t": "S", "f": "Op", "v": ["B", "tree_member", [{"t": "S", "f": "V", "v": ["IT", "it_0"]}, {"t": "S", "f": "V", "v": ["I", "u_0"]}]]}]}]}, {"t": "E", "f": "ENot", "v": [{"t": "E", "f": "EAtom", "v": [{"t": "S", "f": "Op", "v": ["B", "tree_head", [{"t": "S", "f": "V", "v": ["IT", "it_0"]}, {"t": "S", "f": "V", "v": ["I", "u_0"]}]]}]}]}]}}}}]}