{"vc":{"preds":["treeb_member"],"multi_pre":[{"pre_flow":{"t":"A","f":"AAnd","v":[{"t":"A","f":"ASpecApply","v":["B",[{"t":"S","f":"V","v":["B","r1"]}]]},{"t":"A","f":"ASpecApply","v":["R",[{"t":"S","f":"V","v":["B","r2"]}]]},{"t":"A","f":"ASpecApply","v":["t",[{"t":"S","f":"V","v":["B","r2"]},{"t":"S","f":"V","v":["ITB","a"]},{"t":"S","f":"V","v":["I","x"]},{"t":"S","f":"V","v":["ITB","b"]},{"t":"S","f":"V","v":["ITB","tmp1"]}]]},{"t":"A","f":"ASpecApply","v":["t",[{"t":"S","f":"V","v":["B","r2"]},{"t":"S","f":"V","v":["ITB","tmp1"]},{"t":"S","f":"V","v":["I","y"]},{"t":"S","f":"V","v":["ITB","c"]},{"t":"S","f":"V","v":["ITB","tree1"]}]]},{"t":"A","f":"ASpecApply","v":["equal",[{"t":"S","f":"V","v":["B","r"]},{"t":"S","f":"V","v":["B","r1"]}]]},{"t":"A","f":"ASpecApply","v":["equal",[{"t":"S","f":"V","v":["I","x"]},{"t":"S","f":"V","v":["I","z"]}]]},{"t":"A","f":"ASpecApply","v":["equal",[{"t":"S","f":"V","v":["ITB","tree2"]},{"t":"S","f":"V","v":["ITB","d"]}]]},{"t":"A","f":"ASpecApply","v":["t",[{"t":"S","f":"V","v":["B","r1"]},{"t":"S","f":"V","v":["ITB","a"]},{"t":"S","f":"V","v":["I","x"]},{"t":"S","f":"V","v":["ITB","b"]},{"t":"S","f":"V","v":["ITB","tmp2"]}]]},{"t":"A","f":"ASpecApply","v":["t",[{"t":"S","f":"V","v":["B","r1"]},{"t":"S","f":"V","v":["ITB","c"]},{"t":"S","f":"V","v":["I","z"]},{"t":"S","f":"V","v":["ITB","d"]},{"t":"S","f":"V","v":["ITB","tmp3"]}]]},{"t":"A","f":"ASpecApply","v":["t",[{"t":"S","f":"V","v":["B","r2"]},{"t":"S","f":"V","v":["ITB","tmp2"]},{"t":"S","f":"V","v":["I","y"]},{"t":"S","f":"V","v":["ITB","tmp3"]},{"t":"S","f":"V","v":["ITB","tmp4"]}]]},{"t":"A","f":"ASpecApply","v":["equal",[{"t":"S","f":"V","v":["ITB","tree3"]},{"t":"S","f":"V","v":["IT","tmp4"]}]]}]},"applied_args_map":[{"name":"t","applied_args":[[{"t":"S","f":"V","v":["B","r2"]},{"t":"S","f":"V","v":["ITB","tmp2"]},{"t":"S","f":"V","v":["I","y"]},{"t":"S","f":"V","v":["ITB","tmp3"]},{"t":"S","f":"V","v":["ITB","tmp4"]}],[{"t":"S","f":"V","v":["B","r1"]},{"t":"S","f":"V","v":["ITB","c"]},{"t":"S","f":"V","v":["I","z"]},{"t":"S","f":"V","v":["ITB","d"]},{"t":"S","f":"V","v":["ITB","tmp3"]}],[{"t":"S","f":"V","v":["B","r1"]},{"t":"S","f":"V","v":["ITB","a"]},{"t":"S","f":"V","v":["I","x"]},{"t":"S","f":"V","v":["ITB","b"]},{"t":"S","f":"V","v":["ITB","tmp2"]}],[{"t":"S","f":"V","v":["B","r2"]},{"t":"S","f":"V","v":["ITB","tmp1"]},{"t":"S","f":"V","v":["I","y"]},{"t":"S","f":"V","v":["ITB","c"]},{"t":"S","f":"V","v":["ITB","tree1"]}],[{"t":"S","f":"V","v":["B","r2"]},{"t":"S","f":"V","v":["ITB","a"]},{"t":"S","f":"V","v":["I","x"]},{"t":"S","f":"V","v":["ITB","b"]},{"t":"S","f":"V","v":["ITB","tmp1"]}]]}]},{"pre_flow":{"t":"A","f":"AAnd","v":[{"t":"A","f":"ASpecApply","v":["B",[{"t":"S","f":"V","v":["B","r1"]}]]},{"t":"A","f":"ASpecApply","v":["R",[{"t":"S","f":"V","v":["B","r2"]}]]},{"t":"A","f":"ASpecApply","v":["t",[{"t":"S","f":"V","v":["B","r2"]},{"t":"S","f":"V","v":["ITB","b"]},{"t":"S","f":"V","v":["I","y"]},{"t":"S","f":"V","v":["ITB","c"]},{"t":"S","f":"V","v":["ITB","tmp1"]}]]},{"t":"A","f":"ASpecApply","v":["t",[{"t":"S","f":"V","v":["B","r2"]},{"t":"S","f":"V","v":["ITB","a"]},{"t":"S","f":"V","v":["I","x"]},{"t":"S","f":"V","v":["ITB","tmp1"]},{"t":"S","f":"V","v":["ITB","tree1"]}]]},{"t":"A","f":"ASpecApply","v":["equal",[{"t":"S","f":"V","v":["B","r"]},{"t":"S","f":"V","v":["B","r1"]}]]},{"t":"A","f":"ASpecApply","v":["equal",[{"t":"S","f":"V","v":["I","x"]},{"t":"S","f":"V","v":["I","z"]}]]},{"t":"A","f":"ASpecApply","v":["equal",[{"t":"S","f":"V","v":["ITB","tree2"]},{"t":"S","f":"V","v":["ITB","d"]}]]},{"t":"A","f":"ASpecApply","v":["t",[{"t":"S","f":"V","v":["B","r1"]},{"t":"S","f":"V","v":["ITB","a"]},{"t":"S","f":"V","v":["I","x"]},{"t":"S","f":"V","v":["ITB","b"]},{"t":"S","f":"V","v":["ITB","tmp2"]}]]},{"t":"A","f":"ASpecApply","v":["t",[{"t":"S","f":"V","v":["B","r1"]},{"t":"S","f":"V","v":["ITB","c"]},{"t":"S","f":"V","v":["I","z"]},{"t":"S","f":"V","v":["ITB","d"]},{"t":"S","f":"V","v":["ITB","tmp3"]}]]},{"t":"A","f":"ASpecApply","v":["t",[{"t":"S","f":"V","v":["B","r2"]},{"t":"S","f":"V","v":["ITB","tmp2"]},{"t":"S","f":"V","v":["I","y"]},{"t":"S","f":"V","v":["ITB","tmp3"]},{"t":"S","f":"V","v":["ITB","tmp4"]}]]},{"t":"A","f":"ASpecApply","v":["equal",[{"t":"S","f":"V","v":["ITB","tree3"]},{"t":"S","f":"V","v":["IT","tmp4"]}]]}]},"applied_args_map":[{"name":"t","applied_args":[[{"t":"S","f":"V","v":["B","r2"]},{"t":"S","f":"V","v":["ITB","tmp2"]},{"t":"S","f":"V","v":["I","y"]},{"t":"S","f":"V","v":["ITB","tmp3"]},{"t":"S","f":"V","v":["ITB","tmp4"]}],[{"t":"S","f":"V","v":["B","r1"]},{"t":"S","f":"V","v":["ITB","c"]},{"t":"S","f":"V","v":["I","z"]},{"t":"S","f":"V","v":["ITB","d"]},{"t":"S","f":"V","v":["ITB","tmp3"]}],[{"t":"S","f":"V","v":["B","r1"]},{"t":"S","f":"V","v":["ITB","a"]},{"t":"S","f":"V","v":["I","x"]},{"t":"S","f":"V","v":["ITB","b"]},{"t":"S","f":"V","v":["ITB","tmp2"]}],[{"t":"S","f":"V","v":["B","r2"]},{"t":"S","f":"V","v":["ITB","a"]},{"t":"S","f":"V","v":["I","x"]},{"t":"S","f":"V","v":["ITB","tmp1"]},{"t":"S","f":"V","v":["ITB","tree1"]}],[{"t":"S","f":"V","v":["B","r2"]},{"t":"S","f":"V","v":["ITB","b"]},{"t":"S","f":"V","v":["I","y"]},{"t":"S","f":"V","v":["ITB","c"]},{"t":"S","f":"V","v":["ITB","tmp1"]}]]}]},{"pre_flow":{"t":"A","f":"AAnd","v":[{"t":"A","f":"ASpecApply","v":["B",[{"t":"S","f":"V","v":["B","r1"]}]]},{"t":"A","f":"ASpecApply","v":["R",[{"t":"S","f":"V","v":["B","r2"]}]]},{"t":"A","f":"ASpecApply","v":["t",[{"t":"S","f":"V","v":["B","r2"]},{"t":"S","f":"V","v":["ITB","b"]},{"t":"S","f":"V","v":["I","y"]},{"t":"S","f":"V","v":["ITB","c"]},{"t":"S","f":"V","v":["ITB","tmp1"]}]]},{"t":"A","f":"ASpecApply","v":["t",[{"t":"S","f":"V","v":["B","r2"]},{"t":"S","f":"V","v":["ITB","tmp1"]},{"t":"S","f":"V","v":["I","z"]},{"t":"S","f":"V","v":["ITB","d"]},{"t":"S","f":"V","v":["ITB","tree2"]}]]},{"t":"A","f":"ASpecApply","v":["equal",[{"t":"S","f":"V","v":["B","r"]},{"t":"S","f":"V","v":["B","r1"]}]]},{"t":"A","f":"ASpecApply","v":["equal",[{"t":"S","f":"V","v":["ITB","tree1"]},{"t":"S","f":"V","v":["ITB","a"]}]]},{"t":"A","f":"ASpecApply","v":["t",[{"t":"S","f":"V","v":["B","r1"]},{"t":"S","f":"V","v":["ITB","a"]},{"t":"S","f":"V","v":["I","x"]},{"t":"S","f":"V","v":["ITB","b"]},{"t":"S","f":"V","v":["ITB","tmp2"]}]]},{"t":"A","f":"ASpecApply","v":["t",[{"t":"S","f":"V","v":["B","r1"]},{"t":"S","f":"V","v":["ITB","c"]},{"t":"S","f":"V","v":["I","z"]},{"t":"S","f":"V","v":["ITB","d"]},{"t":"S","f":"V","v":["ITB","tmp3"]}]]},{"t":"A","f":"ASpecApply","v":["t",[{"t":"S","f":"V","v":["B","r2"]},{"t":"S","f":"V","v":["ITB","tmp2"]},{"t":"S","f":"V","v":["I","y"]},{"t":"S","f":"V","v":["ITB","tmp3"]},{"t":"S","f":"V","v":["ITB","tmp4"]}]]},{"t":"A","f":"ASpecApply","v":["equal",[{"t":"S","f":"V","v":["ITB","tree3"]},{"t":"S","f":"V","v":["IT","tmp4"]}]]}]},"applied_args_map":[{"name":"t","applied_args":[[{"t":"S","f":"V","v":["B","r2"]},{"t":"S","f":"V","v":["ITB","tmp2"]},{"t":"S","f":"V","v":["I","y"]},{"t":"S","f":"V","v":["ITB","tmp3"]},{"t":"S","f":"V","v":["ITB","tmp4"]}],[{"t":"S","f":"V","v":["B","r1"]},{"t":"S","f":"V","v":["ITB","c"]},{"t":"S","f":"V","v":["I","z"]},{"t":"S","f":"V","v":["ITB","d"]},{"t":"S","f":"V","v":["ITB","tmp3"]}],[{"t":"S","f":"V","v":["B","r1"]},{"t":"S","f":"V","v":["ITB","a"]},{"t":"S","f":"V","v":["I","x"]},{"t":"S","f":"V","v":["ITB","b"]},{"t":"S","f":"V","v":["ITB","tmp2"]}],[{"t":"S","f":"V","v":["B","r2"]},{"t":"S","f":"V","v":["ITB","tmp1"]},{"t":"S","f":"V","v":["I","z"]},{"t":"S","f":"V","v":["ITB","d"]},{"t":"S","f":"V","v":["ITB","tree2"]}],[{"t":"S","f":"V","v":["B","r2"]},{"t":"S","f":"V","v":["ITB","b"]},{"t":"S","f":"V","v":["I","y"]},{"t":"S","f":"V","v":["ITB","c"]},{"t":"S","f":"V","v":["ITB","tmp1"]}]]}]},{"pre_flow":{"t":"A","f":"AAnd","v":[{"t":"A","f":"ASpecApply","v":["B",[{"t":"S","f":"V","v":["B","r1"]}]]},{"t":"A","f":"ASpecApply","v":["R",[{"t":"S","f":"V","v":["B","r2"]}]]},{"t":"A","f":"ASpecApply","v":["t",[{"t":"S","f":"V","v":["B","r2"]},{"t":"S","f":"V","v":["ITB","c"]},{"t":"S","f":"V","v":["I","z"]},{"t":"S","f":"V","v":["ITB","d"]},{"t":"S","f":"V","v":["ITB","tmp1"]}]]},{"t":"A","f":"ASpecApply","v":["t",[{"t":"S","f":"V","v":["B","r2"]},{"t":"S","f":"V","v":["ITB","b"]},{"t":"S","f":"V","v":["I","y"]},{"t":"S","f":"V","v":["ITB","tmp1"]},{"t":"S","f":"V","v":["ITB","tree2"]}]]},{"t":"A","f":"ASpecApply","v":["equal",[{"t":"S","f":"V","v":["B","r"]},{"t":"S","f":"V","v":["B","r1"]}]]},{"t":"A","f":"ASpecApply","v":["equal",[{"t":"S","f":"V","v":["ITB","tree1"]},{"t":"S","f":"V","v":["ITB","a"]}]]},{"t":"A","f":"ASpecApply","v":["t",[{"t":"S","f":"V","v":["B","r1"]},{"t":"S","f":"V","v":["ITB","a"]},{"t":"S","f":"V","v":["I","x"]},{"t":"S","f":"V","v":["ITB","b"]},{"t":"S","f":"V","v":["ITB","tmp2"]}]]},{"t":"A","f":"ASpecApply","v":["t",[{"t":"S","f":"V","v":["B","r1"]},{"t":"S","f":"V","v":["ITB","c"]},{"t":"S","f":"V","v":["I","z"]},{"t":"S","f":"V","v":["ITB","d"]},{"t":"S","f":"V","v":["ITB","tmp3"]}]]},{"t":"A","f":"ASpecApply","v":["t",[{"t":"S","f":"V","v":["B","r2"]},{"t":"S","f":"V","v":["ITB","tmp2"]},{"t":"S","f":"V","v":["I","y"]},{"t":"S","f":"V","v":["ITB","tmp3"]},{"t":"S","f":"V","v":["ITB","tmp4"]}]]},{"t":"A","f":"ASpecApply","v":["equal",[{"t":"S","f":"V","v":["ITB","tree3"]},{"t":"S","f":"V","v":["IT","tmp4"]}]]}]},"applied_args_map":[{"name":"t","applied_args":[[{"t":"S","f":"V","v":["B","r2"]},{"t":"S","f":"V","v":["ITB","tmp2"]},{"t":"S","f":"V","v":["I","y"]},{"t":"S","f":"V","v":["ITB","tmp3"]},{"t":"S","f":"V","v":["ITB","tmp4"]}],[{"t":"S","f":"V","v":["B","r1"]},{"t":"S","f":"V","v":["ITB","c"]},{"t":"S","f":"V","v":["I","z"]},{"t":"S","f":"V","v":["ITB","d"]},{"t":"S","f":"V","v":["ITB","tmp3"]}],[{"t":"S","f":"V","v":["B","r1"]},{"t":"S","f":"V","v":["ITB","a"]},{"t":"S","f":"V","v":["I","x"]},{"t":"S","f":"V","v":["ITB","b"]},{"t":"S","f":"V","v":["ITB","tmp2"]}],[{"t":"S","f":"V","v":["B","r2"]},{"t":"S","f":"V","v":["ITB","b"]},{"t":"S","f":"V","v":["I","y"]},{"t":"S","f":"V","v":["ITB","tmp1"]},{"t":"S","f":"V","v":["ITB","tree2"]}],[{"t":"S","f":"V","v":["B","r2"]},{"t":"S","f":"V","v":["ITB","c"]},{"t":"S","f":"V","v":["I","z"]},{"t":"S","f":"V","v":["ITB","d"]},{"t":"S","f":"V","v":["ITB","tmp1"]}]]}]},{"pre_flow":{"t":"A","f":"AAnd","v":[{"t":"A","f":"ASpecApply","v":["B",[{"t":"S","f":"V","v":["B","r1"]}]]},{"t":"A","f":"ASpecApply","v":["R",[{"t":"S","f":"V","v":["B","r2"]}]]},{"t":"A","f":"ASpecApply","v":["t",[{"t":"S","f":"V","v":["B","r"]},{"t":"S","f":"V","v":["ITB","tree1"]},{"t":"S","f":"V","v":["I","x"]},{"t":"S","f":"V","v":["ITB","tree2"]},{"t":"S","f":"V","v":["ITB","tmp4"]}]]},{"t":"A","f":"ASpecApply","v":["equal",[{"t":"S","f":"V","v":["ITB","tree3"]},{"t":"S","f":"V","v":["IT","tmp4"]}]]}]},"applied_args_map":[{"name":"t","applied_args":[[{"t":"S","f":"V","v":["B","r"]},{"t":"S","f":"V","v":["ITB","tree1"]},{"t":"S","f":"V","v":["I","x"]},{"t":"S","f":"V","v":["ITB","tree2"]},{"t":"S","f":"V","v":["ITB","tmp4"]}]]}]}],"post":{"t":"A","f":"AImplies","v":[{"t":"A","f":"ASpecApply","v":["BalancePre",[{"t":"S","f":"V","v":["B","r"]},{"t":"S","f":"V","v":["ITB","tree1"]},{"t":"S","f":"V","v":["I","x"]},{"t":"S","f":"V","v":["ITB","tree2"]},{"t":"S","f":"V","v":["ITB","tree3"]}]]},{"t":"A","f":"ASpecApply","v":["BalancePost",[{"t":"S","f":"V","v":["B","r"]},{"t":"S","f":"V","v":["ITB","tree1"]},{"t":"S","f":"V","v":["I","x"]},{"t":"S","f":"V","v":["ITB","tree2"]},{"t":"S","f":"V","v":["ITB","tree3"]}]]}]},"spectable":[{"name":"t","spec":{"treetp":"spec","args":[{"t":"tpv","tp":"B","n":"b_0"},{"t":"tpv","tp":"ITB","n":"itb_0"},{"t":"tpv","tp":"I","n":"i_0"},{"t":"tpv","tp":"ITB","n":"itb_1"},{"t":"tpv","tp":"ITB","n":"itb_2"}],"specbody":{"treetp":"ff","qv":[{"t":"tpv","tp":"I","n":"u_0"},{"t":"tpv","tp":"I","n":"u_1"}],"body":{"t":"E","f":"EOr","v":[{"t":"E","f":"EIte","v":[{"t":"E","f":"EAtom","v":[{"t":"S","f":"Op","v":["B","treeb_member",[{"t":"S","f":"V","v":["ITB","itb_2"]},{"t":"S","f":"V","v":["I","u_0"]}]]}]},{"t":"E","f":"EOr","v":[{"t":"E","f":"EAtom","v":[{"t":"S","f":"Op","v":["B","==",[{"t":"S","f":"V","v":["I","u_0"]},{"t":"S","f":"V","v":["I","i_0"]}]]}]},{"t":"E","f":"EOr","v":[{"t":"E","f":"EAtom","v":[{"t":"S","f":"Op","v":["B","treeb_member",[{"t":"S","f":"V","v":["ITB","itb_0"]},{"t":"S","f":"V","v":["I","u_0"]}]]}]},{"t":"E","f":"EAtom","v":[{"t":"S","f":"Op","v":["B","treeb_member",[{"t":"S","f":"V","v":["ITB","itb_1"]},{"t":"S","f":"V","v":["I","u_0"]}]]}]}]}]},{"t":"E","f":"EAnd","v":[{"t":"E","f":"ENot","v":[{"t":"E","f":"EAtom","v":[{"t":"S","f":"Op","v":["B","treeb_member",[{"t":"S","f":"V","v":["ITB","itb_0"]},{"t":"S","f":"V","v":["I","u_0"]}]]}]}]},{"t":"E","f":"EAnd","v":[{"t":"E","f":"ENot","v":[{"t":"E","f":"EAtom","v":[{"t":"S","f":"Op","v":["B","==",[{"t":"S","f":"V","v":["I","u_0"]},{"t":"S","f":"V","v":["I","i_0"]}]]}]}]},{"t":"E","f":"ENot","v":[{"t":"E","f":"EAtom","v":[{"t":"S","f":"Op","v":["B","treeb_member",[{"t":"S","f":"V","v":["ITB","itb_1"]},{"t":"S","f":"V","v":["I","u_0"]}]]}]}]}]}]}]},{"t":"E","f":"EOr","v":[{"t":"E","f":"ENot","v":[{"t":"E","f":"EAtom","v":[{"t":"S","f":"Op","v":["B","==",[{"t":"S","f":"V","v":["I","u_1"]},{"t":"S","f":"V","v":["I","u_0"]}]]}]}]},{"t":"E","f":"EIte","v":[{"t":"E","f":"EAtom","v":[{"t":"S","f":"Op","v":["B","treeb_member",[{"t":"S","f":"V","v":["ITB","itb_2"]},{"t":"S","f":"V","v":["I","u_0"]}]]}]},{"t":"E","f":"EOr","v":[{"t":"E","f":"EAtom","v":[{"t":"S","f":"Op","v":["B","treeb_member",[{"t":"S","f":"V","v":["ITB","itb_1"]},{"t":"S","f":"V","v":["I","u_0"]}]]}]},{"t":"E","f":"EOr","v":[{"t":"E","f":"EAtom","v":[{"t":"S","f":"Op","v":["B","treeb_member",[{"t":"S","f":"V","v":["ITB","itb_0"]},{"t":"S","f":"V","v":["I","u_0"]}]]}]},{"t":"E","f":"EAtom","v":[{"t":"S","f":"Op","v":["B","==",[{"t":"S","f":"V","v":["I","u_0"]},{"t":"S","f":"V","v":["I","i_0"]}]]}]}]}]},{"t":"E","f":"EIte","v":[{"t":"E","f":"EAtom","v":[{"t":"S","f":"V","v":["B","b_0"]}]},{"t":"E","f":"EIte","v":[{"t":"E","f":"EAtom","v":[{"t":"S","f":"Op","v":["B","==",[{"t":"S","f":"V","v":["I","u_0"]},{"t":"S","f":"V","v":["I","i_0"]}]]}]},{"t":"E","f":"ENot","v":[{"t":"E","f":"EAtom","v":[{"t":"S","f":"Op","v":["B","==",[{"t":"S","f":"V","v":["I","i_0"]},{"t":"S","f":"V","v":["I","i_0"]}]]}]}]},{"t":"E","f":"EAnd","v":[{"t":"E","f":"ENot","v":[{"t":"E","f":"EAtom","v":[{"t":"S","f":"Op","v":["B","treeb_member",[{"t":"S","f":"V","v":["ITB","itb_0"]},{"t":"S","f":"V","v":["I","u_0"]}]]}]}]},{"t":"E","f":"ENot","v":[{"t":"E","f":"EAtom","v":[{"t":"S","f":"Op","v":["B","treeb_member",[{"t":"S","f":"V","v":["ITB","itb_1"]},{"t":"S","f":"V","v":["I","u_0"]}]]}]}]}]}]},{"t":"E","f":"EIte","v":[{"t":"E","f":"EAtom","v":[{"t":"S","f":"Op","v":["B","treeb_member",[{"t":"S","f":"V","v":["ITB","itb_1"]},{"t":"S","f":"V","v":["I","u_0"]}]]}]},{"t":"E","f":"EAnd","v":[{"t":"E","f":"EAtom","v":[{"t":"S","f":"Op","v":["B","==",[{"t":"S","f":"V","v":["I","u_0"]},{"t":"S","f":"V","v":["I","i_0"]}]]}]},{"t":"E","f":"ENot","v":[{"t":"E","f":"EAtom","v":[{"t":"S","f":"Op","v":["B","==",[{"t":"S","f":"V","v":["I","i_0"]},{"t":"S","f":"V","v":["I","i_0"]}]]}]}]}]},{"t":"E","f":"EIte","v":[{"t":"E","f":"EAtom","v":[{"t":"S","f":"Op","v":["B","treeb_member",[{"t":"S","f":"V","v":["ITB","itb_0"]},{"t":"S","f":"V","v":["I","u_0"]}]]}]},{"t":"E","f":"EAnd","v":[{"t":"E","f":"EAtom","v":[{"t":"S","f":"Op","v":["B","==",[{"t":"S","f":"V","v":["I","u_0"]},{"t":"S","f":"V","v":["I","i_0"]}]]}]},{"t":"E","f":"ENot","v":[{"t":"E","f":"EAtom","v":[{"t":"S","f":"Op","v":["B","==",[{"t":"S","f":"V","v":["I","i_0"]},{"t":"S","f":"V","v":["I","i_0"]}]]}]}]}]},{"t":"E","f":"EOr","v":[{"t":"E","f":"ENot","v":[{"t":"E","f":"EAtom","v":[{"t":"S","f":"Op","v":["B","==",[{"t":"S","f":"V","v":["I","u_0"]},{"t":"S","f":"V","v":["I","i_0"]}]]}]}]},{"t":"E","f":"EAtom","v":[{"t":"S","f":"Op","v":["B","treeb_member",[{"t":"S","f":"V","v":["ITB","itb_0"]},{"t":"S","f":"V","v":["I","i_0"]}]]}]}]}]}]}]}]}]}]}}}},{"name":"lt","spec":{"treetp":"spec","args":[{"t":"tpv","tp":"I","n":"x"},{"t":"tpv","tp":"I","n":"y"},{"t":"tpv","tp":"B","n":"bool0"}],"specbody":{"treetp":"ff","qv":[],"body":{"t":"E","f":"EAtom","v":[{"t":"S","f":"Op","v":["B","==",[{"t":"S","f":"Op","v":["B","<",[{"t":"S","f":"V","v":["I","x"]},{"t":"S","f":"V","v":["I","y"]}]]},{"t":"S","f":"V","v":["B","bool0"]}]]}]}}}},{"name":"le","spec":{"treetp":"spec","args":[{"t":"tpv","tp":"I","n":"x"},{"t":"tpv","tp":"I","n":"y"},{"t":"tpv","tp":"B","n":"bool0"}],"specbody":{"treetp":"ff","qv":[],"body":{"t":"E","f":"EAtom","v":[{"t":"S","f":"Op","v":["B","==",[{"t":"S","f":"Op","v":["B","<=",[{"t":"S","f":"V","v":["I","x"]},{"t":"S","f":"V","v":["I","y"]}]]},{"t":"S","f":"V","v":["B","bool0"]}]]}]}}}},{"name":"is_true","spec":{"treetp":"spec","args":[{"t":"tpv","tp":"B","n":"x"}],"specbody":{"treetp":"ff","qv":[],"body":{"t":"E","f":"EAtom","v":[{"t":"S","f":"Op","v":["B","==",[{"t":"S","f":"V","v":["I","x"]},{"t":"S","f":"Lit","v":["B",{"t":"Lit","f":"Bool","v":true}]}]]}]}}}},{"name":"is_false","spec":{"treetp":"spec","args":[{"t":"tpv","tp":"B","n":"x"}],"specbody":{"treetp":"ff","qv":[],"body":{"t":"E","f":"EAtom","v":[{"t":"S","f":"Op","v":["B","==",[{"t":"S","f":"V","v":["I","x"]},{"t":"S","f":"Lit","v":["B",{"t":"Lit","f":"Bool","v":false}]}]]}]}}}},{"name":"inteq","spec":{"treetp":"spec","args":[{"t":"tpv","tp":"I","n":"x"},{"t":"tpv","tp":"I","n":"y"},{"t":"tpv","tp":"B","n":"bool0"}],"specbody":{"treetp":"ff","qv":[],"body":{"t":"E","f":"EAtom","v":[{"t":"S","f":"Op","v":["B","==",[{"t":"S","f":"Op","v":["B","==",[{"t":"S","f":"V","v":["I","x"]},{"t":"S","f":"V","v":["I","y"]}]]},{"t":"S","f":"V","v":["B","bool0"]}]]}]}}}},{"name":"intadd","spec":{"treetp":"spec","args":[{"t":"tpv","tp":"I","n":"x"},{"t":"tpv","tp":"I","n":"y"},{"t":"tpv","tp":"I","n":"z"}],"specbody":{"treetp":"ff","qv":[],"body":{"t":"E","f":"EAtom","v":[{"t":"S","f":"Op","v":["B","==",[{"t":"S","f":"Op","v":["B","+",[{"t":"S","f":"V","v":["I","x"]},{"t":"S","f":"V","v":["I","y"]}]]},{"t":"S","f":"V","v":["I","z"]}]]}]}}}},{"name":"gt","spec":{"treetp":"spec","args":[{"t":"tpv","tp":"I","n":"x"},{"t":"tpv","tp":"I","n":"y"},{"t":"tpv","tp":"B","n":"bool0"}],"specbody":{"treetp":"ff","qv":[],"body":{"t":"E","f":"EAtom","v":[{"t":"S","f":"Op","v":["B","==",[{"t":"S","f":"Op","v":["B",">",[{"t":"S","f":"V","v":["I","x"]},{"t":"S","f":"V","v":["I","y"]}]]},{"t":"S","f":"V","v":["B","bool0"]}]]}]}}}},{"name":"equal","spec":{"treetp":"spec","args":[{"t":"tpv","tp":"I","n":"x"},{"t":"tpv","tp":"I","n":"y"}],"specbody":{"treetp":"ff","qv":[],"body":{"t":"E","f":"EAtom","v":[{"t":"S","f":"Op","v":["B","==",[{"t":"S","f":"V","v":["I","x"]},{"t":"S","f":"V","v":["I","y"]}]]}]}}}},{"name":"R","spec":{"treetp":"spec","args":[{"t":"tpv","tp":"B","n":"a"}],"specbody":{"treetp":"ff","qv":[],"body":{"t":"E","f":"EAtom","v":[{"t":"S","f":"Op","v":["B","==",[{"t":"S","f":"V","v":["ITB","a"]},{"t":"S","f":"Lit","v":["B",{"t":"Lit","f":"Bool","v":true}]}]]}]}}}},{"name":"Plus","spec":{"treetp":"spec","args":[{"t":"tpv","tp":"I","n":"x"},{"t":"tpv","tp":"I","n":"y"},{"t":"tpv","tp":"I","n":"z"}],"specbody":{"treetp":"ff","qv":[],"body":{"t":"E","f":"EAtom","v":[{"t":"S","f":"Op","v":["B","==",[{"t":"S","f":"Op","v":["I","+",[{"t":"S","f":"V","v":["I","x"]},{"t":"S","f":"V","v":["I","y"]}]]},{"t":"S","f":"V","v":["I","z"]}]]}]}}}},{"name":"Le","spec":{"treetp":"spec","args":[{"t":"tpv","tp":"I","n":"x"},{"t":"tpv","tp":"I","n":"y"}],"specbody":{"treetp":"ff","qv":[],"body":{"t":"E","f":"EAtom","v":[{"t":"S","f":"Op","v":["B","<=",[{"t":"S","f":"V","v":["I","x"]},{"t":"S","f":"V","v":["I","y"]}]]}]}}}},{"name":"BalancePre","spec":{"treetp":"spec","args":[{"t":"tpv","tp":"B","n":"r1"},{"t":"tpv","tp":"ITB","n":"tree1"},{"t":"tpv","tp":"I","n":"x"},{"t":"tpv","tp":"ITB","n":"tree2"},{"t":"tpv","tp":"ITB","n":"tree3"}],"specbody":{"treetp":"ff","qv":[],"body":{"t":"E","f":"ETrue","v":[]}}}},{"name":"BalancePost","spec":{"treetp":"spec","args":[{"t":"tpv","tp":"B","n":"r1"},{"t":"tpv","tp":"ITB","n":"tree1"},{"t":"tpv","tp":"I","n":"x"},{"t":"tpv","tp":"ITB","n":"tree2"},{"t":"tpv","tp":"ITB","n":"tree3"}],"specbody":{"treetp":"ff","qv":[{"t":"tpv","tp":"I","n":"u"}],"body":{"t":"E","f":"EAnd","v":[{"t":"E","f":"EIff","v":[{"t":"E","f":"EAtom","v":[{"t":"S","f":"Op","v":["B","treeb_member",[{"t":"S","f":"V","v":["ITB","tree3"]},{"t":"S","f":"V","v":["I","u"]}]]}]},{"t":"E","f":"EOr","v":[{"t":"E","f":"EAtom","v":[{"t":"S","f":"Op","v":["B","treeb_member",[{"t":"S","f":"V","v":["ITB","tree1"]},{"t":"S","f":"V","v":["I","u"]}]]}]},{"t":"E","f":"EAtom","v":[{"t":"S","f":"Op","v":["B","treeb_member",[{"t":"S","f":"V","v":["ITB","tree2"]},{"t":"S","f":"V","v":["I","u"]}]]}]},{"t":"E","f":"EAtom","v":[{"t":"S","f":"Op","v":["B","==",[{"t":"S","f":"V","v":["I","u"]},{"t":"S","f":"V","v":["I","x"]}]]}]}]}]}]}}}},{"name":"B","spec":{"treetp":"spec","args":[{"t":"tpv","tp":"B","n":"a"}],"specbody":{"treetp":"ff","qv":[],"body":{"t":"E","f":"ENot","v":[{"t":"E","f":"EAtom","v":[{"t":"S","f":"Op","v":["B","==",[{"t":"S","f":"V","v":["ITB","a"]},{"t":"S","f":"Lit","v":["B",{"t":"Lit","f":"Bool","v":true}]}]]}]}]}}}}],"vars":[{"t":"tpv","tp":"I","n":"x"},{"t":"tpv","tp":"I","n":"y"}],"inputs":[{"t":"tpv","tp":"B","n":"r"},{"t":"tpv","tp":"ITB","n":"tree1"},{"t":"tpv","tp":"I","n":"x"},{"t":"tpv","tp":"ITB","n":"tree2"}],"outputs":[{"t":"tpv","tp":"ITB","n":"tree3"}]},"envs":[{"current":{"additional_dt":{"fd":"Node","a":0,"l":{"fd":"Node","a":8,"l":{"fd":"Node","a":9,"l":{"fd":"Node","a":6,"l":true,"r":{"fd":"Node","a":4,"l":true,"r":{"fd":"Node","a":1,"l":true,"r":false}}},"r":true},"r":{"fd":"Node","a":9,"l":true,"r":{"fd":"Node","a":3,"l":{"fd":"Node","a":2,"l":{"fd":"Node","a":1,"l":{"fd":"Node","a":4,"l":{"fd":"Node","a":5,"l":{"fd":"Node","a":6,"l":{"fd":"Node","a":7,"l":false,"r":true},"r":{"fd":"Node","a":7,"l":true,"r":false}},"r":true},"r":{"fd":"Node","a":5,"l":true,"r":{"fd":"Node","a":6,"l":{"fd":"Node","a":7,"l":false,"r":true},"r":{"fd":"Node","a":7,"l":true,"r":false}}}},"r":true},"r":{"fd":"Node","a":1,"l":true,"r":{"fd":"Node","a":4,"l":{"fd":"Node","a":5,"l":{"fd":"Node","a":6,"l":{"fd":"Node","a":7,"l":false,"r":true},"r":{"fd":"Node","a":7,"l":true,"r":false}},"r":true},"r":{"fd":"Node","a":5,"l":true,"r":{"fd":"Node","a":6,"l":false,"r":true}}}}},"r":{"fd":"Node","a":7,"l":{"fd":"Node","a":6,"l":{"fd":"Node","a":1,"l":{"fd":"Node","a":2,"l":{"fd":"Node","a":4,"l":{"fd":"Node","a":5,"l":false,"r":true},"r":{"fd":"Node","a":5,"l":true,"r":false}},"r":true},"r":{"fd":"Node","a":2,"l":true,"r":{"fd":"Node","a":4,"l":{"fd":"Node","a":5,"l":false,"r":true},"r":{"fd":"Node","a":5,"l":true,"r":false}}}},"r":true},"r":{"fd":"Node","a":6,"l":true,"r":{"fd":"Node","a":5,"l":{"fd":"Node","a":4,"l":{"fd":"Node","a":1,"l":{"fd":"Node","a":2,"l":false,"r":true},"r":{"fd":"Node","a":2,"l":true,"r":false}},"r":true},"r":{"fd":"Node","a":1,"l":{"fd":"Node","a":4,"l":true,"r":false},"r":true}}}}}}},"r":true},"additional_spec":{"treetp":"spec","args":[{"t":"tpv","tp":"B","n":"b_0"},{"t":"tpv","tp":"ITB","n":"itb_0"},{"t":"tpv","tp":"I","n":"i_0"},{"t":"tpv","tp":"ITB","n":"itb_1"},{"t":"tpv","tp":"ITB","n":"itb_2"}],"specbody":{"treetp":"ff","qv":[{"t":"tpv","tp":"I","n":"u_0"},{"t":"tpv","tp":"I","n":"u_1"}],"body":{"t":"E","f":"EOr","v":[{"t":"E","f":"ENot","v":[{"t":"E","f":"EAtom","v":[{"t":"S","f":"Op","v":["B","==",[{"t":"S","f":"V","v":["I","u_1"]},{"t":"S","f":"V","v":["I","u_0"]}]]}]}]},{"t":"E","f":"EIte","v":[{"t":"E","f":"EAtom","v":[{"t":"S","f":"Op","v":["B","treeb_member",[{"t":"S","f":"V","v":["ITB","itb_2"]},{"t":"S","f":"V","v":["I","u_0"]}]]}]},{"t":"E","f":"EOr","v":[{"t":"E","f":"EAtom","v":[{"t":"S","f":"Op","v":["B","treeb_member",[{"t":"S","f":"V","v":["ITB","itb_1"]},{"t":"S","f":"V","v":["I","u_0"]}]]}]},{"t":"E","f":"EOr","v":[{"t":"E","f":"EAtom","v":[{"t":"S","f":"Op","v":["B","treeb_member",[{"t":"S","f":"V","v":["ITB","itb_0"]},{"t":"S","f":"V","v":["I","u_0"]}]]}]},{"t":"E","f":"EAtom","v":[{"t":"S","f":"Op","v":["B","==",[{"t":"S","f":"V","v":["I","u_0"]},{"t":"S","f":"V","v":["I","i_0"]}]]}]}]}]},{"t":"E","f":"EIte","v":[{"t":"E","f":"EAtom","v":[{"t":"S","f":"V","v":["B","b_0"]}]},{"t":"E","f":"EIte","v":[{"t":"E","f":"EAtom","v":[{"t":"S","f":"Op","v":["B","==",[{"t":"S","f":"V","v":["I","u_0"]},{"t":"S","f":"V","v":["I","i_0"]}]]}]},{"t":"E","f":"ENot","v":[{"t":"E","f":"EAtom","v":[{"t":"S","f":"Op","v":["B","==",[{"t":"S","f":"V","v":["I","i_0"]},{"t":"S","f":"V","v":["I","i_0"]}]]}]}]},{"t":"E","f":"EAnd","v":[{"t":"E","f":"ENot","v":[{"t":"E","f":"EAtom","v":[{"t":"S","f":"Op","v":["B","treeb_member",[{"t":"S","f":"V","v":["ITB","itb_0"]},{"t":"S","f":"V","v":["I","u_0"]}]]}]}]},{"t":"E","f":"ENot","v":[{"t":"E","f":"EAtom","v":[{"t":"S","f":"Op","v":["B","treeb_member",[{"t":"S","f":"V","v":["ITB","itb_1"]},{"t":"S","f":"V","v":["I","u_0"]}]]}]}]}]}]},{"t":"E","f":"EIte","v":[{"t":"E","f":"EAtom","v":[{"t":"S","f":"Op","v":["B","treeb_member",[{"t":"S","f":"V","v":["ITB","itb_1"]},{"t":"S","f":"V","v":["I","u_0"]}]]}]},{"t":"E","f":"EAnd","v":[{"t":"E","f":"EAtom","v":[{"t":"S","f":"Op","v":["B","==",[{"t":"S","f":"V","v":["I","u_0"]},{"t":"S","f":"V","v":["I","i_0"]}]]}]},{"t":"E","f":"ENot","v":[{"t":"E","f":"EAtom","v":[{"t":"S","f":"Op","v":["B","==",[{"t":"S","f":"V","v":["I","i_0"]},{"t":"S","f":"V","v":["I","i_0"]}]]}]}]}]},{"t":"E","f":"EIte","v":[{"t":"E","f":"EAtom","v":[{"t":"S","f":"Op","v":["B","treeb_member",[{"t":"S","f":"V","v":["ITB","itb_0"]},{"t":"S","f":"V","v":["I","u_0"]}]]}]},{"t":"E","f":"EAnd","v":[{"t":"E","f":"EAtom","v":[{"t":"S","f":"Op","v":["B","==",[{"t":"S","f":"V","v":["I","u_0"]},{"t":"S","f":"V","v":["I","i_0"]}]]}]},{"t":"E","f":"ENot","v":[{"t":"E","f":"EAtom","v":[{"t":"S","f":"Op","v":["B","==",[{"t":"S","f":"V","v":["I","i_0"]},{"t":"S","f":"V","v":["I","i_0"]}]]}]}]}]},{"t":"E","f":"EOr","v":[{"t":"E","f":"ENot","v":[{"t":"E","f":"EAtom","v":[{"t":"S","f":"Op","v":["B","==",[{"t":"S","f":"V","v":["I","u_0"]},{"t":"S","f":"V","v":["I","i_0"]}]]}]}]},{"t":"E","f":"EAtom","v":[{"t":"S","f":"Op","v":["B","treeb_member",[{"t":"S","f":"V","v":["ITB","itb_0"]},{"t":"S","f":"V","v":["I","i_0"]}]]}]}]}]}]}]}]}]}}},"init_dt":{"fd":"Node","a":9,"l":{"fd":"Node","a":2,"l":true,"r":{"fd":"Node","a":5,"l":true,"r":{"fd":"Node","a":7,"l":true,"r":false}}},"r":{"fd":"Node","a":5,"l":false,"r":{"fd":"Node","a":2,"l":false,"r":{"fd":"Node","a":7,"l":false,"r":true}}}},"init_spec":{"treetp":"spec","args":[{"t":"tpv","tp":"B","n":"b_0"},{"t":"tpv","tp":"ITB","n":"itb_0"},{"t":"tpv","tp":"I","n":"i_0"},{"t":"tpv","tp":"ITB","n":"itb_1"},{"t":"tpv","tp":"ITB","n":"itb_2"}],"specbody":{"treetp":"ff","qv":[{"t":"tpv","tp":"I","n":"u_0"},{"t":"tpv","tp":"I","n":"u_1"}],"body":{"t":"E","f":"EIte","v":[{"t":"E","f":"EAtom","v":[{"t":"S","f":"Op","v":["B","treeb_member",[{"t":"S","f":"V","v":["ITB","itb_2"]},{"t":"S","f":"V","v":["I","u_0"]}]]}]},{"t":"E","f":"EOr","v":[{"t":"E","f":"EAtom","v":[{"t":"S","f":"Op","v":["B","==",[{"t":"S","f":"V","v":["I","u_0"]},{"t":"S","f":"V","v":["I","i_0"]}]]}]},{"t":"E","f":"EOr","v":[{"t":"E","f":"EAtom","v":[{"t":"S","f":"Op","v":["B","treeb_member",[{"t":"S","f":"V","v":["ITB","itb_0"]},{"t":"S","f":"V","v":["I","u_0"]}]]}]},{"t":"E","f":"EAtom","v":[{"t":"S","f":"Op","v":["B","treeb_member",[{"t":"S","f":"V","v":["ITB","itb_1"]},{"t":"S","f":"V","v":["I","u_0"]}]]}]}]}]},{"t":"E","f":"EAnd","v":[{"t":"E","f":"ENot","v":[{"t":"E","f":"EAtom","v":[{"t":"S","f":"Op","v":["B","treeb_member",[{"t":"S","f":"V","v":["ITB","itb_0"]},{"t":"S","f":"V","v":["I","u_0"]}]]}]}]},{"t":"E","f":"EAnd","v":[{"t":"E","f":"ENot","v":[{"t":"E","f":"EAtom","v":[{"t":"S","f":"Op","v":["B","==",[{"t":"S","f":"V","v":["I","u_0"]},{"t":"S","f":"V","v":["I","i_0"]}]]}]}]},{"t":"E","f":"ENot","v":[{"t":"E","f":"EAtom","v":[{"t":"S","f":"Op","v":["B","treeb_member",[{"t":"S","f":"V","v":["ITB","itb_1"]},{"t":"S","f":"V","v":["I","u_0"]}]]}]}]}]}]}]}}}},"qv":[{"t":"tpv","tp":"I","n":"u_0"},{"t":"tpv","tp":"I","n":"u_1"}],"fset":[{"fd":"Base","pred":"==","a":"u_1","b":"u_0"},{"fd":"Base","pred":"==","a":"u_1","b":"i_0"},{"fd":"Base","pred":"==","a":"u_0","b":"i_0"},{"fd":"Bo","a":"b_0"},{"fd":"Pr","pred":"treeb_member","args":["itb_0"],"args'":["u_1"]},{"fd":"Pr","pred":"treeb_member","args":["itb_0"],"args'":["u_0"]},{"fd":"Pr","pred":"treeb_member","args":["itb_1"],"args'":["u_1"]},{"fd":"Pr","pred":"treeb_member","args":["itb_1"],"args'":["u_0"]},{"fd":"Pr","pred":"treeb_member","args":["itb_2"],"args'":["u_1"]},{"fd":"Pr","pred":"treeb_member","args":["itb_2"],"args'":["u_0"]}],"hole":{"name":"t","args":[{"t":"tpv","tp":"B","n":"b_0"},{"t":"tpv","tp":"ITB","n":"itb_0"},{"t":"tpv","tp":"I","n":"i_0"},{"t":"tpv","tp":"ITB","n":"itb_1"},{"t":"tpv","tp":"ITB","n":"itb_2"}]},"unknown_fv":[{"t":"tpv","tp":"B","n":"_fv!0"},{"t":"tpv","tp":"B","n":"_fv!1"},{"t":"tpv","tp":"B","n":"_fv!2"},{"t":"tpv","tp":"B","n":"_fv!3"},{"t":"tpv","tp":"B","n":"_fv!4"},{"t":"tpv","tp":"B","n":"_fv!5"},{"t":"tpv","tp":"B","n":"_fv!6"},{"t":"tpv","tp":"B","n":"_fv!7"},{"t":"tpv","tp":"B","n":"_fv!8"},{"t":"tpv","tp":"B","n":"_fv!9"}],"fvtab":[{"v":"ffftffffft","l":0},{"v":"fftffftfft","l":0},{"v":"ftftftfftt","l":0},{"v":"fftftffttf","l":0},{"v":"ffftfffftf","l":0},{"v":"tfftfftttt","l":0},{"v":"ttttfftfff","l":0},{"v":"fftttffttf","l":0},{"v":"fffttfftff","l":0},{"v":"tffffftftt","l":0},{"v":"ftftftfftf","l":0},{"v":"ftftffffff","l":0},{"v":"ffftttffff","l":0},{"v":"tfffttftff","l":0},{"v":"ftfffftftf","l":0},{"v":"fffffftfff","l":0},{"v":"tfffttfftt","l":0},{"v":"tttffftfff","l":0},{"v":"ffttfttttf","l":0},{"v":"ttttfftttt","l":0},{"v":"fftttfffft","l":0},{"v":"fftfttfftf","l":0},{"v":"ftfttfftft","l":0},{"v":"tfftttftff","l":0},{"v":"tftffffftf","l":0},{"v":"tttfffttff","l":2},{"v":"tttffffftf","l":0},{"v":"tfffffftff","l":0},{"v":"tttttttfff","l":0},{"v":"fffttfffft","l":0},{"v":"ttttttftff","l":0},{"v":"fttfftftff","l":0},{"v":"fftttttfff","l":0},{"v":"ffftftfftf","l":0},{"v":"ftttfftttf","l":0},{"v":"fftfftfftf","l":0},{"v":"tffftttfff","l":0},{"v":"tttffftttt","l":0},{"v":"tffttttfff","l":0},{"v":"fffftffttf","l":0},{"v":"ftfftfffff","l":0},{"v":"fttffffttf","l":0},{"v":"fffffftttf","l":0},{"v":"tttfftffff","l":0},{"v":"tttttfffff","l":0},{"v":"fftffffftf","l":0},{"v":"ttffftfftf","l":0},{"v":"tftfttttff","l":0},{"v":"fffffftftf","l":0},{"v":"ffftfttfff","l":0},{"v":"fffftfftff","l":0},{"v":"tftfffttff","l":0},{"v":"tffftttttt","l":0},{"v":"tftfttffff","l":0},{"v":"tttftfttff","l":0},{"v":"ftttfffttf","l":0},{"v":"ttttftffff","l":0},{"v":"tttffffftt","l":0},{"v":"ttftttffff","l":0},{"v":"ftftfttftt","l":0},{"v":"ftfttffttt","l":0},{"v":"ttftffftff","l":0},{"v":"fftfttftff","l":0},{"v":"tfttttffff","l":0},{"v":"tttfffffff","l":2},{"v":"tffttffftt","l":0},{"v":"ttfffffttf","l":0},{"v":"ffttftftff","l":0},{"v":"ttffftffff","l":0},{"v":"ttttttfftt","l":0},{"v":"ftfttfffff","l":0},{"v":"tftftfffff","l":0},{"v":"ftfffftttf","l":0},{"v":"fffftftfff","l":0},{"v":"fttftfffff","l":0},{"v":"ftftfffttt","l":0},{"v":"tfftffffft","l":0},{"v":"fftffttttf","l":0},{"v":"tfttffffff","l":0},{"v":"tfffftffff","l":0},{"v":"tttfttffff","l":2},{"v":"fftfffftff","l":0},{"v":"fffftfttff","l":0},{"v":"ftfttftfff","l":0},{"v":"ffftttftff","l":0},{"v":"ffffftfftf","l":0},{"v":"ftffftttft","l":0},{"v":"tfffttfftf","l":0},{"v":"tfffffffff","l":0},{"v":"ttffffffft","l":0},{"v":"tfffttffff","l":2},{"v":"tftfttfftf","l":0},{"v":"ffttfttftf","l":0},{"v":"ffffftftff","l":0},{"v":"ttffffttff","l":0},{"v":"ffftffffff","l":0},{"v":"tfftttffff","l":2},{"v":"tffttffttf","l":0},{"v":"fftttffttt","l":0},{"v":"fftfffftft","l":0},{"v":"ttttffttff","l":2},{"v":"ttttftttff","l":0},{"v":"fftttftfft","l":0},{"v":"fftfffffft","l":0},{"v":"ftftftfttf","l":0},{"v":"tffffftttt","l":0},{"v":"tfftftfftf","l":0},{"v":"fftffttftf","l":0},{"v":"ffffftffff","l":0},{"v":"ftftfffttf","l":0},{"v":"ffttffftft","l":0},{"v":"ttttffftff","l":0},{"v":"ffttfttftt","l":0},{"v":"ffttftttff","l":0},{"v":"ffttfftftf","l":0},{"v":"ffffffffft","l":0},{"v":"tftffftfff","l":0},{"v":"tfftftffff","l":0},{"v":"fttftffttf","l":0},{"v":"tfftttttff","l":2},{"v":"ttffttttff","l":0},{"v":"fffftffftf","l":0},{"v":"fftftffftf","l":0},{"v":"ffttffffff","l":0},{"v":"ffftftffft","l":0},{"v":"ttttfffftt","l":0},{"v":"tttfftttff","l":0},{"v":"ttttttffff","l":2},{"v":"ftftfftftf","l":0},{"v":"ffttfffttf","l":0},{"v":"tttftfffff","l":0},{"v":"ttttttttff","l":2},{"v":"fftftfffft","l":0},{"v":"tffftfffft","l":0},{"v":"fftffftftt","l":0},{"v":"fffttfffff","l":0},{"v":"ftffftfftf","l":0},{"v":"fffftftftf","l":0},{"v":"fftfftffff","l":0},{"v":"ftfffftfff","l":0},{"v":"ffftffftft","l":0},{"v":"tffftfftff","l":0},{"v":"ffttfffftf","l":0},{"v":"ffftftftff","l":0},{"v":"tttfffftff","l":0},{"v":"ttftftffff","l":0},{"v":"fftfftftff","l":0},{"v":"fftttffftt","l":0},{"v":"ffttftffft","l":0},{"v":"ftfttfttft","l":0},{"v":"ffttffffft","l":0},{"v":"ftftfffftf","l":0},{"v":"fffffffftf","l":0},{"v":"ffffftfttf","l":0},{"v":"ffftfftfff","l":0},{"v":"ttffffftff","l":0},{"v":"fftffttfff","l":0},{"v":"ffffttttff","l":0},{"v":"ftftffttft","l":0},{"v":"ffffffftff","l":0},{"v":"ffftfffttf","l":0},{"v":"ffftfftftf","l":0},{"v":"fftfffffff","l":0},{"v":"ftffftffff","l":0},{"v":"ffftttfttf","l":0},{"v":"ffttffftff","l":0},{"v":"ffttfftfft","l":0},{"v":"ftffffffft","l":0},{"v":"ffttfftttf","l":0},{"v":"tfftftttff","l":0},{"v":"ftttffffff","l":0},{"v":"tfffffttff","l":2},{"v":"fffftfffff","l":0},{"v":"ffftfffftt","l":0},{"v":"ftffffffff","l":0},{"v":"fftftftfft","l":0},{"v":"ftftffffft","l":0},{"v":"fftfttttff","l":0},{"v":"ftfffttfft","l":0},{"v":"fftttfffff","l":0},{"v":"tfffttttff","l":2},{"v":"ftfffffftf","l":0},{"v":"ttftffttff","l":0},{"v":"tfftffttff","l":2},{"v":"tffffffftt","l":2},{"v":"ffftffftff","l":0},{"v":"ftfftftfff","l":0},{"v":"ttfttttfff","l":0},{"v":"ffftftffff","l":0},{"v":"tfffftttff","l":0},{"v":"ffttttftff","l":0},{"v":"ftfffffttf","l":0},{"v":"ftftfftfff","l":0},{"v":"tffffffttf","l":0},{"v":"fffttffftf","l":0},{"v":"fffttffttt","l":0},{"v":"tffttfttff","l":0},{"v":"ffttftffff","l":0},{"v":"fttfftfftf","l":0},{"v":"ttffttffff","l":0},{"v":"fftftftttf","l":0},{"v":"ffftfttftt","l":0},{"v":"ftftfttfft","l":0},{"v":"ftttfttfff","l":0},{"v":"ffffftffft","l":0},{"v":"tffftfttff","l":0},{"v":"ffttttfftf","l":0},{"v":"tttfttttff","l":2},{"v":"tfftttfftt","l":0},{"v":"fffttftfff","l":0},{"v":"ftfffffttt","l":0},{"v":"fffttttfft","l":0},{"v":"ftffffftff","l":0},{"v":"fffffttftf","l":0},{"v":"ffffffftft","l":0},{"v":"ffffftftft","l":0},{"v":"ffttfftftt","l":0},{"v":"ffffffffff","l":0},{"v":"ftfttffftf","l":0},{"v":"ftffftfttf","l":0},{"v":"ttttffffff","l":2},{"v":"ftfftfftft","l":0},{"v":"tfftfffftt","l":2},{"v":"tftfftffff","l":0},{"v":"tfftffffff","l":0},{"v":"tttfttftff","l":0},{"v":"tftffffttf","l":0},{"v":"tfffffffft","l":0}],"if_maximal":true}]}